[     308ms] [WARNING] [Fast Refresh] performing full reload

Fast Refresh will perform a full reload when you edit a file that's imported by modules outside of the React rendering tree.
You might have a file which exports a React component but also exports a value that is imported by a non-React component file.
Consider migrating the non-React component export to a separate file and importing it into both files.

It is also possible the parent component of the component you edited is a class component, which disables Fast Refresh.
Fast Refresh requires at least one parent function component in your React tree. @ webpack-internal:///(pages-dir-browser)/./node_modules/next/dist/client/dev/hot-reloader/pages/hot-reloader-pages.js:345
[     311ms] [ERROR] Failed to load resource: the server responded with a status of 500 (Internal Server Error) @ http://localhost:3000/training:0
[     741ms] [INFO] %cDownload the React DevTools for a better development experience: https://reactjs.org/link/react-devtools font-weight:bold @ webpack-internal:///(pages-dir-browser)/./node_modules/react-dom/cjs/react-dom.development.js:29889
[     774ms] TypeError: __webpack_modules__[moduleId] is not a function
    at __webpack_require__ (file://C:\Users\Usuario\Documents\Projects\retoPescanova\frontend\.next\server\webpack-runtime.js:25:42)
    at eval (webpack-internal:///(rsc)/./node_modules/next/dist/server/app-render/encryption-utils.js:40:35)
    at <unknown> (rsc)/./node_modules/next/dist/server/app-render/encryption-utils.js (C:\Users\Usuario\Documents\Projects\retoPescanova\frontend\.next\server\vendor-chunks\next.js:1773:1)
    at __webpack_require__ (file://C:\Users\Usuario\Documents\Projects\retoPescanova\frontend\.next\server\webpack-runtime.js:25:42)
    at eval (webpack-internal:///(rsc)/./node_modules/next/dist/build/webpack/loaders/next-app-loader/index.js?name=app%2Ftraining%2Fpage&page=%2Ftraining%2Fpage&appPaths=%2Ftraining%2Fpage&pagePath=private-next-app-dir%2Ftraining%2Fpage.tsx&appDir=C%3A%5CUsers%5CUsuario%5CDocuments%5CProjects%5CretoPescanova%5Cfrontend%5Capp&pageExtensions=tsx&pageExtensions=ts&pageExtensions=jsx&pageExtensions=js&rootDir=C%3A%5CUsers%5CUsuario%5CDocuments%5CProjects%5CretoPescanova%5Cfrontend&isDev=true&tsconfigPath=tsconfig.json&basePath=&assetPrefix=&nextConfigOutput=standalone&preferredRegion=&middlewareConfig=e30%3D&isGlobalNotFoundEnabled=!:28:103)
    at <unknown> (rsc)/./node_modules/next/dist/build/webpack/loaders/next-app-loader/index.js?name=app%2Ftraining%2Fpage&page=%2Ftraining%2Fpage&appPaths=%2Ftraining%2Fpage&pagePath=private-next-app-dir%2Ftraining%2Fpage.tsx&appDir=C%3A%5CUsers%5CUsuario%5CDocuments%5CProjects%5CretoPescanova%5Cfrontend%5Capp&pageExtensions=tsx&pageExtensions=ts&pageExtensions=jsx&pageExtensions=js&rootDir=C%3A%5CUsers%5CUsuario%5CDocuments%5CProjects%5CretoPescanova%5Cfrontend&isDev=true&tsconfigPath=tsconfig.json&basePath=&assetPrefix=&nextConfigOutput=standalone&preferredRegion=&middlewareConfig=e30%3D&isGlobalNotFoundEnabled=! (C:\Users\Usuario\Documents\Projects\retoPescanova\frontend\.next\server\app\training\page.js:66:1)
    at __webpack_require__ (file://C:\Users\Usuario\Documents\Projects\retoPescanova\frontend\.next\server\webpack-runtime.js:25:42)
    at __webpack_exec__ (file://C:\Users\Usuario\Documents\Projects\retoPescanova\frontend\.next\server\app\training\page.js:433:39)
    at <unknown> (file://C:\Users\Usuario\Documents\Projects\retoPescanova\frontend\.next\server\app\training\page.js:434:268)
    at __webpack_require__.X (file://C:\Users\Usuario\Documents\Projects\retoPescanova\frontend\.next\server\webpack-runtime.js:155:21)
    at <unknown> (file://C:\Users\Usuario\Documents\Projects\retoPescanova\frontend\.next\server\app\training\page.js:434:47)
    at Object.<anonymous> (file://C:\Users\Usuario\Documents\Projects\retoPescanova\frontend\.next\server\app\training\page.js:437:3)
    at Module._compile (node:internal/modules/cjs/loader:1730:14)
    at Object..js (node:internal/modules/cjs/loader:1895:10)
    at Module.load (node:internal/modules/cjs/loader:1465:32)
    at Function._load (node:internal/modules/cjs/loader:1282:12)
    at TracingChannel.traceSync (node:diagnostics_channel:322:14)
    at wrapModuleLoad (node:internal/modules/cjs/loader:235:24)
    at Module.<anonymous> (node:internal/modules/cjs/loader:1487:12)
    at mod.require (file://C:\Users\Usuario\Documents\Projects\retoPescanova\frontend\node_modules\next\dist\server\require-hook.js:68:28)
    at require (node:internal/modules/helpers:135:16)
    at requirePage (file://C:\Users\Usuario\Documents\Projects\retoPescanova\frontend\node_modules\next\dist\server\require.js:99:80)
    at loadComponentsImpl (file://C:\Users\Usuario\Documents\Projects\retoPescanova\frontend\node_modules\next\dist\server\load-components.js:132:57)
    at async DevServer.findPageComponentsImpl (file://C:\Users\Usuario\Documents\Projects\retoPescanova\frontend\node_modules\next\dist\server\next-server.js:900:36)
    at async DevServer.findPageComponents (file://C:\Users\Usuario\Documents\Projects\retoPescanova\frontend\node_modules\next\dist\server\dev\next-dev-server.js:706:16)
    at async DevServer.renderPageComponent (file://C:\Users\Usuario\Documents\Projects\retoPescanova\frontend\node_modules\next\dist\server\base-server.js:1468:24)
    at async DevServer.renderToResponseImpl (file://C:\Users\Usuario\Documents\Projects\retoPescanova\frontend\node_modules\next\dist\server\base-server.js:1522:32)
    at async DevServer.pipeImpl (file://C:\Users\Usuario\Documents\Projects\retoPescanova\frontend\node_modules\next\dist\server\base-server.js:1026:25)
    at async NextNodeServer.handleCatchallRenderRequest (file://C:\Users\Usuario\Documents\Projects\retoPescanova\frontend\node_modules\next\dist\server\next-server.js:394:17)
    at async DevServer.handleRequestImpl (file://C:\Users\Usuario\Documents\Projects\retoPescanova\frontend\node_modules\next\dist\server\base-server.js:917:17)
    at async (file://C:\Users\Usuario\Documents\Projects\retoPescanova\frontend\node_modules\next\dist\server\dev\next-dev-server.js:400:20)
    at async Span.traceAsyncFn (file://C:\Users\Usuario\Documents\Projects\retoPescanova\frontend\node_modules\next\dist\trace\trace.js:157:20)
    at async DevServer.handleRequest (file://C:\Users\Usuario\Documents\Projects\retoPescanova\frontend\node_modules\next\dist\server\dev\next-dev-server.js:396:24)
    at async invokeRender (file://C:\Users\Usuario\Documents\Projects\retoPescanova\frontend\node_modules\next\dist\server\lib\router-server.js:240:21)
    at async handleRequest (file://C:\Users\Usuario\Documents\Projects\retoPescanova\frontend\node_modules\next\dist\server\lib\router-server.js:437:24)
    at async requestHandlerImpl (file://C:\Users\Usuario\Documents\Projects\retoPescanova\frontend\node_modules\next\dist\server\lib\router-server.js:485:13)
    at async Server.requestListener (file://C:\Users\Usuario\Documents\Projects\retoPescanova\frontend\node_modules\next\dist\server\lib\start-server.js:226:13)
[     783ms] [LOG] [HMR] connected @ webpack-internal:///(pages-dir-browser)/./node_modules/next/dist/client/dev/hot-reloader/pages/websocket.js:45
[    3062ms] [ERROR] Failed to load resource: the server responded with a status of 404 (Not Found) @ http://localhost:3000/_next/static/webpack/119d7b6dd4a66877.webpack.hot-update.json:0
[    3062ms] [WARNING] [Fast Refresh] performing full reload because your application had an unrecoverable error @ webpack-internal:///(pages-dir-browser)/./node_modules/next/dist/client/dev/hot-reloader/pages/hot-reloader-pages.js:347
[    3362ms] [ERROR] Failed to load resource: the server responded with a status of 500 (Internal Server Error) @ http://localhost:3000/training:0
[    3774ms] [INFO] %cDownload the React DevTools for a better development experience: https://reactjs.org/link/react-devtools font-weight:bold @ webpack-internal:///(pages-dir-browser)/./node_modules/react-dom/cjs/react-dom.development.js:29889
[    3801ms] TypeError: __webpack_modules__[moduleId] is not a function
    at __webpack_require__ (file://C:\Users\Usuario\Documents\Projects\retoPescanova\frontend\.next\server\webpack-runtime.js:25:42)
    at eval (webpack-internal:///(rsc)/./node_modules/next/dist/server/app-render/encryption-utils.js:40:35)
    at <unknown> (rsc)/./node_modules/next/dist/server/app-render/encryption-utils.js (C:\Users\Usuario\Documents\Projects\retoPescanova\frontend\.next\server\vendor-chunks\next.js:1773:1)
    at __webpack_require__ (file://C:\Users\Usuario\Documents\Projects\retoPescanova\frontend\.next\server\webpack-runtime.js:25:42)
    at eval (webpack-internal:///(rsc)/./node_modules/next/dist/build/webpack/loaders/next-app-loader/index.js?name=app%2Ftraining%2Fpage&page=%2Ftraining%2Fpage&appPaths=%2Ftraining%2Fpage&pagePath=private-next-app-dir%2Ftraining%2Fpage.tsx&appDir=C%3A%5CUsers%5CUsuario%5CDocuments%5CProjects%5CretoPescanova%5Cfrontend%5Capp&pageExtensions=tsx&pageExtensions=ts&pageExtensions=jsx&pageExtensions=js&rootDir=C%3A%5CUsers%5CUsuario%5CDocuments%5CProjects%5CretoPescanova%5Cfrontend&isDev=true&tsconfigPath=tsconfig.json&basePath=&assetPrefix=&nextConfigOutput=standalone&preferredRegion=&middlewareConfig=e30%3D&isGlobalNotFoundEnabled=!:28:103)
    at <unknown> (rsc)/./node_modules/next/dist/build/webpack/loaders/next-app-loader/index.js?name=app%2Ftraining%2Fpage&page=%2Ftraining%2Fpage&appPaths=%2Ftraining%2Fpage&pagePath=private-next-app-dir%2Ftraining%2Fpage.tsx&appDir=C%3A%5CUsers%5CUsuario%5CDocuments%5CProjects%5CretoPescanova%5Cfrontend%5Capp&pageExtensions=tsx&pageExtensions=ts&pageExtensions=jsx&pageExtensions=js&rootDir=C%3A%5CUsers%5CUsuario%5CDocuments%5CProjects%5CretoPescanova%5Cfrontend&isDev=true&tsconfigPath=tsconfig.json&basePath=&assetPrefix=&nextConfigOutput=standalone&preferredRegion=&middlewareConfig=e30%3D&isGlobalNotFoundEnabled=! (C:\Users\Usuario\Documents\Projects\retoPescanova\frontend\.next\server\app\training\page.js:66:1)
    at __webpack_require__ (file://C:\Users\Usuario\Documents\Projects\retoPescanova\frontend\.next\server\webpack-runtime.js:25:42)
    at __webpack_exec__ (file://C:\Users\Usuario\Documents\Projects\retoPescanova\frontend\.next\server\app\training\page.js:433:39)
    at <unknown> (file://C:\Users\Usuario\Documents\Projects\retoPescanova\frontend\.next\server\app\training\page.js:434:268)
    at __webpack_require__.X (file://C:\Users\Usuario\Documents\Projects\retoPescanova\frontend\.next\server\webpack-runtime.js:155:21)
    at <unknown> (file://C:\Users\Usuario\Documents\Projects\retoPescanova\frontend\.next\server\app\training\page.js:434:47)
    at Object.<anonymous> (file://C:\Users\Usuario\Documents\Projects\retoPescanova\frontend\.next\server\app\training\page.js:437:3)
    at Module._compile (node:internal/modules/cjs/loader:1730:14)
    at Object..js (node:internal/modules/cjs/loader:1895:10)
    at Module.load (node:internal/modules/cjs/loader:1465:32)
    at Function._load (node:internal/modules/cjs/loader:1282:12)
    at TracingChannel.traceSync (node:diagnostics_channel:322:14)
    at wrapModuleLoad (node:internal/modules/cjs/loader:235:24)
    at Module.<anonymous> (node:internal/modules/cjs/loader:1487:12)
    at mod.require (file://C:\Users\Usuario\Documents\Projects\retoPescanova\frontend\node_modules\next\dist\server\require-hook.js:68:28)
    at require (node:internal/modules/helpers:135:16)
    at requirePage (file://C:\Users\Usuario\Documents\Projects\retoPescanova\frontend\node_modules\next\dist\server\require.js:99:80)
    at loadComponentsImpl (file://C:\Users\Usuario\Documents\Projects\retoPescanova\frontend\node_modules\next\dist\server\load-components.js:132:57)
    at async DevServer.findPageComponentsImpl (file://C:\Users\Usuario\Documents\Projects\retoPescanova\frontend\node_modules\next\dist\server\next-server.js:900:36)
    at async DevServer.findPageComponents (file://C:\Users\Usuario\Documents\Projects\retoPescanova\frontend\node_modules\next\dist\server\dev\next-dev-server.js:706:16)
    at async DevServer.renderPageComponent (file://C:\Users\Usuario\Documents\Projects\retoPescanova\frontend\node_modules\next\dist\server\base-server.js:1468:24)
    at async DevServer.renderToResponseImpl (file://C:\Users\Usuario\Documents\Projects\retoPescanova\frontend\node_modules\next\dist\server\base-server.js:1522:32)
    at async DevServer.pipeImpl (file://C:\Users\Usuario\Documents\Projects\retoPescanova\frontend\node_modules\next\dist\server\base-server.js:1026:25)
    at async NextNodeServer.handleCatchallRenderRequest (file://C:\Users\Usuario\Documents\Projects\retoPescanova\frontend\node_modules\next\dist\server\next-server.js:394:17)
    at async DevServer.handleRequestImpl (file://C:\Users\Usuario\Documents\Projects\retoPescanova\frontend\node_modules\next\dist\server\base-server.js:917:17)
    at async (file://C:\Users\Usuario\Documents\Projects\retoPescanova\frontend\node_modules\next\dist\server\dev\next-dev-server.js:400:20)
    at async Span.traceAsyncFn (file://C:\Users\Usuario\Documents\Projects\retoPescanova\frontend\node_modules\next\dist\trace\trace.js:157:20)
    at async DevServer.handleRequest (file://C:\Users\Usuario\Documents\Projects\retoPescanova\frontend\node_modules\next\dist\server\dev\next-dev-server.js:396:24)
    at async invokeRender (file://C:\Users\Usuario\Documents\Projects\retoPescanova\frontend\node_modules\next\dist\server\lib\router-server.js:240:21)
    at async handleRequest (file://C:\Users\Usuario\Documents\Projects\retoPescanova\frontend\node_modules\next\dist\server\lib\router-server.js:437:24)
    at async requestHandlerImpl (file://C:\Users\Usuario\Documents\Projects\retoPescanova\frontend\node_modules\next\dist\server\lib\router-server.js:485:13)
    at async Server.requestListener (file://C:\Users\Usuario\Documents\Projects\retoPescanova\frontend\node_modules\next\dist\server\lib\start-server.js:226:13)
[    3800ms] [LOG] [HMR] connected @ webpack-internal:///(pages-dir-browser)/./node_modules/next/dist/client/dev/hot-reloader/pages/websocket.js:45
[    4358ms] [ERROR] Failed to load resource: the server responded with a status of 404 (Not Found) @ http://localhost:3000/_next/static/webpack/119d7b6dd4a66877.webpack.hot-update.json:0
[    4358ms] [WARNING] [Fast Refresh] performing full reload because your application had an unrecoverable error @ webpack-internal:///(pages-dir-browser)/./node_modules/next/dist/client/dev/hot-reloader/pages/hot-reloader-pages.js:347
[    4657ms] [ERROR] Failed to load resource: the server responded with a status of 500 (Internal Server Error) @ http://localhost:3000/training:0
[    5281ms] [INFO] %cDownload the React DevTools for a better development experience: https://reactjs.org/link/react-devtools font-weight:bold @ webpack-internal:///(pages-dir-browser)/./node_modules/react-dom/cjs/react-dom.development.js:29889
[    5307ms] TypeError: __webpack_modules__[moduleId] is not a function
    at __webpack_require__ (file://C:\Users\Usuario\Documents\Projects\retoPescanova\frontend\.next\server\webpack-runtime.js:25:42)
    at eval (webpack-internal:///(rsc)/./node_modules/next/dist/server/app-render/encryption-utils.js:40:35)
    at <unknown> (rsc)/./node_modules/next/dist/server/app-render/encryption-utils.js (C:\Users\Usuario\Documents\Projects\retoPescanova\frontend\.next\server\vendor-chunks\next.js:1773:1)
    at __webpack_require__ (file://C:\Users\Usuario\Documents\Projects\retoPescanova\frontend\.next\server\webpack-runtime.js:25:42)
    at eval (webpack-internal:///(rsc)/./node_modules/next/dist/build/webpack/loaders/next-app-loader/index.js?name=app%2Ftraining%2Fpage&page=%2Ftraining%2Fpage&appPaths=%2Ftraining%2Fpage&pagePath=private-next-app-dir%2Ftraining%2Fpage.tsx&appDir=C%3A%5CUsers%5CUsuario%5CDocuments%5CProjects%5CretoPescanova%5Cfrontend%5Capp&pageExtensions=tsx&pageExtensions=ts&pageExtensions=jsx&pageExtensions=js&rootDir=C%3A%5CUsers%5CUsuario%5CDocuments%5CProjects%5CretoPescanova%5Cfrontend&isDev=true&tsconfigPath=tsconfig.json&basePath=&assetPrefix=&nextConfigOutput=standalone&preferredRegion=&middlewareConfig=e30%3D&isGlobalNotFoundEnabled=!:28:103)
    at <unknown> (rsc)/./node_modules/next/dist/build/webpack/loaders/next-app-loader/index.js?name=app%2Ftraining%2Fpage&page=%2Ftraining%2Fpage&appPaths=%2Ftraining%2Fpage&pagePath=private-next-app-dir%2Ftraining%2Fpage.tsx&appDir=C%3A%5CUsers%5CUsuario%5CDocuments%5CProjects%5CretoPescanova%5Cfrontend%5Capp&pageExtensions=tsx&pageExtensions=ts&pageExtensions=jsx&pageExtensions=js&rootDir=C%3A%5CUsers%5CUsuario%5CDocuments%5CProjects%5CretoPescanova%5Cfrontend&isDev=true&tsconfigPath=tsconfig.json&basePath=&assetPrefix=&nextConfigOutput=standalone&preferredRegion=&middlewareConfig=e30%3D&isGlobalNotFoundEnabled=! (C:\Users\Usuario\Documents\Projects\retoPescanova\frontend\.next\server\app\training\page.js:66:1)
    at __webpack_require__ (file://C:\Users\Usuario\Documents\Projects\retoPescanova\frontend\.next\server\webpack-runtime.js:25:42)
    at __webpack_exec__ (file://C:\Users\Usuario\Documents\Projects\retoPescanova\frontend\.next\server\app\training\page.js:433:39)
    at <unknown> (file://C:\Users\Usuario\Documents\Projects\retoPescanova\frontend\.next\server\app\training\page.js:434:268)
    at __webpack_require__.X (file://C:\Users\Usuario\Documents\Projects\retoPescanova\frontend\.next\server\webpack-runtime.js:155:21)
    at <unknown> (file://C:\Users\Usuario\Documents\Projects\retoPescanova\frontend\.next\server\app\training\page.js:434:47)
    at Object.<anonymous> (file://C:\Users\Usuario\Documents\Projects\retoPescanova\frontend\.next\server\app\training\page.js:437:3)
    at Module._compile (node:internal/modules/cjs/loader:1730:14)
    at Object..js (node:internal/modules/cjs/loader:1895:10)
    at Module.load (node:internal/modules/cjs/loader:1465:32)
    at Function._load (node:internal/modules/cjs/loader:1282:12)
    at TracingChannel.traceSync (node:diagnostics_channel:322:14)
    at wrapModuleLoad (node:internal/modules/cjs/loader:235:24)
    at Module.<anonymous> (node:internal/modules/cjs/loader:1487:12)
    at mod.require (file://C:\Users\Usuario\Documents\Projects\retoPescanova\frontend\node_modules\next\dist\server\require-hook.js:68:28)
    at require (node:internal/modules/helpers:135:16)
    at requirePage (file://C:\Users\Usuario\Documents\Projects\retoPescanova\frontend\node_modules\next\dist\server\require.js:99:80)
    at loadComponentsImpl (file://C:\Users\Usuario\Documents\Projects\retoPescanova\frontend\node_modules\next\dist\server\load-components.js:132:57)
    at async DevServer.findPageComponentsImpl (file://C:\Users\Usuario\Documents\Projects\retoPescanova\frontend\node_modules\next\dist\server\next-server.js:900:36)
    at async DevServer.findPageComponents (file://C:\Users\Usuario\Documents\Projects\retoPescanova\frontend\node_modules\next\dist\server\dev\next-dev-server.js:706:16)
    at async DevServer.renderPageComponent (file://C:\Users\Usuario\Documents\Projects\retoPescanova\frontend\node_modules\next\dist\server\base-server.js:1468:24)
    at async DevServer.renderToResponseImpl (file://C:\Users\Usuario\Documents\Projects\retoPescanova\frontend\node_modules\next\dist\server\base-server.js:1522:32)
    at async DevServer.pipeImpl (file://C:\Users\Usuario\Documents\Projects\retoPescanova\frontend\node_modules\next\dist\server\base-server.js:1026:25)
    at async NextNodeServer.handleCatchallRenderRequest (file://C:\Users\Usuario\Documents\Projects\retoPescanova\frontend\node_modules\next\dist\server\next-server.js:394:17)
    at async DevServer.handleRequestImpl (file://C:\Users\Usuario\Documents\Projects\retoPescanova\frontend\node_modules\next\dist\server\base-server.js:917:17)
    at async (file://C:\Users\Usuario\Documents\Projects\retoPescanova\frontend\node_modules\next\dist\server\dev\next-dev-server.js:400:20)
    at async Span.traceAsyncFn (file://C:\Users\Usuario\Documents\Projects\retoPescanova\frontend\node_modules\next\dist\trace\trace.js:157:20)
    at async DevServer.handleRequest (file://C:\Users\Usuario\Documents\Projects\retoPescanova\frontend\node_modules\next\dist\server\dev\next-dev-server.js:396:24)
    at async invokeRender (file://C:\Users\Usuario\Documents\Projects\retoPescanova\frontend\node_modules\next\dist\server\lib\router-server.js:240:21)
    at async handleRequest (file://C:\Users\Usuario\Documents\Projects\retoPescanova\frontend\node_modules\next\dist\server\lib\router-server.js:437:24)
    at async requestHandlerImpl (file://C:\Users\Usuario\Documents\Projects\retoPescanova\frontend\node_modules\next\dist\server\lib\router-server.js:485:13)
    at async Server.requestListener (file://C:\Users\Usuario\Documents\Projects\retoPescanova\frontend\node_modules\next\dist\server\lib\start-server.js:226:13)
[    5306ms] [LOG] [HMR] connected @ webpack-internal:///(pages-dir-browser)/./node_modules/next/dist/client/dev/hot-reloader/pages/websocket.js:45
[    8540ms] [ERROR] Failed to load resource: the server responded with a status of 404 (Not Found) @ http://localhost:3000/_next/static/webpack/119d7b6dd4a66877.webpack.hot-update.json:0
[    8540ms] [WARNING] [Fast Refresh] performing full reload because your application had an unrecoverable error @ webpack-internal:///(pages-dir-browser)/./node_modules/next/dist/client/dev/hot-reloader/pages/hot-reloader-pages.js:347
[    8851ms] [ERROR] Failed to load resource: the server responded with a status of 500 (Internal Server Error) @ http://localhost:3000/training:0
[    9478ms] [INFO] %cDownload the React DevTools for a better development experience: https://reactjs.org/link/react-devtools font-weight:bold @ webpack-internal:///(pages-dir-browser)/./node_modules/react-dom/cjs/react-dom.development.js:29889
[    9504ms] TypeError: __webpack_modules__[moduleId] is not a function
    at __webpack_require__ (file://C:\Users\Usuario\Documents\Projects\retoPescanova\frontend\.next\server\webpack-runtime.js:25:42)
    at eval (webpack-internal:///(rsc)/./node_modules/next/dist/server/app-render/encryption-utils.js:40:35)
    at <unknown> (rsc)/./node_modules/next/dist/server/app-render/encryption-utils.js (C:\Users\Usuario\Documents\Projects\retoPescanova\frontend\.next\server\vendor-chunks\next.js:1773:1)
    at __webpack_require__ (file://C:\Users\Usuario\Documents\Projects\retoPescanova\frontend\.next\server\webpack-runtime.js:25:42)
    at eval (webpack-internal:///(rsc)/./node_modules/next/dist/build/webpack/loaders/next-app-loader/index.js?name=app%2Ftraining%2Fpage&page=%2Ftraining%2Fpage&appPaths=%2Ftraining%2Fpage&pagePath=private-next-app-dir%2Ftraining%2Fpage.tsx&appDir=C%3A%5CUsers%5CUsuario%5CDocuments%5CProjects%5CretoPescanova%5Cfrontend%5Capp&pageExtensions=tsx&pageExtensions=ts&pageExtensions=jsx&pageExtensions=js&rootDir=C%3A%5CUsers%5CUsuario%5CDocuments%5CProjects%5CretoPescanova%5Cfrontend&isDev=true&tsconfigPath=tsconfig.json&basePath=&assetPrefix=&nextConfigOutput=standalone&preferredRegion=&middlewareConfig=e30%3D&isGlobalNotFoundEnabled=!:28:103)
    at <unknown> (rsc)/./node_modules/next/dist/build/webpack/loaders/next-app-loader/index.js?name=app%2Ftraining%2Fpage&page=%2Ftraining%2Fpage&appPaths=%2Ftraining%2Fpage&pagePath=private-next-app-dir%2Ftraining%2Fpage.tsx&appDir=C%3A%5CUsers%5CUsuario%5CDocuments%5CProjects%5CretoPescanova%5Cfrontend%5Capp&pageExtensions=tsx&pageExtensions=ts&pageExtensions=jsx&pageExtensions=js&rootDir=C%3A%5CUsers%5CUsuario%5CDocuments%5CProjects%5CretoPescanova%5Cfrontend&isDev=true&tsconfigPath=tsconfig.json&basePath=&assetPrefix=&nextConfigOutput=standalone&preferredRegion=&middlewareConfig=e30%3D&isGlobalNotFoundEnabled=! (C:\Users\Usuario\Documents\Projects\retoPescanova\frontend\.next\server\app\training\page.js:66:1)
    at __webpack_require__ (file://C:\Users\Usuario\Documents\Projects\retoPescanova\frontend\.next\server\webpack-runtime.js:25:42)
    at __webpack_exec__ (file://C:\Users\Usuario\Documents\Projects\retoPescanova\frontend\.next\server\app\training\page.js:433:39)
    at <unknown> (file://C:\Users\Usuario\Documents\Projects\retoPescanova\frontend\.next\server\app\training\page.js:434:268)
    at __webpack_require__.X (file://C:\Users\Usuario\Documents\Projects\retoPescanova\frontend\.next\server\webpack-runtime.js:155:21)
    at <unknown> (file://C:\Users\Usuario\Documents\Projects\retoPescanova\frontend\.next\server\app\training\page.js:434:47)
    at Object.<anonymous> (file://C:\Users\Usuario\Documents\Projects\retoPescanova\frontend\.next\server\app\training\page.js:437:3)
    at Module._compile (node:internal/modules/cjs/loader:1730:14)
    at Object..js (node:internal/modules/cjs/loader:1895:10)
    at Module.load (node:internal/modules/cjs/loader:1465:32)
    at Function._load (node:internal/modules/cjs/loader:1282:12)
    at TracingChannel.traceSync (node:diagnostics_channel:322:14)
    at wrapModuleLoad (node:internal/modules/cjs/loader:235:24)
    at Module.<anonymous> (node:internal/modules/cjs/loader:1487:12)
    at mod.require (file://C:\Users\Usuario\Documents\Projects\retoPescanova\frontend\node_modules\next\dist\server\require-hook.js:68:28)
    at require (node:internal/modules/helpers:135:16)
    at requirePage (file://C:\Users\Usuario\Documents\Projects\retoPescanova\frontend\node_modules\next\dist\server\require.js:99:80)
    at loadComponentsImpl (file://C:\Users\Usuario\Documents\Projects\retoPescanova\frontend\node_modules\next\dist\server\load-components.js:132:57)
    at async DevServer.findPageComponentsImpl (file://C:\Users\Usuario\Documents\Projects\retoPescanova\frontend\node_modules\next\dist\server\next-server.js:900:36)
    at async DevServer.findPageComponents (file://C:\Users\Usuario\Documents\Projects\retoPescanova\frontend\node_modules\next\dist\server\dev\next-dev-server.js:706:16)
    at async DevServer.renderPageComponent (file://C:\Users\Usuario\Documents\Projects\retoPescanova\frontend\node_modules\next\dist\server\base-server.js:1468:24)
    at async DevServer.renderToResponseImpl (file://C:\Users\Usuario\Documents\Projects\retoPescanova\frontend\node_modules\next\dist\server\base-server.js:1522:32)
    at async DevServer.pipeImpl (file://C:\Users\Usuario\Documents\Projects\retoPescanova\frontend\node_modules\next\dist\server\base-server.js:1026:25)
    at async NextNodeServer.handleCatchallRenderRequest (file://C:\Users\Usuario\Documents\Projects\retoPescanova\frontend\node_modules\next\dist\server\next-server.js:394:17)
    at async DevServer.handleRequestImpl (file://C:\Users\Usuario\Documents\Projects\retoPescanova\frontend\node_modules\next\dist\server\base-server.js:917:17)
    at async (file://C:\Users\Usuario\Documents\Projects\retoPescanova\frontend\node_modules\next\dist\server\dev\next-dev-server.js:400:20)
    at async Span.traceAsyncFn (file://C:\Users\Usuario\Documents\Projects\retoPescanova\frontend\node_modules\next\dist\trace\trace.js:157:20)
    at async DevServer.handleRequest (file://C:\Users\Usuario\Documents\Projects\retoPescanova\frontend\node_modules\next\dist\server\dev\next-dev-server.js:396:24)
    at async invokeRender (file://C:\Users\Usuario\Documents\Projects\retoPescanova\frontend\node_modules\next\dist\server\lib\router-server.js:240:21)
    at async handleRequest (file://C:\Users\Usuario\Documents\Projects\retoPescanova\frontend\node_modules\next\dist\server\lib\router-server.js:437:24)
    at async requestHandlerImpl (file://C:\Users\Usuario\Documents\Projects\retoPescanova\frontend\node_modules\next\dist\server\lib\router-server.js:485:13)
    at async Server.requestListener (file://C:\Users\Usuario\Documents\Projects\retoPescanova\frontend\node_modules\next\dist\server\lib\start-server.js:226:13)
[    9503ms] [LOG] [HMR] connected @ webpack-internal:///(pages-dir-browser)/./node_modules/next/dist/client/dev/hot-reloader/pages/websocket.js:45
[   11245ms] [ERROR] Failed to load resource: the server responded with a status of 404 (Not Found) @ http://localhost:3000/_next/static/webpack/119d7b6dd4a66877.webpack.hot-update.json:0
[   11245ms] [WARNING] [Fast Refresh] performing full reload because your application had an unrecoverable error @ webpack-internal:///(pages-dir-browser)/./node_modules/next/dist/client/dev/hot-reloader/pages/hot-reloader-pages.js:347
[   11575ms] [ERROR] Failed to load resource: the server responded with a status of 500 (Internal Server Error) @ http://localhost:3000/training:0
[   12004ms] [INFO] %cDownload the React DevTools for a better development experience: https://reactjs.org/link/react-devtools font-weight:bold @ webpack-internal:///(pages-dir-browser)/./node_modules/react-dom/cjs/react-dom.development.js:29889
[   12033ms] TypeError: __webpack_modules__[moduleId] is not a function
    at __webpack_require__ (file://C:\Users\Usuario\Documents\Projects\retoPescanova\frontend\.next\server\webpack-runtime.js:25:42)
    at eval (webpack-internal:///(rsc)/./node_modules/next/dist/server/app-render/encryption-utils.js:40:35)
    at <unknown> (rsc)/./node_modules/next/dist/server/app-render/encryption-utils.js (C:\Users\Usuario\Documents\Projects\retoPescanova\frontend\.next\server\vendor-chunks\next.js:1773:1)
    at __webpack_require__ (file://C:\Users\Usuario\Documents\Projects\retoPescanova\frontend\.next\server\webpack-runtime.js:25:42)
    at eval (webpack-internal:///(rsc)/./node_modules/next/dist/build/webpack/loaders/next-app-loader/index.js?name=app%2Ftraining%2Fpage&page=%2Ftraining%2Fpage&appPaths=%2Ftraining%2Fpage&pagePath=private-next-app-dir%2Ftraining%2Fpage.tsx&appDir=C%3A%5CUsers%5CUsuario%5CDocuments%5CProjects%5CretoPescanova%5Cfrontend%5Capp&pageExtensions=tsx&pageExtensions=ts&pageExtensions=jsx&pageExtensions=js&rootDir=C%3A%5CUsers%5CUsuario%5CDocuments%5CProjects%5CretoPescanova%5Cfrontend&isDev=true&tsconfigPath=tsconfig.json&basePath=&assetPrefix=&nextConfigOutput=standalone&preferredRegion=&middlewareConfig=e30%3D&isGlobalNotFoundEnabled=!:28:103)
    at <unknown> (rsc)/./node_modules/next/dist/build/webpack/loaders/next-app-loader/index.js?name=app%2Ftraining%2Fpage&page=%2Ftraining%2Fpage&appPaths=%2Ftraining%2Fpage&pagePath=private-next-app-dir%2Ftraining%2Fpage.tsx&appDir=C%3A%5CUsers%5CUsuario%5CDocuments%5CProjects%5CretoPescanova%5Cfrontend%5Capp&pageExtensions=tsx&pageExtensions=ts&pageExtensions=jsx&pageExtensions=js&rootDir=C%3A%5CUsers%5CUsuario%5CDocuments%5CProjects%5CretoPescanova%5Cfrontend&isDev=true&tsconfigPath=tsconfig.json&basePath=&assetPrefix=&nextConfigOutput=standalone&preferredRegion=&middlewareConfig=e30%3D&isGlobalNotFoundEnabled=! (C:\Users\Usuario\Documents\Projects\retoPescanova\frontend\.next\server\app\training\page.js:66:1)
    at __webpack_require__ (file://C:\Users\Usuario\Documents\Projects\retoPescanova\frontend\.next\server\webpack-runtime.js:25:42)
    at __webpack_exec__ (file://C:\Users\Usuario\Documents\Projects\retoPescanova\frontend\.next\server\app\training\page.js:433:39)
    at <unknown> (file://C:\Users\Usuario\Documents\Projects\retoPescanova\frontend\.next\server\app\training\page.js:434:268)
    at __webpack_require__.X (file://C:\Users\Usuario\Documents\Projects\retoPescanova\frontend\.next\server\webpack-runtime.js:155:21)
    at <unknown> (file://C:\Users\Usuario\Documents\Projects\retoPescanova\frontend\.next\server\app\training\page.js:434:47)
    at Object.<anonymous> (file://C:\Users\Usuario\Documents\Projects\retoPescanova\frontend\.next\server\app\training\page.js:437:3)
    at Module._compile (node:internal/modules/cjs/loader:1730:14)
    at Object..js (node:internal/modules/cjs/loader:1895:10)
    at Module.load (node:internal/modules/cjs/loader:1465:32)
    at Function._load (node:internal/modules/cjs/loader:1282:12)
    at TracingChannel.traceSync (node:diagnostics_channel:322:14)
    at wrapModuleLoad (node:internal/modules/cjs/loader:235:24)
    at Module.<anonymous> (node:internal/modules/cjs/loader:1487:12)
    at mod.require (file://C:\Users\Usuario\Documents\Projects\retoPescanova\frontend\node_modules\next\dist\server\require-hook.js:68:28)
    at require (node:internal/modules/helpers:135:16)
    at requirePage (file://C:\Users\Usuario\Documents\Projects\retoPescanova\frontend\node_modules\next\dist\server\require.js:99:80)
    at loadComponentsImpl (file://C:\Users\Usuario\Documents\Projects\retoPescanova\frontend\node_modules\next\dist\server\load-components.js:132:57)
    at async DevServer.findPageComponentsImpl (file://C:\Users\Usuario\Documents\Projects\retoPescanova\frontend\node_modules\next\dist\server\next-server.js:900:36)
    at async DevServer.findPageComponents (file://C:\Users\Usuario\Documents\Projects\retoPescanova\frontend\node_modules\next\dist\server\dev\next-dev-server.js:706:16)
    at async DevServer.renderPageComponent (file://C:\Users\Usuario\Documents\Projects\retoPescanova\frontend\node_modules\next\dist\server\base-server.js:1468:24)
    at async DevServer.renderToResponseImpl (file://C:\Users\Usuario\Documents\Projects\retoPescanova\frontend\node_modules\next\dist\server\base-server.js:1522:32)
    at async DevServer.pipeImpl (file://C:\Users\Usuario\Documents\Projects\retoPescanova\frontend\node_modules\next\dist\server\base-server.js:1026:25)
    at async NextNodeServer.handleCatchallRenderRequest (file://C:\Users\Usuario\Documents\Projects\retoPescanova\frontend\node_modules\next\dist\server\next-server.js:394:17)
    at async DevServer.handleRequestImpl (file://C:\Users\Usuario\Documents\Projects\retoPescanova\frontend\node_modules\next\dist\server\base-server.js:917:17)
    at async (file://C:\Users\Usuario\Documents\Projects\retoPescanova\frontend\node_modules\next\dist\server\dev\next-dev-server.js:400:20)
    at async Span.traceAsyncFn (file://C:\Users\Usuario\Documents\Projects\retoPescanova\frontend\node_modules\next\dist\trace\trace.js:157:20)
    at async DevServer.handleRequest (file://C:\Users\Usuario\Documents\Projects\retoPescanova\frontend\node_modules\next\dist\server\dev\next-dev-server.js:396:24)
    at async invokeRender (file://C:\Users\Usuario\Documents\Projects\retoPescanova\frontend\node_modules\next\dist\server\lib\router-server.js:240:21)
    at async handleRequest (file://C:\Users\Usuario\Documents\Projects\retoPescanova\frontend\node_modules\next\dist\server\lib\router-server.js:437:24)
    at async requestHandlerImpl (file://C:\Users\Usuario\Documents\Projects\retoPescanova\frontend\node_modules\next\dist\server\lib\router-server.js:485:13)
    at async Server.requestListener (file://C:\Users\Usuario\Documents\Projects\retoPescanova\frontend\node_modules\next\dist\server\lib\start-server.js:226:13)
[   12033ms] [LOG] [HMR] connected @ webpack-internal:///(pages-dir-browser)/./node_modules/next/dist/client/dev/hot-reloader/pages/websocket.js:45
[   12831ms] [ERROR] Failed to load resource: the server responded with a status of 404 (Not Found) @ http://localhost:3000/_next/static/webpack/119d7b6dd4a66877.webpack.hot-update.json:0
[   12831ms] [WARNING] [Fast Refresh] performing full reload because your application had an unrecoverable error @ webpack-internal:///(pages-dir-browser)/./node_modules/next/dist/client/dev/hot-reloader/pages/hot-reloader-pages.js:347
[   13133ms] [ERROR] Failed to load resource: the server responded with a status of 500 (Internal Server Error) @ http://localhost:3000/training:0
[   13979ms] [INFO] %cDownload the React DevTools for a better development experience: https://reactjs.org/link/react-devtools font-weight:bold @ webpack-internal:///(pages-dir-browser)/./node_modules/react-dom/cjs/react-dom.development.js:29889
[   14013ms] TypeError: __webpack_modules__[moduleId] is not a function
    at __webpack_require__ (file://C:\Users\Usuario\Documents\Projects\retoPescanova\frontend\.next\server\webpack-runtime.js:25:42)
    at eval (webpack-internal:///(rsc)/./node_modules/next/dist/server/app-render/encryption-utils.js:40:35)
    at <unknown> (rsc)/./node_modules/next/dist/server/app-render/encryption-utils.js (C:\Users\Usuario\Documents\Projects\retoPescanova\frontend\.next\server\vendor-chunks\next.js:1773:1)
    at __webpack_require__ (file://C:\Users\Usuario\Documents\Projects\retoPescanova\frontend\.next\server\webpack-runtime.js:25:42)
    at eval (webpack-internal:///(rsc)/./node_modules/next/dist/build/webpack/loaders/next-app-loader/index.js?name=app%2Ftraining%2Fpage&page=%2Ftraining%2Fpage&appPaths=%2Ftraining%2Fpage&pagePath=private-next-app-dir%2Ftraining%2Fpage.tsx&appDir=C%3A%5CUsers%5CUsuario%5CDocuments%5CProjects%5CretoPescanova%5Cfrontend%5Capp&pageExtensions=tsx&pageExtensions=ts&pageExtensions=jsx&pageExtensions=js&rootDir=C%3A%5CUsers%5CUsuario%5CDocuments%5CProjects%5CretoPescanova%5Cfrontend&isDev=true&tsconfigPath=tsconfig.json&basePath=&assetPrefix=&nextConfigOutput=standalone&preferredRegion=&middlewareConfig=e30%3D&isGlobalNotFoundEnabled=!:28:103)
    at <unknown> (rsc)/./node_modules/next/dist/build/webpack/loaders/next-app-loader/index.js?name=app%2Ftraining%2Fpage&page=%2Ftraining%2Fpage&appPaths=%2Ftraining%2Fpage&pagePath=private-next-app-dir%2Ftraining%2Fpage.tsx&appDir=C%3A%5CUsers%5CUsuario%5CDocuments%5CProjects%5CretoPescanova%5Cfrontend%5Capp&pageExtensions=tsx&pageExtensions=ts&pageExtensions=jsx&pageExtensions=js&rootDir=C%3A%5CUsers%5CUsuario%5CDocuments%5CProjects%5CretoPescanova%5Cfrontend&isDev=true&tsconfigPath=tsconfig.json&basePath=&assetPrefix=&nextConfigOutput=standalone&preferredRegion=&middlewareConfig=e30%3D&isGlobalNotFoundEnabled=! (C:\Users\Usuario\Documents\Projects\retoPescanova\frontend\.next\server\app\training\page.js:66:1)
    at __webpack_require__ (file://C:\Users\Usuario\Documents\Projects\retoPescanova\frontend\.next\server\webpack-runtime.js:25:42)
    at __webpack_exec__ (file://C:\Users\Usuario\Documents\Projects\retoPescanova\frontend\.next\server\app\training\page.js:433:39)
    at <unknown> (file://C:\Users\Usuario\Documents\Projects\retoPescanova\frontend\.next\server\app\training\page.js:434:268)
    at __webpack_require__.X (file://C:\Users\Usuario\Documents\Projects\retoPescanova\frontend\.next\server\webpack-runtime.js:155:21)
    at <unknown> (file://C:\Users\Usuario\Documents\Projects\retoPescanova\frontend\.next\server\app\training\page.js:434:47)
    at Object.<anonymous> (file://C:\Users\Usuario\Documents\Projects\retoPescanova\frontend\.next\server\app\training\page.js:437:3)
    at Module._compile (node:internal/modules/cjs/loader:1730:14)
    at Object..js (node:internal/modules/cjs/loader:1895:10)
    at Module.load (node:internal/modules/cjs/loader:1465:32)
    at Function._load (node:internal/modules/cjs/loader:1282:12)
    at TracingChannel.traceSync (node:diagnostics_channel:322:14)
    at wrapModuleLoad (node:internal/modules/cjs/loader:235:24)
    at Module.<anonymous> (node:internal/modules/cjs/loader:1487:12)
    at mod.require (file://C:\Users\Usuario\Documents\Projects\retoPescanova\frontend\node_modules\next\dist\server\require-hook.js:68:28)
    at require (node:internal/modules/helpers:135:16)
    at requirePage (file://C:\Users\Usuario\Documents\Projects\retoPescanova\frontend\node_modules\next\dist\server\require.js:99:80)
    at loadComponentsImpl (file://C:\Users\Usuario\Documents\Projects\retoPescanova\frontend\node_modules\next\dist\server\load-components.js:132:57)
    at async DevServer.findPageComponentsImpl (file://C:\Users\Usuario\Documents\Projects\retoPescanova\frontend\node_modules\next\dist\server\next-server.js:900:36)
    at async DevServer.findPageComponents (file://C:\Users\Usuario\Documents\Projects\retoPescanova\frontend\node_modules\next\dist\server\dev\next-dev-server.js:706:16)
    at async DevServer.renderPageComponent (file://C:\Users\Usuario\Documents\Projects\retoPescanova\frontend\node_modules\next\dist\server\base-server.js:1468:24)
    at async DevServer.renderToResponseImpl (file://C:\Users\Usuario\Documents\Projects\retoPescanova\frontend\node_modules\next\dist\server\base-server.js:1522:32)
    at async DevServer.pipeImpl (file://C:\Users\Usuario\Documents\Projects\retoPescanova\frontend\node_modules\next\dist\server\base-server.js:1026:25)
    at async NextNodeServer.handleCatchallRenderRequest (file://C:\Users\Usuario\Documents\Projects\retoPescanova\frontend\node_modules\next\dist\server\next-server.js:394:17)
    at async DevServer.handleRequestImpl (file://C:\Users\Usuario\Documents\Projects\retoPescanova\frontend\node_modules\next\dist\server\base-server.js:917:17)
    at async (file://C:\Users\Usuario\Documents\Projects\retoPescanova\frontend\node_modules\next\dist\server\dev\next-dev-server.js:400:20)
    at async Span.traceAsyncFn (file://C:\Users\Usuario\Documents\Projects\retoPescanova\frontend\node_modules\next\dist\trace\trace.js:157:20)
    at async DevServer.handleRequest (file://C:\Users\Usuario\Documents\Projects\retoPescanova\frontend\node_modules\next\dist\server\dev\next-dev-server.js:396:24)
    at async invokeRender (file://C:\Users\Usuario\Documents\Projects\retoPescanova\frontend\node_modules\next\dist\server\lib\router-server.js:240:21)
    at async handleRequest (file://C:\Users\Usuario\Documents\Projects\retoPescanova\frontend\node_modules\next\dist\server\lib\router-server.js:437:24)
    at async requestHandlerImpl (file://C:\Users\Usuario\Documents\Projects\retoPescanova\frontend\node_modules\next\dist\server\lib\router-server.js:485:13)
    at async Server.requestListener (file://C:\Users\Usuario\Documents\Projects\retoPescanova\frontend\node_modules\next\dist\server\lib\start-server.js:226:13)
[   14013ms] [LOG] [HMR] connected @ webpack-internal:///(pages-dir-browser)/./node_modules/next/dist/client/dev/hot-reloader/pages/websocket.js:45
[   17053ms] [ERROR] Failed to load resource: the server responded with a status of 404 (Not Found) @ http://localhost:3000/_next/static/webpack/119d7b6dd4a66877.webpack.hot-update.json:0
[   17054ms] [WARNING] [Fast Refresh] performing full reload because your application had an unrecoverable error @ webpack-internal:///(pages-dir-browser)/./node_modules/next/dist/client/dev/hot-reloader/pages/hot-reloader-pages.js:347
[   17376ms] [ERROR] Failed to load resource: the server responded with a status of 500 (Internal Server Error) @ http://localhost:3000/training:0
[   18078ms] [INFO] %cDownload the React DevTools for a better development experience: https://reactjs.org/link/react-devtools font-weight:bold @ webpack-internal:///(pages-dir-browser)/./node_modules/react-dom/cjs/react-dom.development.js:29889
[   18105ms] TypeError: __webpack_modules__[moduleId] is not a function
    at __webpack_require__ (file://C:\Users\Usuario\Documents\Projects\retoPescanova\frontend\.next\server\webpack-runtime.js:25:42)
    at eval (webpack-internal:///(rsc)/./node_modules/next/dist/server/app-render/encryption-utils.js:40:35)
    at <unknown> (rsc)/./node_modules/next/dist/server/app-render/encryption-utils.js (C:\Users\Usuario\Documents\Projects\retoPescanova\frontend\.next\server\vendor-chunks\next.js:1773:1)
    at __webpack_require__ (file://C:\Users\Usuario\Documents\Projects\retoPescanova\frontend\.next\server\webpack-runtime.js:25:42)
    at eval (webpack-internal:///(rsc)/./node_modules/next/dist/build/webpack/loaders/next-app-loader/index.js?name=app%2Ftraining%2Fpage&page=%2Ftraining%2Fpage&appPaths=%2Ftraining%2Fpage&pagePath=private-next-app-dir%2Ftraining%2Fpage.tsx&appDir=C%3A%5CUsers%5CUsuario%5CDocuments%5CProjects%5CretoPescanova%5Cfrontend%5Capp&pageExtensions=tsx&pageExtensions=ts&pageExtensions=jsx&pageExtensions=js&rootDir=C%3A%5CUsers%5CUsuario%5CDocuments%5CProjects%5CretoPescanova%5Cfrontend&isDev=true&tsconfigPath=tsconfig.json&basePath=&assetPrefix=&nextConfigOutput=standalone&preferredRegion=&middlewareConfig=e30%3D&isGlobalNotFoundEnabled=!:28:103)
    at <unknown> (rsc)/./node_modules/next/dist/build/webpack/loaders/next-app-loader/index.js?name=app%2Ftraining%2Fpage&page=%2Ftraining%2Fpage&appPaths=%2Ftraining%2Fpage&pagePath=private-next-app-dir%2Ftraining%2Fpage.tsx&appDir=C%3A%5CUsers%5CUsuario%5CDocuments%5CProjects%5CretoPescanova%5Cfrontend%5Capp&pageExtensions=tsx&pageExtensions=ts&pageExtensions=jsx&pageExtensions=js&rootDir=C%3A%5CUsers%5CUsuario%5CDocuments%5CProjects%5CretoPescanova%5Cfrontend&isDev=true&tsconfigPath=tsconfig.json&basePath=&assetPrefix=&nextConfigOutput=standalone&preferredRegion=&middlewareConfig=e30%3D&isGlobalNotFoundEnabled=! (C:\Users\Usuario\Documents\Projects\retoPescanova\frontend\.next\server\app\training\page.js:66:1)
    at __webpack_require__ (file://C:\Users\Usuario\Documents\Projects\retoPescanova\frontend\.next\server\webpack-runtime.js:25:42)
    at __webpack_exec__ (file://C:\Users\Usuario\Documents\Projects\retoPescanova\frontend\.next\server\app\training\page.js:433:39)
    at <unknown> (file://C:\Users\Usuario\Documents\Projects\retoPescanova\frontend\.next\server\app\training\page.js:434:268)
    at __webpack_require__.X (file://C:\Users\Usuario\Documents\Projects\retoPescanova\frontend\.next\server\webpack-runtime.js:155:21)
    at <unknown> (file://C:\Users\Usuario\Documents\Projects\retoPescanova\frontend\.next\server\app\training\page.js:434:47)
    at Object.<anonymous> (file://C:\Users\Usuario\Documents\Projects\retoPescanova\frontend\.next\server\app\training\page.js:437:3)
    at Module._compile (node:internal/modules/cjs/loader:1730:14)
    at Object..js (node:internal/modules/cjs/loader:1895:10)
    at Module.load (node:internal/modules/cjs/loader:1465:32)
    at Function._load (node:internal/modules/cjs/loader:1282:12)
    at TracingChannel.traceSync (node:diagnostics_channel:322:14)
    at wrapModuleLoad (node:internal/modules/cjs/loader:235:24)
    at Module.<anonymous> (node:internal/modules/cjs/loader:1487:12)
    at mod.require (file://C:\Users\Usuario\Documents\Projects\retoPescanova\frontend\node_modules\next\dist\server\require-hook.js:68:28)
    at require (node:internal/modules/helpers:135:16)
    at requirePage (file://C:\Users\Usuario\Documents\Projects\retoPescanova\frontend\node_modules\next\dist\server\require.js:99:80)
    at loadComponentsImpl (file://C:\Users\Usuario\Documents\Projects\retoPescanova\frontend\node_modules\next\dist\server\load-components.js:132:57)
    at async DevServer.findPageComponentsImpl (file://C:\Users\Usuario\Documents\Projects\retoPescanova\frontend\node_modules\next\dist\server\next-server.js:900:36)
    at async DevServer.findPageComponents (file://C:\Users\Usuario\Documents\Projects\retoPescanova\frontend\node_modules\next\dist\server\dev\next-dev-server.js:706:16)
    at async DevServer.renderPageComponent (file://C:\Users\Usuario\Documents\Projects\retoPescanova\frontend\node_modules\next\dist\server\base-server.js:1468:24)
    at async DevServer.renderToResponseImpl (file://C:\Users\Usuario\Documents\Projects\retoPescanova\frontend\node_modules\next\dist\server\base-server.js:1522:32)
    at async DevServer.pipeImpl (file://C:\Users\Usuario\Documents\Projects\retoPescanova\frontend\node_modules\next\dist\server\base-server.js:1026:25)
    at async NextNodeServer.handleCatchallRenderRequest (file://C:\Users\Usuario\Documents\Projects\retoPescanova\frontend\node_modules\next\dist\server\next-server.js:394:17)
    at async DevServer.handleRequestImpl (file://C:\Users\Usuario\Documents\Projects\retoPescanova\frontend\node_modules\next\dist\server\base-server.js:917:17)
    at async (file://C:\Users\Usuario\Documents\Projects\retoPescanova\frontend\node_modules\next\dist\server\dev\next-dev-server.js:400:20)
    at async Span.traceAsyncFn (file://C:\Users\Usuario\Documents\Projects\retoPescanova\frontend\node_modules\next\dist\trace\trace.js:157:20)
    at async DevServer.handleRequest (file://C:\Users\Usuario\Documents\Projects\retoPescanova\frontend\node_modules\next\dist\server\dev\next-dev-server.js:396:24)
    at async invokeRender (file://C:\Users\Usuario\Documents\Projects\retoPescanova\frontend\node_modules\next\dist\server\lib\router-server.js:240:21)
    at async handleRequest (file://C:\Users\Usuario\Documents\Projects\retoPescanova\frontend\node_modules\next\dist\server\lib\router-server.js:437:24)
    at async requestHandlerImpl (file://C:\Users\Usuario\Documents\Projects\retoPescanova\frontend\node_modules\next\dist\server\lib\router-server.js:485:13)
    at async Server.requestListener (file://C:\Users\Usuario\Documents\Projects\retoPescanova\frontend\node_modules\next\dist\server\lib\start-server.js:226:13)
[   18104ms] [LOG] [HMR] connected @ webpack-internal:///(pages-dir-browser)/./node_modules/next/dist/client/dev/hot-reloader/pages/websocket.js:45
[   21183ms] [ERROR] Failed to load resource: the server responded with a status of 404 (Not Found) @ http://localhost:3000/_next/static/webpack/119d7b6dd4a66877.webpack.hot-update.json:0
[   21183ms] [WARNING] [Fast Refresh] performing full reload because your application had an unrecoverable error @ webpack-internal:///(pages-dir-browser)/./node_modules/next/dist/client/dev/hot-reloader/pages/hot-reloader-pages.js:347
[   21491ms] [ERROR] Failed to load resource: the server responded with a status of 500 (Internal Server Error) @ http://localhost:3000/training:0
[   22075ms] [INFO] %cDownload the React DevTools for a better development experience: https://reactjs.org/link/react-devtools font-weight:bold @ webpack-internal:///(pages-dir-browser)/./node_modules/react-dom/cjs/react-dom.development.js:29889
[   22099ms] TypeError: __webpack_modules__[moduleId] is not a function
    at __webpack_require__ (file://C:\Users\Usuario\Documents\Projects\retoPescanova\frontend\.next\server\webpack-runtime.js:25:42)
    at eval (webpack-internal:///(rsc)/./node_modules/next/dist/server/app-render/encryption-utils.js:40:35)
    at <unknown> (rsc)/./node_modules/next/dist/server/app-render/encryption-utils.js (C:\Users\Usuario\Documents\Projects\retoPescanova\frontend\.next\server\vendor-chunks\next.js:1773:1)
    at __webpack_require__ (file://C:\Users\Usuario\Documents\Projects\retoPescanova\frontend\.next\server\webpack-runtime.js:25:42)
    at eval (webpack-internal:///(rsc)/./node_modules/next/dist/build/webpack/loaders/next-app-loader/index.js?name=app%2Ftraining%2Fpage&page=%2Ftraining%2Fpage&appPaths=%2Ftraining%2Fpage&pagePath=private-next-app-dir%2Ftraining%2Fpage.tsx&appDir=C%3A%5CUsers%5CUsuario%5CDocuments%5CProjects%5CretoPescanova%5Cfrontend%5Capp&pageExtensions=tsx&pageExtensions=ts&pageExtensions=jsx&pageExtensions=js&rootDir=C%3A%5CUsers%5CUsuario%5CDocuments%5CProjects%5CretoPescanova%5Cfrontend&isDev=true&tsconfigPath=tsconfig.json&basePath=&assetPrefix=&nextConfigOutput=standalone&preferredRegion=&middlewareConfig=e30%3D&isGlobalNotFoundEnabled=!:28:103)
    at <unknown> (rsc)/./node_modules/next/dist/build/webpack/loaders/next-app-loader/index.js?name=app%2Ftraining%2Fpage&page=%2Ftraining%2Fpage&appPaths=%2Ftraining%2Fpage&pagePath=private-next-app-dir%2Ftraining%2Fpage.tsx&appDir=C%3A%5CUsers%5CUsuario%5CDocuments%5CProjects%5CretoPescanova%5Cfrontend%5Capp&pageExtensions=tsx&pageExtensions=ts&pageExtensions=jsx&pageExtensions=js&rootDir=C%3A%5CUsers%5CUsuario%5CDocuments%5CProjects%5CretoPescanova%5Cfrontend&isDev=true&tsconfigPath=tsconfig.json&basePath=&assetPrefix=&nextConfigOutput=standalone&preferredRegion=&middlewareConfig=e30%3D&isGlobalNotFoundEnabled=! (C:\Users\Usuario\Documents\Projects\retoPescanova\frontend\.next\server\app\training\page.js:66:1)
    at __webpack_require__ (file://C:\Users\Usuario\Documents\Projects\retoPescanova\frontend\.next\server\webpack-runtime.js:25:42)
    at __webpack_exec__ (file://C:\Users\Usuario\Documents\Projects\retoPescanova\frontend\.next\server\app\training\page.js:433:39)
    at <unknown> (file://C:\Users\Usuario\Documents\Projects\retoPescanova\frontend\.next\server\app\training\page.js:434:268)
    at __webpack_require__.X (file://C:\Users\Usuario\Documents\Projects\retoPescanova\frontend\.next\server\webpack-runtime.js:155:21)
    at <unknown> (file://C:\Users\Usuario\Documents\Projects\retoPescanova\frontend\.next\server\app\training\page.js:434:47)
    at Object.<anonymous> (file://C:\Users\Usuario\Documents\Projects\retoPescanova\frontend\.next\server\app\training\page.js:437:3)
    at Module._compile (node:internal/modules/cjs/loader:1730:14)
    at Object..js (node:internal/modules/cjs/loader:1895:10)
    at Module.load (node:internal/modules/cjs/loader:1465:32)
    at Function._load (node:internal/modules/cjs/loader:1282:12)
    at TracingChannel.traceSync (node:diagnostics_channel:322:14)
    at wrapModuleLoad (node:internal/modules/cjs/loader:235:24)
    at Module.<anonymous> (node:internal/modules/cjs/loader:1487:12)
    at mod.require (file://C:\Users\Usuario\Documents\Projects\retoPescanova\frontend\node_modules\next\dist\server\require-hook.js:68:28)
    at require (node:internal/modules/helpers:135:16)
    at requirePage (file://C:\Users\Usuario\Documents\Projects\retoPescanova\frontend\node_modules\next\dist\server\require.js:99:80)
    at loadComponentsImpl (file://C:\Users\Usuario\Documents\Projects\retoPescanova\frontend\node_modules\next\dist\server\load-components.js:132:57)
    at async DevServer.findPageComponentsImpl (file://C:\Users\Usuario\Documents\Projects\retoPescanova\frontend\node_modules\next\dist\server\next-server.js:900:36)
    at async DevServer.findPageComponents (file://C:\Users\Usuario\Documents\Projects\retoPescanova\frontend\node_modules\next\dist\server\dev\next-dev-server.js:706:16)
    at async DevServer.renderPageComponent (file://C:\Users\Usuario\Documents\Projects\retoPescanova\frontend\node_modules\next\dist\server\base-server.js:1468:24)
    at async DevServer.renderToResponseImpl (file://C:\Users\Usuario\Documents\Projects\retoPescanova\frontend\node_modules\next\dist\server\base-server.js:1522:32)
    at async DevServer.pipeImpl (file://C:\Users\Usuario\Documents\Projects\retoPescanova\frontend\node_modules\next\dist\server\base-server.js:1026:25)
    at async NextNodeServer.handleCatchallRenderRequest (file://C:\Users\Usuario\Documents\Projects\retoPescanova\frontend\node_modules\next\dist\server\next-server.js:394:17)
    at async DevServer.handleRequestImpl (file://C:\Users\Usuario\Documents\Projects\retoPescanova\frontend\node_modules\next\dist\server\base-server.js:917:17)
    at async (file://C:\Users\Usuario\Documents\Projects\retoPescanova\frontend\node_modules\next\dist\server\dev\next-dev-server.js:400:20)
    at async Span.traceAsyncFn (file://C:\Users\Usuario\Documents\Projects\retoPescanova\frontend\node_modules\next\dist\trace\trace.js:157:20)
    at async DevServer.handleRequest (file://C:\Users\Usuario\Documents\Projects\retoPescanova\frontend\node_modules\next\dist\server\dev\next-dev-server.js:396:24)
    at async invokeRender (file://C:\Users\Usuario\Documents\Projects\retoPescanova\frontend\node_modules\next\dist\server\lib\router-server.js:240:21)
    at async handleRequest (file://C:\Users\Usuario\Documents\Projects\retoPescanova\frontend\node_modules\next\dist\server\lib\router-server.js:437:24)
    at async requestHandlerImpl (file://C:\Users\Usuario\Documents\Projects\retoPescanova\frontend\node_modules\next\dist\server\lib\router-server.js:485:13)
    at async Server.requestListener (file://C:\Users\Usuario\Documents\Projects\retoPescanova\frontend\node_modules\next\dist\server\lib\start-server.js:226:13)
[   22098ms] [LOG] [HMR] connected @ webpack-internal:///(pages-dir-browser)/./node_modules/next/dist/client/dev/hot-reloader/pages/websocket.js:45
[   23813ms] [ERROR] Failed to load resource: the server responded with a status of 404 (Not Found) @ http://localhost:3000/_next/static/webpack/119d7b6dd4a66877.webpack.hot-update.json:0
[   23813ms] [WARNING] [Fast Refresh] performing full reload because your application had an unrecoverable error @ webpack-internal:///(pages-dir-browser)/./node_modules/next/dist/client/dev/hot-reloader/pages/hot-reloader-pages.js:347
[   24108ms] [ERROR] Failed to load resource: the server responded with a status of 500 (Internal Server Error) @ http://localhost:3000/training:0
[   24508ms] [INFO] %cDownload the React DevTools for a better development experience: https://reactjs.org/link/react-devtools font-weight:bold @ webpack-internal:///(pages-dir-browser)/./node_modules/react-dom/cjs/react-dom.development.js:29889
[   24532ms] TypeError: __webpack_modules__[moduleId] is not a function
    at __webpack_require__ (file://C:\Users\Usuario\Documents\Projects\retoPescanova\frontend\.next\server\webpack-runtime.js:25:42)
    at eval (webpack-internal:///(rsc)/./node_modules/next/dist/server/app-render/encryption-utils.js:40:35)
    at <unknown> (rsc)/./node_modules/next/dist/server/app-render/encryption-utils.js (C:\Users\Usuario\Documents\Projects\retoPescanova\frontend\.next\server\vendor-chunks\next.js:1773:1)
    at __webpack_require__ (file://C:\Users\Usuario\Documents\Projects\retoPescanova\frontend\.next\server\webpack-runtime.js:25:42)
    at eval (webpack-internal:///(rsc)/./node_modules/next/dist/build/webpack/loaders/next-app-loader/index.js?name=app%2Ftraining%2Fpage&page=%2Ftraining%2Fpage&appPaths=%2Ftraining%2Fpage&pagePath=private-next-app-dir%2Ftraining%2Fpage.tsx&appDir=C%3A%5CUsers%5CUsuario%5CDocuments%5CProjects%5CretoPescanova%5Cfrontend%5Capp&pageExtensions=tsx&pageExtensions=ts&pageExtensions=jsx&pageExtensions=js&rootDir=C%3A%5CUsers%5CUsuario%5CDocuments%5CProjects%5CretoPescanova%5Cfrontend&isDev=true&tsconfigPath=tsconfig.json&basePath=&assetPrefix=&nextConfigOutput=standalone&preferredRegion=&middlewareConfig=e30%3D&isGlobalNotFoundEnabled=!:28:103)
    at <unknown> (rsc)/./node_modules/next/dist/build/webpack/loaders/next-app-loader/index.js?name=app%2Ftraining%2Fpage&page=%2Ftraining%2Fpage&appPaths=%2Ftraining%2Fpage&pagePath=private-next-app-dir%2Ftraining%2Fpage.tsx&appDir=C%3A%5CUsers%5CUsuario%5CDocuments%5CProjects%5CretoPescanova%5Cfrontend%5Capp&pageExtensions=tsx&pageExtensions=ts&pageExtensions=jsx&pageExtensions=js&rootDir=C%3A%5CUsers%5CUsuario%5CDocuments%5CProjects%5CretoPescanova%5Cfrontend&isDev=true&tsconfigPath=tsconfig.json&basePath=&assetPrefix=&nextConfigOutput=standalone&preferredRegion=&middlewareConfig=e30%3D&isGlobalNotFoundEnabled=! (C:\Users\Usuario\Documents\Projects\retoPescanova\frontend\.next\server\app\training\page.js:66:1)
    at __webpack_require__ (file://C:\Users\Usuario\Documents\Projects\retoPescanova\frontend\.next\server\webpack-runtime.js:25:42)
    at __webpack_exec__ (file://C:\Users\Usuario\Documents\Projects\retoPescanova\frontend\.next\server\app\training\page.js:433:39)
    at <unknown> (file://C:\Users\Usuario\Documents\Projects\retoPescanova\frontend\.next\server\app\training\page.js:434:268)
    at __webpack_require__.X (file://C:\Users\Usuario\Documents\Projects\retoPescanova\frontend\.next\server\webpack-runtime.js:155:21)
    at <unknown> (file://C:\Users\Usuario\Documents\Projects\retoPescanova\frontend\.next\server\app\training\page.js:434:47)
    at Object.<anonymous> (file://C:\Users\Usuario\Documents\Projects\retoPescanova\frontend\.next\server\app\training\page.js:437:3)
    at Module._compile (node:internal/modules/cjs/loader:1730:14)
    at Object..js (node:internal/modules/cjs/loader:1895:10)
    at Module.load (node:internal/modules/cjs/loader:1465:32)
    at Function._load (node:internal/modules/cjs/loader:1282:12)
    at TracingChannel.traceSync (node:diagnostics_channel:322:14)
    at wrapModuleLoad (node:internal/modules/cjs/loader:235:24)
    at Module.<anonymous> (node:internal/modules/cjs/loader:1487:12)
    at mod.require (file://C:\Users\Usuario\Documents\Projects\retoPescanova\frontend\node_modules\next\dist\server\require-hook.js:68:28)
    at require (node:internal/modules/helpers:135:16)
    at requirePage (file://C:\Users\Usuario\Documents\Projects\retoPescanova\frontend\node_modules\next\dist\server\require.js:99:80)
    at loadComponentsImpl (file://C:\Users\Usuario\Documents\Projects\retoPescanova\frontend\node_modules\next\dist\server\load-components.js:132:57)
    at async DevServer.findPageComponentsImpl (file://C:\Users\Usuario\Documents\Projects\retoPescanova\frontend\node_modules\next\dist\server\next-server.js:900:36)
    at async DevServer.findPageComponents (file://C:\Users\Usuario\Documents\Projects\retoPescanova\frontend\node_modules\next\dist\server\dev\next-dev-server.js:706:16)
    at async DevServer.renderPageComponent (file://C:\Users\Usuario\Documents\Projects\retoPescanova\frontend\node_modules\next\dist\server\base-server.js:1468:24)
    at async DevServer.renderToResponseImpl (file://C:\Users\Usuario\Documents\Projects\retoPescanova\frontend\node_modules\next\dist\server\base-server.js:1522:32)
    at async DevServer.pipeImpl (file://C:\Users\Usuario\Documents\Projects\retoPescanova\frontend\node_modules\next\dist\server\base-server.js:1026:25)
    at async NextNodeServer.handleCatchallRenderRequest (file://C:\Users\Usuario\Documents\Projects\retoPescanova\frontend\node_modules\next\dist\server\next-server.js:394:17)
    at async DevServer.handleRequestImpl (file://C:\Users\Usuario\Documents\Projects\retoPescanova\frontend\node_modules\next\dist\server\base-server.js:917:17)
    at async (file://C:\Users\Usuario\Documents\Projects\retoPescanova\frontend\node_modules\next\dist\server\dev\next-dev-server.js:400:20)
    at async Span.traceAsyncFn (file://C:\Users\Usuario\Documents\Projects\retoPescanova\frontend\node_modules\next\dist\trace\trace.js:157:20)
    at async DevServer.handleRequest (file://C:\Users\Usuario\Documents\Projects\retoPescanova\frontend\node_modules\next\dist\server\dev\next-dev-server.js:396:24)
    at async invokeRender (file://C:\Users\Usuario\Documents\Projects\retoPescanova\frontend\node_modules\next\dist\server\lib\router-server.js:240:21)
    at async handleRequest (file://C:\Users\Usuario\Documents\Projects\retoPescanova\frontend\node_modules\next\dist\server\lib\router-server.js:437:24)
    at async requestHandlerImpl (file://C:\Users\Usuario\Documents\Projects\retoPescanova\frontend\node_modules\next\dist\server\lib\router-server.js:485:13)
    at async Server.requestListener (file://C:\Users\Usuario\Documents\Projects\retoPescanova\frontend\node_modules\next\dist\server\lib\start-server.js:226:13)
[   24531ms] [LOG] [HMR] connected @ webpack-internal:///(pages-dir-browser)/./node_modules/next/dist/client/dev/hot-reloader/pages/websocket.js:45
[   25075ms] [ERROR] Failed to load resource: the server responded with a status of 404 (Not Found) @ http://localhost:3000/_next/static/webpack/119d7b6dd4a66877.webpack.hot-update.json:0
[   25075ms] [WARNING] [Fast Refresh] performing full reload because your application had an unrecoverable error @ webpack-internal:///(pages-dir-browser)/./node_modules/next/dist/client/dev/hot-reloader/pages/hot-reloader-pages.js:347
[   25367ms] [ERROR] Failed to load resource: the server responded with a status of 500 (Internal Server Error) @ http://localhost:3000/training:0
[   25988ms] [INFO] %cDownload the React DevTools for a better development experience: https://reactjs.org/link/react-devtools font-weight:bold @ webpack-internal:///(pages-dir-browser)/./node_modules/react-dom/cjs/react-dom.development.js:29889
[   26014ms] TypeError: __webpack_modules__[moduleId] is not a function
    at __webpack_require__ (file://C:\Users\Usuario\Documents\Projects\retoPescanova\frontend\.next\server\webpack-runtime.js:25:42)
    at eval (webpack-internal:///(rsc)/./node_modules/next/dist/server/app-render/encryption-utils.js:40:35)
    at <unknown> (rsc)/./node_modules/next/dist/server/app-render/encryption-utils.js (C:\Users\Usuario\Documents\Projects\retoPescanova\frontend\.next\server\vendor-chunks\next.js:1773:1)
    at __webpack_require__ (file://C:\Users\Usuario\Documents\Projects\retoPescanova\frontend\.next\server\webpack-runtime.js:25:42)
    at eval (webpack-internal:///(rsc)/./node_modules/next/dist/build/webpack/loaders/next-app-loader/index.js?name=app%2Ftraining%2Fpage&page=%2Ftraining%2Fpage&appPaths=%2Ftraining%2Fpage&pagePath=private-next-app-dir%2Ftraining%2Fpage.tsx&appDir=C%3A%5CUsers%5CUsuario%5CDocuments%5CProjects%5CretoPescanova%5Cfrontend%5Capp&pageExtensions=tsx&pageExtensions=ts&pageExtensions=jsx&pageExtensions=js&rootDir=C%3A%5CUsers%5CUsuario%5CDocuments%5CProjects%5CretoPescanova%5Cfrontend&isDev=true&tsconfigPath=tsconfig.json&basePath=&assetPrefix=&nextConfigOutput=standalone&preferredRegion=&middlewareConfig=e30%3D&isGlobalNotFoundEnabled=!:28:103)
    at <unknown> (rsc)/./node_modules/next/dist/build/webpack/loaders/next-app-loader/index.js?name=app%2Ftraining%2Fpage&page=%2Ftraining%2Fpage&appPaths=%2Ftraining%2Fpage&pagePath=private-next-app-dir%2Ftraining%2Fpage.tsx&appDir=C%3A%5CUsers%5CUsuario%5CDocuments%5CProjects%5CretoPescanova%5Cfrontend%5Capp&pageExtensions=tsx&pageExtensions=ts&pageExtensions=jsx&pageExtensions=js&rootDir=C%3A%5CUsers%5CUsuario%5CDocuments%5CProjects%5CretoPescanova%5Cfrontend&isDev=true&tsconfigPath=tsconfig.json&basePath=&assetPrefix=&nextConfigOutput=standalone&preferredRegion=&middlewareConfig=e30%3D&isGlobalNotFoundEnabled=! (C:\Users\Usuario\Documents\Projects\retoPescanova\frontend\.next\server\app\training\page.js:66:1)
    at __webpack_require__ (file://C:\Users\Usuario\Documents\Projects\retoPescanova\frontend\.next\server\webpack-runtime.js:25:42)
    at __webpack_exec__ (file://C:\Users\Usuario\Documents\Projects\retoPescanova\frontend\.next\server\app\training\page.js:433:39)
    at <unknown> (file://C:\Users\Usuario\Documents\Projects\retoPescanova\frontend\.next\server\app\training\page.js:434:268)
    at __webpack_require__.X (file://C:\Users\Usuario\Documents\Projects\retoPescanova\frontend\.next\server\webpack-runtime.js:155:21)
    at <unknown> (file://C:\Users\Usuario\Documents\Projects\retoPescanova\frontend\.next\server\app\training\page.js:434:47)
    at Object.<anonymous> (file://C:\Users\Usuario\Documents\Projects\retoPescanova\frontend\.next\server\app\training\page.js:437:3)
    at Module._compile (node:internal/modules/cjs/loader:1730:14)
    at Object..js (node:internal/modules/cjs/loader:1895:10)
    at Module.load (node:internal/modules/cjs/loader:1465:32)
    at Function._load (node:internal/modules/cjs/loader:1282:12)
    at TracingChannel.traceSync (node:diagnostics_channel:322:14)
    at wrapModuleLoad (node:internal/modules/cjs/loader:235:24)
    at Module.<anonymous> (node:internal/modules/cjs/loader:1487:12)
    at mod.require (file://C:\Users\Usuario\Documents\Projects\retoPescanova\frontend\node_modules\next\dist\server\require-hook.js:68:28)
    at require (node:internal/modules/helpers:135:16)
    at requirePage (file://C:\Users\Usuario\Documents\Projects\retoPescanova\frontend\node_modules\next\dist\server\require.js:99:80)
    at loadComponentsImpl (file://C:\Users\Usuario\Documents\Projects\retoPescanova\frontend\node_modules\next\dist\server\load-components.js:132:57)
    at async DevServer.findPageComponentsImpl (file://C:\Users\Usuario\Documents\Projects\retoPescanova\frontend\node_modules\next\dist\server\next-server.js:900:36)
    at async DevServer.findPageComponents (file://C:\Users\Usuario\Documents\Projects\retoPescanova\frontend\node_modules\next\dist\server\dev\next-dev-server.js:706:16)
    at async DevServer.renderPageComponent (file://C:\Users\Usuario\Documents\Projects\retoPescanova\frontend\node_modules\next\dist\server\base-server.js:1468:24)
    at async DevServer.renderToResponseImpl (file://C:\Users\Usuario\Documents\Projects\retoPescanova\frontend\node_modules\next\dist\server\base-server.js:1522:32)
    at async DevServer.pipeImpl (file://C:\Users\Usuario\Documents\Projects\retoPescanova\frontend\node_modules\next\dist\server\base-server.js:1026:25)
    at async NextNodeServer.handleCatchallRenderRequest (file://C:\Users\Usuario\Documents\Projects\retoPescanova\frontend\node_modules\next\dist\server\next-server.js:394:17)
    at async DevServer.handleRequestImpl (file://C:\Users\Usuario\Documents\Projects\retoPescanova\frontend\node_modules\next\dist\server\base-server.js:917:17)
    at async (file://C:\Users\Usuario\Documents\Projects\retoPescanova\frontend\node_modules\next\dist\server\dev\next-dev-server.js:400:20)
    at async Span.traceAsyncFn (file://C:\Users\Usuario\Documents\Projects\retoPescanova\frontend\node_modules\next\dist\trace\trace.js:157:20)
    at async DevServer.handleRequest (file://C:\Users\Usuario\Documents\Projects\retoPescanova\frontend\node_modules\next\dist\server\dev\next-dev-server.js:396:24)
    at async invokeRender (file://C:\Users\Usuario\Documents\Projects\retoPescanova\frontend\node_modules\next\dist\server\lib\router-server.js:240:21)
    at async handleRequest (file://C:\Users\Usuario\Documents\Projects\retoPescanova\frontend\node_modules\next\dist\server\lib\router-server.js:437:24)
    at async requestHandlerImpl (file://C:\Users\Usuario\Documents\Projects\retoPescanova\frontend\node_modules\next\dist\server\lib\router-server.js:485:13)
    at async Server.requestListener (file://C:\Users\Usuario\Documents\Projects\retoPescanova\frontend\node_modules\next\dist\server\lib\start-server.js:226:13)
[   26013ms] [LOG] [HMR] connected @ webpack-internal:///(pages-dir-browser)/./node_modules/next/dist/client/dev/hot-reloader/pages/websocket.js:45
[   27730ms] [ERROR] Failed to load resource: the server responded with a status of 404 (Not Found) @ http://localhost:3000/_next/static/webpack/119d7b6dd4a66877.webpack.hot-update.json:0
[   27731ms] [WARNING] [Fast Refresh] performing full reload because your application had an unrecoverable error @ webpack-internal:///(pages-dir-browser)/./node_modules/next/dist/client/dev/hot-reloader/pages/hot-reloader-pages.js:347
[   28066ms] [ERROR] Failed to load resource: the server responded with a status of 500 (Internal Server Error) @ http://localhost:3000/training:0
[   28477ms] [INFO] %cDownload the React DevTools for a better development experience: https://reactjs.org/link/react-devtools font-weight:bold @ webpack-internal:///(pages-dir-browser)/./node_modules/react-dom/cjs/react-dom.development.js:29889
[   28505ms] TypeError: __webpack_modules__[moduleId] is not a function
    at __webpack_require__ (file://C:\Users\Usuario\Documents\Projects\retoPescanova\frontend\.next\server\webpack-runtime.js:25:42)
    at eval (webpack-internal:///(rsc)/./node_modules/next/dist/server/app-render/encryption-utils.js:40:35)
    at <unknown> (rsc)/./node_modules/next/dist/server/app-render/encryption-utils.js (C:\Users\Usuario\Documents\Projects\retoPescanova\frontend\.next\server\vendor-chunks\next.js:1773:1)
    at __webpack_require__ (file://C:\Users\Usuario\Documents\Projects\retoPescanova\frontend\.next\server\webpack-runtime.js:25:42)
    at eval (webpack-internal:///(rsc)/./node_modules/next/dist/build/webpack/loaders/next-app-loader/index.js?name=app%2Ftraining%2Fpage&page=%2Ftraining%2Fpage&appPaths=%2Ftraining%2Fpage&pagePath=private-next-app-dir%2Ftraining%2Fpage.tsx&appDir=C%3A%5CUsers%5CUsuario%5CDocuments%5CProjects%5CretoPescanova%5Cfrontend%5Capp&pageExtensions=tsx&pageExtensions=ts&pageExtensions=jsx&pageExtensions=js&rootDir=C%3A%5CUsers%5CUsuario%5CDocuments%5CProjects%5CretoPescanova%5Cfrontend&isDev=true&tsconfigPath=tsconfig.json&basePath=&assetPrefix=&nextConfigOutput=standalone&preferredRegion=&middlewareConfig=e30%3D&isGlobalNotFoundEnabled=!:28:103)
    at <unknown> (rsc)/./node_modules/next/dist/build/webpack/loaders/next-app-loader/index.js?name=app%2Ftraining%2Fpage&page=%2Ftraining%2Fpage&appPaths=%2Ftraining%2Fpage&pagePath=private-next-app-dir%2Ftraining%2Fpage.tsx&appDir=C%3A%5CUsers%5CUsuario%5CDocuments%5CProjects%5CretoPescanova%5Cfrontend%5Capp&pageExtensions=tsx&pageExtensions=ts&pageExtensions=jsx&pageExtensions=js&rootDir=C%3A%5CUsers%5CUsuario%5CDocuments%5CProjects%5CretoPescanova%5Cfrontend&isDev=true&tsconfigPath=tsconfig.json&basePath=&assetPrefix=&nextConfigOutput=standalone&preferredRegion=&middlewareConfig=e30%3D&isGlobalNotFoundEnabled=! (C:\Users\Usuario\Documents\Projects\retoPescanova\frontend\.next\server\app\training\page.js:66:1)
    at __webpack_require__ (file://C:\Users\Usuario\Documents\Projects\retoPescanova\frontend\.next\server\webpack-runtime.js:25:42)
    at __webpack_exec__ (file://C:\Users\Usuario\Documents\Projects\retoPescanova\frontend\.next\server\app\training\page.js:433:39)
    at <unknown> (file://C:\Users\Usuario\Documents\Projects\retoPescanova\frontend\.next\server\app\training\page.js:434:268)
    at __webpack_require__.X (file://C:\Users\Usuario\Documents\Projects\retoPescanova\frontend\.next\server\webpack-runtime.js:155:21)
    at <unknown> (file://C:\Users\Usuario\Documents\Projects\retoPescanova\frontend\.next\server\app\training\page.js:434:47)
    at Object.<anonymous> (file://C:\Users\Usuario\Documents\Projects\retoPescanova\frontend\.next\server\app\training\page.js:437:3)
    at Module._compile (node:internal/modules/cjs/loader:1730:14)
    at Object..js (node:internal/modules/cjs/loader:1895:10)
    at Module.load (node:internal/modules/cjs/loader:1465:32)
    at Function._load (node:internal/modules/cjs/loader:1282:12)
    at TracingChannel.traceSync (node:diagnostics_channel:322:14)
    at wrapModuleLoad (node:internal/modules/cjs/loader:235:24)
    at Module.<anonymous> (node:internal/modules/cjs/loader:1487:12)
    at mod.require (file://C:\Users\Usuario\Documents\Projects\retoPescanova\frontend\node_modules\next\dist\server\require-hook.js:68:28)
    at require (node:internal/modules/helpers:135:16)
    at requirePage (file://C:\Users\Usuario\Documents\Projects\retoPescanova\frontend\node_modules\next\dist\server\require.js:99:80)
    at loadComponentsImpl (file://C:\Users\Usuario\Documents\Projects\retoPescanova\frontend\node_modules\next\dist\server\load-components.js:132:57)
    at async DevServer.findPageComponentsImpl (file://C:\Users\Usuario\Documents\Projects\retoPescanova\frontend\node_modules\next\dist\server\next-server.js:900:36)
    at async DevServer.findPageComponents (file://C:\Users\Usuario\Documents\Projects\retoPescanova\frontend\node_modules\next\dist\server\dev\next-dev-server.js:706:16)
    at async DevServer.renderPageComponent (file://C:\Users\Usuario\Documents\Projects\retoPescanova\frontend\node_modules\next\dist\server\base-server.js:1468:24)
    at async DevServer.renderToResponseImpl (file://C:\Users\Usuario\Documents\Projects\retoPescanova\frontend\node_modules\next\dist\server\base-server.js:1522:32)
    at async DevServer.pipeImpl (file://C:\Users\Usuario\Documents\Projects\retoPescanova\frontend\node_modules\next\dist\server\base-server.js:1026:25)
    at async NextNodeServer.handleCatchallRenderRequest (file://C:\Users\Usuario\Documents\Projects\retoPescanova\frontend\node_modules\next\dist\server\next-server.js:394:17)
    at async DevServer.handleRequestImpl (file://C:\Users\Usuario\Documents\Projects\retoPescanova\frontend\node_modules\next\dist\server\base-server.js:917:17)
    at async (file://C:\Users\Usuario\Documents\Projects\retoPescanova\frontend\node_modules\next\dist\server\dev\next-dev-server.js:400:20)
    at async Span.traceAsyncFn (file://C:\Users\Usuario\Documents\Projects\retoPescanova\frontend\node_modules\next\dist\trace\trace.js:157:20)
    at async DevServer.handleRequest (file://C:\Users\Usuario\Documents\Projects\retoPescanova\frontend\node_modules\next\dist\server\dev\next-dev-server.js:396:24)
    at async invokeRender (file://C:\Users\Usuario\Documents\Projects\retoPescanova\frontend\node_modules\next\dist\server\lib\router-server.js:240:21)
    at async handleRequest (file://C:\Users\Usuario\Documents\Projects\retoPescanova\frontend\node_modules\next\dist\server\lib\router-server.js:437:24)
    at async requestHandlerImpl (file://C:\Users\Usuario\Documents\Projects\retoPescanova\frontend\node_modules\next\dist\server\lib\router-server.js:485:13)
    at async Server.requestListener (file://C:\Users\Usuario\Documents\Projects\retoPescanova\frontend\node_modules\next\dist\server\lib\start-server.js:226:13)
[   28504ms] [LOG] [HMR] connected @ webpack-internal:///(pages-dir-browser)/./node_modules/next/dist/client/dev/hot-reloader/pages/websocket.js:45
[   29298ms] [ERROR] Failed to load resource: the server responded with a status of 404 (Not Found) @ http://localhost:3000/_next/static/webpack/119d7b6dd4a66877.webpack.hot-update.json:0
[   29298ms] [WARNING] [Fast Refresh] performing full reload because your application had an unrecoverable error @ webpack-internal:///(pages-dir-browser)/./node_modules/next/dist/client/dev/hot-reloader/pages/hot-reloader-pages.js:347
[   29590ms] [ERROR] Failed to load resource: the server responded with a status of 500 (Internal Server Error) @ http://localhost:3000/training:0
[   30181ms] [INFO] %cDownload the React DevTools for a better development experience: https://reactjs.org/link/react-devtools font-weight:bold @ webpack-internal:///(pages-dir-browser)/./node_modules/react-dom/cjs/react-dom.development.js:29889
[   30205ms] TypeError: __webpack_modules__[moduleId] is not a function
    at __webpack_require__ (file://C:\Users\Usuario\Documents\Projects\retoPescanova\frontend\.next\server\webpack-runtime.js:25:42)
    at eval (webpack-internal:///(rsc)/./node_modules/next/dist/server/app-render/encryption-utils.js:40:35)
    at <unknown> (rsc)/./node_modules/next/dist/server/app-render/encryption-utils.js (C:\Users\Usuario\Documents\Projects\retoPescanova\frontend\.next\server\vendor-chunks\next.js:1773:1)
    at __webpack_require__ (file://C:\Users\Usuario\Documents\Projects\retoPescanova\frontend\.next\server\webpack-runtime.js:25:42)
    at eval (webpack-internal:///(rsc)/./node_modules/next/dist/build/webpack/loaders/next-app-loader/index.js?name=app%2Ftraining%2Fpage&page=%2Ftraining%2Fpage&appPaths=%2Ftraining%2Fpage&pagePath=private-next-app-dir%2Ftraining%2Fpage.tsx&appDir=C%3A%5CUsers%5CUsuario%5CDocuments%5CProjects%5CretoPescanova%5Cfrontend%5Capp&pageExtensions=tsx&pageExtensions=ts&pageExtensions=jsx&pageExtensions=js&rootDir=C%3A%5CUsers%5CUsuario%5CDocuments%5CProjects%5CretoPescanova%5Cfrontend&isDev=true&tsconfigPath=tsconfig.json&basePath=&assetPrefix=&nextConfigOutput=standalone&preferredRegion=&middlewareConfig=e30%3D&isGlobalNotFoundEnabled=!:28:103)
    at <unknown> (rsc)/./node_modules/next/dist/build/webpack/loaders/next-app-loader/index.js?name=app%2Ftraining%2Fpage&page=%2Ftraining%2Fpage&appPaths=%2Ftraining%2Fpage&pagePath=private-next-app-dir%2Ftraining%2Fpage.tsx&appDir=C%3A%5CUsers%5CUsuario%5CDocuments%5CProjects%5CretoPescanova%5Cfrontend%5Capp&pageExtensions=tsx&pageExtensions=ts&pageExtensions=jsx&pageExtensions=js&rootDir=C%3A%5CUsers%5CUsuario%5CDocuments%5CProjects%5CretoPescanova%5Cfrontend&isDev=true&tsconfigPath=tsconfig.json&basePath=&assetPrefix=&nextConfigOutput=standalone&preferredRegion=&middlewareConfig=e30%3D&isGlobalNotFoundEnabled=! (C:\Users\Usuario\Documents\Projects\retoPescanova\frontend\.next\server\app\training\page.js:66:1)
    at __webpack_require__ (file://C:\Users\Usuario\Documents\Projects\retoPescanova\frontend\.next\server\webpack-runtime.js:25:42)
    at __webpack_exec__ (file://C:\Users\Usuario\Documents\Projects\retoPescanova\frontend\.next\server\app\training\page.js:433:39)
    at <unknown> (file://C:\Users\Usuario\Documents\Projects\retoPescanova\frontend\.next\server\app\training\page.js:434:268)
    at __webpack_require__.X (file://C:\Users\Usuario\Documents\Projects\retoPescanova\frontend\.next\server\webpack-runtime.js:155:21)
    at <unknown> (file://C:\Users\Usuario\Documents\Projects\retoPescanova\frontend\.next\server\app\training\page.js:434:47)
    at Object.<anonymous> (file://C:\Users\Usuario\Documents\Projects\retoPescanova\frontend\.next\server\app\training\page.js:437:3)
    at Module._compile (node:internal/modules/cjs/loader:1730:14)
    at Object..js (node:internal/modules/cjs/loader:1895:10)
    at Module.load (node:internal/modules/cjs/loader:1465:32)
    at Function._load (node:internal/modules/cjs/loader:1282:12)
    at TracingChannel.traceSync (node:diagnostics_channel:322:14)
    at wrapModuleLoad (node:internal/modules/cjs/loader:235:24)
    at Module.<anonymous> (node:internal/modules/cjs/loader:1487:12)
    at mod.require (file://C:\Users\Usuario\Documents\Projects\retoPescanova\frontend\node_modules\next\dist\server\require-hook.js:68:28)
    at require (node:internal/modules/helpers:135:16)
    at requirePage (file://C:\Users\Usuario\Documents\Projects\retoPescanova\frontend\node_modules\next\dist\server\require.js:99:80)
    at loadComponentsImpl (file://C:\Users\Usuario\Documents\Projects\retoPescanova\frontend\node_modules\next\dist\server\load-components.js:132:57)
    at async DevServer.findPageComponentsImpl (file://C:\Users\Usuario\Documents\Projects\retoPescanova\frontend\node_modules\next\dist\server\next-server.js:900:36)
    at async DevServer.findPageComponents (file://C:\Users\Usuario\Documents\Projects\retoPescanova\frontend\node_modules\next\dist\server\dev\next-dev-server.js:706:16)
    at async DevServer.renderPageComponent (file://C:\Users\Usuario\Documents\Projects\retoPescanova\frontend\node_modules\next\dist\server\base-server.js:1468:24)
    at async DevServer.renderToResponseImpl (file://C:\Users\Usuario\Documents\Projects\retoPescanova\frontend\node_modules\next\dist\server\base-server.js:1522:32)
    at async DevServer.pipeImpl (file://C:\Users\Usuario\Documents\Projects\retoPescanova\frontend\node_modules\next\dist\server\base-server.js:1026:25)
    at async NextNodeServer.handleCatchallRenderRequest (file://C:\Users\Usuario\Documents\Projects\retoPescanova\frontend\node_modules\next\dist\server\next-server.js:394:17)
    at async DevServer.handleRequestImpl (file://C:\Users\Usuario\Documents\Projects\retoPescanova\frontend\node_modules\next\dist\server\base-server.js:917:17)
    at async (file://C:\Users\Usuario\Documents\Projects\retoPescanova\frontend\node_modules\next\dist\server\dev\next-dev-server.js:400:20)
    at async Span.traceAsyncFn (file://C:\Users\Usuario\Documents\Projects\retoPescanova\frontend\node_modules\next\dist\trace\trace.js:157:20)
    at async DevServer.handleRequest (file://C:\Users\Usuario\Documents\Projects\retoPescanova\frontend\node_modules\next\dist\server\dev\next-dev-server.js:396:24)
    at async invokeRender (file://C:\Users\Usuario\Documents\Projects\retoPescanova\frontend\node_modules\next\dist\server\lib\router-server.js:240:21)
    at async handleRequest (file://C:\Users\Usuario\Documents\Projects\retoPescanova\frontend\node_modules\next\dist\server\lib\router-server.js:437:24)
    at async requestHandlerImpl (file://C:\Users\Usuario\Documents\Projects\retoPescanova\frontend\node_modules\next\dist\server\lib\router-server.js:485:13)
    at async Server.requestListener (file://C:\Users\Usuario\Documents\Projects\retoPescanova\frontend\node_modules\next\dist\server\lib\start-server.js:226:13)
[   30204ms] [LOG] [HMR] connected @ webpack-internal:///(pages-dir-browser)/./node_modules/next/dist/client/dev/hot-reloader/pages/websocket.js:45
[   31942ms] [ERROR] Failed to load resource: the server responded with a status of 404 (Not Found) @ http://localhost:3000/_next/static/webpack/119d7b6dd4a66877.webpack.hot-update.json:0
[   31942ms] [WARNING] [Fast Refresh] performing full reload because your application had an unrecoverable error @ webpack-internal:///(pages-dir-browser)/./node_modules/next/dist/client/dev/hot-reloader/pages/hot-reloader-pages.js:347
[   32236ms] [ERROR] Failed to load resource: the server responded with a status of 500 (Internal Server Error) @ http://localhost:3000/training:0
[   32695ms] [INFO] %cDownload the React DevTools for a better development experience: https://reactjs.org/link/react-devtools font-weight:bold @ webpack-internal:///(pages-dir-browser)/./node_modules/react-dom/cjs/react-dom.development.js:29889
[   32723ms] TypeError: __webpack_modules__[moduleId] is not a function
    at __webpack_require__ (file://C:\Users\Usuario\Documents\Projects\retoPescanova\frontend\.next\server\webpack-runtime.js:25:42)
    at eval (webpack-internal:///(rsc)/./node_modules/next/dist/server/app-render/encryption-utils.js:40:35)
    at <unknown> (rsc)/./node_modules/next/dist/server/app-render/encryption-utils.js (C:\Users\Usuario\Documents\Projects\retoPescanova\frontend\.next\server\vendor-chunks\next.js:1773:1)
    at __webpack_require__ (file://C:\Users\Usuario\Documents\Projects\retoPescanova\frontend\.next\server\webpack-runtime.js:25:42)
    at eval (webpack-internal:///(rsc)/./node_modules/next/dist/build/webpack/loaders/next-app-loader/index.js?name=app%2Ftraining%2Fpage&page=%2Ftraining%2Fpage&appPaths=%2Ftraining%2Fpage&pagePath=private-next-app-dir%2Ftraining%2Fpage.tsx&appDir=C%3A%5CUsers%5CUsuario%5CDocuments%5CProjects%5CretoPescanova%5Cfrontend%5Capp&pageExtensions=tsx&pageExtensions=ts&pageExtensions=jsx&pageExtensions=js&rootDir=C%3A%5CUsers%5CUsuario%5CDocuments%5CProjects%5CretoPescanova%5Cfrontend&isDev=true&tsconfigPath=tsconfig.json&basePath=&assetPrefix=&nextConfigOutput=standalone&preferredRegion=&middlewareConfig=e30%3D&isGlobalNotFoundEnabled=!:28:103)
    at <unknown> (rsc)/./node_modules/next/dist/build/webpack/loaders/next-app-loader/index.js?name=app%2Ftraining%2Fpage&page=%2Ftraining%2Fpage&appPaths=%2Ftraining%2Fpage&pagePath=private-next-app-dir%2Ftraining%2Fpage.tsx&appDir=C%3A%5CUsers%5CUsuario%5CDocuments%5CProjects%5CretoPescanova%5Cfrontend%5Capp&pageExtensions=tsx&pageExtensions=ts&pageExtensions=jsx&pageExtensions=js&rootDir=C%3A%5CUsers%5CUsuario%5CDocuments%5CProjects%5CretoPescanova%5Cfrontend&isDev=true&tsconfigPath=tsconfig.json&basePath=&assetPrefix=&nextConfigOutput=standalone&preferredRegion=&middlewareConfig=e30%3D&isGlobalNotFoundEnabled=! (C:\Users\Usuario\Documents\Projects\retoPescanova\frontend\.next\server\app\training\page.js:66:1)
    at __webpack_require__ (file://C:\Users\Usuario\Documents\Projects\retoPescanova\frontend\.next\server\webpack-runtime.js:25:42)
    at __webpack_exec__ (file://C:\Users\Usuario\Documents\Projects\retoPescanova\frontend\.next\server\app\training\page.js:433:39)
    at <unknown> (file://C:\Users\Usuario\Documents\Projects\retoPescanova\frontend\.next\server\app\training\page.js:434:268)
    at __webpack_require__.X (file://C:\Users\Usuario\Documents\Projects\retoPescanova\frontend\.next\server\webpack-runtime.js:155:21)
    at <unknown> (file://C:\Users\Usuario\Documents\Projects\retoPescanova\frontend\.next\server\app\training\page.js:434:47)
    at Object.<anonymous> (file://C:\Users\Usuario\Documents\Projects\retoPescanova\frontend\.next\server\app\training\page.js:437:3)
    at Module._compile (node:internal/modules/cjs/loader:1730:14)
    at Object..js (node:internal/modules/cjs/loader:1895:10)
    at Module.load (node:internal/modules/cjs/loader:1465:32)
    at Function._load (node:internal/modules/cjs/loader:1282:12)
    at TracingChannel.traceSync (node:diagnostics_channel:322:14)
    at wrapModuleLoad (node:internal/modules/cjs/loader:235:24)
    at Module.<anonymous> (node:internal/modules/cjs/loader:1487:12)
    at mod.require (file://C:\Users\Usuario\Documents\Projects\retoPescanova\frontend\node_modules\next\dist\server\require-hook.js:68:28)
    at require (node:internal/modules/helpers:135:16)
    at requirePage (file://C:\Users\Usuario\Documents\Projects\retoPescanova\frontend\node_modules\next\dist\server\require.js:99:80)
    at loadComponentsImpl (file://C:\Users\Usuario\Documents\Projects\retoPescanova\frontend\node_modules\next\dist\server\load-components.js:132:57)
    at async DevServer.findPageComponentsImpl (file://C:\Users\Usuario\Documents\Projects\retoPescanova\frontend\node_modules\next\dist\server\next-server.js:900:36)
    at async DevServer.findPageComponents (file://C:\Users\Usuario\Documents\Projects\retoPescanova\frontend\node_modules\next\dist\server\dev\next-dev-server.js:706:16)
    at async DevServer.renderPageComponent (file://C:\Users\Usuario\Documents\Projects\retoPescanova\frontend\node_modules\next\dist\server\base-server.js:1468:24)
    at async DevServer.renderToResponseImpl (file://C:\Users\Usuario\Documents\Projects\retoPescanova\frontend\node_modules\next\dist\server\base-server.js:1522:32)
    at async DevServer.pipeImpl (file://C:\Users\Usuario\Documents\Projects\retoPescanova\frontend\node_modules\next\dist\server\base-server.js:1026:25)
    at async NextNodeServer.handleCatchallRenderRequest (file://C:\Users\Usuario\Documents\Projects\retoPescanova\frontend\node_modules\next\dist\server\next-server.js:394:17)
    at async DevServer.handleRequestImpl (file://C:\Users\Usuario\Documents\Projects\retoPescanova\frontend\node_modules\next\dist\server\base-server.js:917:17)
    at async (file://C:\Users\Usuario\Documents\Projects\retoPescanova\frontend\node_modules\next\dist\server\dev\next-dev-server.js:400:20)
    at async Span.traceAsyncFn (file://C:\Users\Usuario\Documents\Projects\retoPescanova\frontend\node_modules\next\dist\trace\trace.js:157:20)
    at async DevServer.handleRequest (file://C:\Users\Usuario\Documents\Projects\retoPescanova\frontend\node_modules\next\dist\server\dev\next-dev-server.js:396:24)
    at async invokeRender (file://C:\Users\Usuario\Documents\Projects\retoPescanova\frontend\node_modules\next\dist\server\lib\router-server.js:240:21)
    at async handleRequest (file://C:\Users\Usuario\Documents\Projects\retoPescanova\frontend\node_modules\next\dist\server\lib\router-server.js:437:24)
    at async requestHandlerImpl (file://C:\Users\Usuario\Documents\Projects\retoPescanova\frontend\node_modules\next\dist\server\lib\router-server.js:485:13)
    at async Server.requestListener (file://C:\Users\Usuario\Documents\Projects\retoPescanova\frontend\node_modules\next\dist\server\lib\start-server.js:226:13)
[   32724ms] [LOG] [HMR] connected @ webpack-internal:///(pages-dir-browser)/./node_modules/next/dist/client/dev/hot-reloader/pages/websocket.js:45
[   33549ms] [ERROR] Failed to load resource: the server responded with a status of 404 (Not Found) @ http://localhost:3000/_next/static/webpack/119d7b6dd4a66877.webpack.hot-update.json:0
[   33549ms] [WARNING] [Fast Refresh] performing full reload because your application had an unrecoverable error @ webpack-internal:///(pages-dir-browser)/./node_modules/next/dist/client/dev/hot-reloader/pages/hot-reloader-pages.js:347
[   33842ms] [ERROR] Failed to load resource: the server responded with a status of 500 (Internal Server Error) @ http://localhost:3000/training:0
[   34454ms] [INFO] %cDownload the React DevTools for a better development experience: https://reactjs.org/link/react-devtools font-weight:bold @ webpack-internal:///(pages-dir-browser)/./node_modules/react-dom/cjs/react-dom.development.js:29889
[   34483ms] TypeError: __webpack_modules__[moduleId] is not a function
    at __webpack_require__ (file://C:\Users\Usuario\Documents\Projects\retoPescanova\frontend\.next\server\webpack-runtime.js:25:42)
    at eval (webpack-internal:///(rsc)/./node_modules/next/dist/server/app-render/encryption-utils.js:40:35)
    at <unknown> (rsc)/./node_modules/next/dist/server/app-render/encryption-utils.js (C:\Users\Usuario\Documents\Projects\retoPescanova\frontend\.next\server\vendor-chunks\next.js:1773:1)
    at __webpack_require__ (file://C:\Users\Usuario\Documents\Projects\retoPescanova\frontend\.next\server\webpack-runtime.js:25:42)
    at eval (webpack-internal:///(rsc)/./node_modules/next/dist/build/webpack/loaders/next-app-loader/index.js?name=app%2Ftraining%2Fpage&page=%2Ftraining%2Fpage&appPaths=%2Ftraining%2Fpage&pagePath=private-next-app-dir%2Ftraining%2Fpage.tsx&appDir=C%3A%5CUsers%5CUsuario%5CDocuments%5CProjects%5CretoPescanova%5Cfrontend%5Capp&pageExtensions=tsx&pageExtensions=ts&pageExtensions=jsx&pageExtensions=js&rootDir=C%3A%5CUsers%5CUsuario%5CDocuments%5CProjects%5CretoPescanova%5Cfrontend&isDev=true&tsconfigPath=tsconfig.json&basePath=&assetPrefix=&nextConfigOutput=standalone&preferredRegion=&middlewareConfig=e30%3D&isGlobalNotFoundEnabled=!:28:103)
    at <unknown> (rsc)/./node_modules/next/dist/build/webpack/loaders/next-app-loader/index.js?name=app%2Ftraining%2Fpage&page=%2Ftraining%2Fpage&appPaths=%2Ftraining%2Fpage&pagePath=private-next-app-dir%2Ftraining%2Fpage.tsx&appDir=C%3A%5CUsers%5CUsuario%5CDocuments%5CProjects%5CretoPescanova%5Cfrontend%5Capp&pageExtensions=tsx&pageExtensions=ts&pageExtensions=jsx&pageExtensions=js&rootDir=C%3A%5CUsers%5CUsuario%5CDocuments%5CProjects%5CretoPescanova%5Cfrontend&isDev=true&tsconfigPath=tsconfig.json&basePath=&assetPrefix=&nextConfigOutput=standalone&preferredRegion=&middlewareConfig=e30%3D&isGlobalNotFoundEnabled=! (C:\Users\Usuario\Documents\Projects\retoPescanova\frontend\.next\server\app\training\page.js:66:1)
    at __webpack_require__ (file://C:\Users\Usuario\Documents\Projects\retoPescanova\frontend\.next\server\webpack-runtime.js:25:42)
    at __webpack_exec__ (file://C:\Users\Usuario\Documents\Projects\retoPescanova\frontend\.next\server\app\training\page.js:433:39)
    at <unknown> (file://C:\Users\Usuario\Documents\Projects\retoPescanova\frontend\.next\server\app\training\page.js:434:268)
    at __webpack_require__.X (file://C:\Users\Usuario\Documents\Projects\retoPescanova\frontend\.next\server\webpack-runtime.js:155:21)
    at <unknown> (file://C:\Users\Usuario\Documents\Projects\retoPescanova\frontend\.next\server\app\training\page.js:434:47)
    at Object.<anonymous> (file://C:\Users\Usuario\Documents\Projects\retoPescanova\frontend\.next\server\app\training\page.js:437:3)
    at Module._compile (node:internal/modules/cjs/loader:1730:14)
    at Object..js (node:internal/modules/cjs/loader:1895:10)
    at Module.load (node:internal/modules/cjs/loader:1465:32)
    at Function._load (node:internal/modules/cjs/loader:1282:12)
    at TracingChannel.traceSync (node:diagnostics_channel:322:14)
    at wrapModuleLoad (node:internal/modules/cjs/loader:235:24)
    at Module.<anonymous> (node:internal/modules/cjs/loader:1487:12)
    at mod.require (file://C:\Users\Usuario\Documents\Projects\retoPescanova\frontend\node_modules\next\dist\server\require-hook.js:68:28)
    at require (node:internal/modules/helpers:135:16)
    at requirePage (file://C:\Users\Usuario\Documents\Projects\retoPescanova\frontend\node_modules\next\dist\server\require.js:99:80)
    at loadComponentsImpl (file://C:\Users\Usuario\Documents\Projects\retoPescanova\frontend\node_modules\next\dist\server\load-components.js:132:57)
    at async DevServer.findPageComponentsImpl (file://C:\Users\Usuario\Documents\Projects\retoPescanova\frontend\node_modules\next\dist\server\next-server.js:900:36)
    at async DevServer.findPageComponents (file://C:\Users\Usuario\Documents\Projects\retoPescanova\frontend\node_modules\next\dist\server\dev\next-dev-server.js:706:16)
    at async DevServer.renderPageComponent (file://C:\Users\Usuario\Documents\Projects\retoPescanova\frontend\node_modules\next\dist\server\base-server.js:1468:24)
    at async DevServer.renderToResponseImpl (file://C:\Users\Usuario\Documents\Projects\retoPescanova\frontend\node_modules\next\dist\server\base-server.js:1522:32)
    at async DevServer.pipeImpl (file://C:\Users\Usuario\Documents\Projects\retoPescanova\frontend\node_modules\next\dist\server\base-server.js:1026:25)
    at async NextNodeServer.handleCatchallRenderRequest (file://C:\Users\Usuario\Documents\Projects\retoPescanova\frontend\node_modules\next\dist\server\next-server.js:394:17)
    at async DevServer.handleRequestImpl (file://C:\Users\Usuario\Documents\Projects\retoPescanova\frontend\node_modules\next\dist\server\base-server.js:917:17)
    at async (file://C:\Users\Usuario\Documents\Projects\retoPescanova\frontend\node_modules\next\dist\server\dev\next-dev-server.js:400:20)
    at async Span.traceAsyncFn (file://C:\Users\Usuario\Documents\Projects\retoPescanova\frontend\node_modules\next\dist\trace\trace.js:157:20)
    at async DevServer.handleRequest (file://C:\Users\Usuario\Documents\Projects\retoPescanova\frontend\node_modules\next\dist\server\dev\next-dev-server.js:396:24)
    at async invokeRender (file://C:\Users\Usuario\Documents\Projects\retoPescanova\frontend\node_modules\next\dist\server\lib\router-server.js:240:21)
    at async handleRequest (file://C:\Users\Usuario\Documents\Projects\retoPescanova\frontend\node_modules\next\dist\server\lib\router-server.js:437:24)
    at async requestHandlerImpl (file://C:\Users\Usuario\Documents\Projects\retoPescanova\frontend\node_modules\next\dist\server\lib\router-server.js:485:13)
    at async Server.requestListener (file://C:\Users\Usuario\Documents\Projects\retoPescanova\frontend\node_modules\next\dist\server\lib\start-server.js:226:13)
[   34484ms] [LOG] [HMR] connected @ webpack-internal:///(pages-dir-browser)/./node_modules/next/dist/client/dev/hot-reloader/pages/websocket.js:45
[   36201ms] [ERROR] Failed to load resource: the server responded with a status of 404 (Not Found) @ http://localhost:3000/_next/static/webpack/119d7b6dd4a66877.webpack.hot-update.json:0
[   36201ms] [WARNING] [Fast Refresh] performing full reload because your application had an unrecoverable error @ webpack-internal:///(pages-dir-browser)/./node_modules/next/dist/client/dev/hot-reloader/pages/hot-reloader-pages.js:347
[   36505ms] [ERROR] Failed to load resource: the server responded with a status of 500 (Internal Server Error) @ http://localhost:3000/training:0
[   37082ms] [INFO] %cDownload the React DevTools for a better development experience: https://reactjs.org/link/react-devtools font-weight:bold @ webpack-internal:///(pages-dir-browser)/./node_modules/react-dom/cjs/react-dom.development.js:29889
[   37111ms] TypeError: __webpack_modules__[moduleId] is not a function
    at __webpack_require__ (file://C:\Users\Usuario\Documents\Projects\retoPescanova\frontend\.next\server\webpack-runtime.js:25:42)
    at eval (webpack-internal:///(rsc)/./node_modules/next/dist/server/app-render/encryption-utils.js:40:35)
    at <unknown> (rsc)/./node_modules/next/dist/server/app-render/encryption-utils.js (C:\Users\Usuario\Documents\Projects\retoPescanova\frontend\.next\server\vendor-chunks\next.js:1773:1)
    at __webpack_require__ (file://C:\Users\Usuario\Documents\Projects\retoPescanova\frontend\.next\server\webpack-runtime.js:25:42)
    at eval (webpack-internal:///(rsc)/./node_modules/next/dist/build/webpack/loaders/next-app-loader/index.js?name=app%2Ftraining%2Fpage&page=%2Ftraining%2Fpage&appPaths=%2Ftraining%2Fpage&pagePath=private-next-app-dir%2Ftraining%2Fpage.tsx&appDir=C%3A%5CUsers%5CUsuario%5CDocuments%5CProjects%5CretoPescanova%5Cfrontend%5Capp&pageExtensions=tsx&pageExtensions=ts&pageExtensions=jsx&pageExtensions=js&rootDir=C%3A%5CUsers%5CUsuario%5CDocuments%5CProjects%5CretoPescanova%5Cfrontend&isDev=true&tsconfigPath=tsconfig.json&basePath=&assetPrefix=&nextConfigOutput=standalone&preferredRegion=&middlewareConfig=e30%3D&isGlobalNotFoundEnabled=!:28:103)
    at <unknown> (rsc)/./node_modules/next/dist/build/webpack/loaders/next-app-loader/index.js?name=app%2Ftraining%2Fpage&page=%2Ftraining%2Fpage&appPaths=%2Ftraining%2Fpage&pagePath=private-next-app-dir%2Ftraining%2Fpage.tsx&appDir=C%3A%5CUsers%5CUsuario%5CDocuments%5CProjects%5CretoPescanova%5Cfrontend%5Capp&pageExtensions=tsx&pageExtensions=ts&pageExtensions=jsx&pageExtensions=js&rootDir=C%3A%5CUsers%5CUsuario%5CDocuments%5CProjects%5CretoPescanova%5Cfrontend&isDev=true&tsconfigPath=tsconfig.json&basePath=&assetPrefix=&nextConfigOutput=standalone&preferredRegion=&middlewareConfig=e30%3D&isGlobalNotFoundEnabled=! (C:\Users\Usuario\Documents\Projects\retoPescanova\frontend\.next\server\app\training\page.js:66:1)
    at __webpack_require__ (file://C:\Users\Usuario\Documents\Projects\retoPescanova\frontend\.next\server\webpack-runtime.js:25:42)
    at __webpack_exec__ (file://C:\Users\Usuario\Documents\Projects\retoPescanova\frontend\.next\server\app\training\page.js:433:39)
    at <unknown> (file://C:\Users\Usuario\Documents\Projects\retoPescanova\frontend\.next\server\app\training\page.js:434:268)
    at __webpack_require__.X (file://C:\Users\Usuario\Documents\Projects\retoPescanova\frontend\.next\server\webpack-runtime.js:155:21)
    at <unknown> (file://C:\Users\Usuario\Documents\Projects\retoPescanova\frontend\.next\server\app\training\page.js:434:47)
    at Object.<anonymous> (file://C:\Users\Usuario\Documents\Projects\retoPescanova\frontend\.next\server\app\training\page.js:437:3)
    at Module._compile (node:internal/modules/cjs/loader:1730:14)
    at Object..js (node:internal/modules/cjs/loader:1895:10)
    at Module.load (node:internal/modules/cjs/loader:1465:32)
    at Function._load (node:internal/modules/cjs/loader:1282:12)
    at TracingChannel.traceSync (node:diagnostics_channel:322:14)
    at wrapModuleLoad (node:internal/modules/cjs/loader:235:24)
    at Module.<anonymous> (node:internal/modules/cjs/loader:1487:12)
    at mod.require (file://C:\Users\Usuario\Documents\Projects\retoPescanova\frontend\node_modules\next\dist\server\require-hook.js:68:28)
    at require (node:internal/modules/helpers:135:16)
    at requirePage (file://C:\Users\Usuario\Documents\Projects\retoPescanova\frontend\node_modules\next\dist\server\require.js:99:80)
    at loadComponentsImpl (file://C:\Users\Usuario\Documents\Projects\retoPescanova\frontend\node_modules\next\dist\server\load-components.js:132:57)
    at async DevServer.findPageComponentsImpl (file://C:\Users\Usuario\Documents\Projects\retoPescanova\frontend\node_modules\next\dist\server\next-server.js:900:36)
    at async DevServer.findPageComponents (file://C:\Users\Usuario\Documents\Projects\retoPescanova\frontend\node_modules\next\dist\server\dev\next-dev-server.js:706:16)
    at async DevServer.renderPageComponent (file://C:\Users\Usuario\Documents\Projects\retoPescanova\frontend\node_modules\next\dist\server\base-server.js:1468:24)
    at async DevServer.renderToResponseImpl (file://C:\Users\Usuario\Documents\Projects\retoPescanova\frontend\node_modules\next\dist\server\base-server.js:1522:32)
    at async DevServer.pipeImpl (file://C:\Users\Usuario\Documents\Projects\retoPescanova\frontend\node_modules\next\dist\server\base-server.js:1026:25)
    at async NextNodeServer.handleCatchallRenderRequest (file://C:\Users\Usuario\Documents\Projects\retoPescanova\frontend\node_modules\next\dist\server\next-server.js:394:17)
    at async DevServer.handleRequestImpl (file://C:\Users\Usuario\Documents\Projects\retoPescanova\frontend\node_modules\next\dist\server\base-server.js:917:17)
    at async (file://C:\Users\Usuario\Documents\Projects\retoPescanova\frontend\node_modules\next\dist\server\dev\next-dev-server.js:400:20)
    at async Span.traceAsyncFn (file://C:\Users\Usuario\Documents\Projects\retoPescanova\frontend\node_modules\next\dist\trace\trace.js:157:20)
    at async DevServer.handleRequest (file://C:\Users\Usuario\Documents\Projects\retoPescanova\frontend\node_modules\next\dist\server\dev\next-dev-server.js:396:24)
    at async invokeRender (file://C:\Users\Usuario\Documents\Projects\retoPescanova\frontend\node_modules\next\dist\server\lib\router-server.js:240:21)
    at async handleRequest (file://C:\Users\Usuario\Documents\Projects\retoPescanova\frontend\node_modules\next\dist\server\lib\router-server.js:437:24)
    at async requestHandlerImpl (file://C:\Users\Usuario\Documents\Projects\retoPescanova\frontend\node_modules\next\dist\server\lib\router-server.js:485:13)
    at async Server.requestListener (file://C:\Users\Usuario\Documents\Projects\retoPescanova\frontend\node_modules\next\dist\server\lib\start-server.js:226:13)
[   37111ms] [LOG] [HMR] connected @ webpack-internal:///(pages-dir-browser)/./node_modules/next/dist/client/dev/hot-reloader/pages/websocket.js:45
[   37923ms] [ERROR] Failed to load resource: the server responded with a status of 404 (Not Found) @ http://localhost:3000/_next/static/webpack/119d7b6dd4a66877.webpack.hot-update.json:0
[   37923ms] [WARNING] [Fast Refresh] performing full reload because your application had an unrecoverable error @ webpack-internal:///(pages-dir-browser)/./node_modules/next/dist/client/dev/hot-reloader/pages/hot-reloader-pages.js:347
[   38215ms] [ERROR] Failed to load resource: the server responded with a status of 500 (Internal Server Error) @ http://localhost:3000/training:0
[   38832ms] [INFO] %cDownload the React DevTools for a better development experience: https://reactjs.org/link/react-devtools font-weight:bold @ webpack-internal:///(pages-dir-browser)/./node_modules/react-dom/cjs/react-dom.development.js:29889
[   38860ms] TypeError: __webpack_modules__[moduleId] is not a function
    at __webpack_require__ (file://C:\Users\Usuario\Documents\Projects\retoPescanova\frontend\.next\server\webpack-runtime.js:25:42)
    at eval (webpack-internal:///(rsc)/./node_modules/next/dist/server/app-render/encryption-utils.js:40:35)
    at <unknown> (rsc)/./node_modules/next/dist/server/app-render/encryption-utils.js (C:\Users\Usuario\Documents\Projects\retoPescanova\frontend\.next\server\vendor-chunks\next.js:1773:1)
    at __webpack_require__ (file://C:\Users\Usuario\Documents\Projects\retoPescanova\frontend\.next\server\webpack-runtime.js:25:42)
    at eval (webpack-internal:///(rsc)/./node_modules/next/dist/build/webpack/loaders/next-app-loader/index.js?name=app%2Ftraining%2Fpage&page=%2Ftraining%2Fpage&appPaths=%2Ftraining%2Fpage&pagePath=private-next-app-dir%2Ftraining%2Fpage.tsx&appDir=C%3A%5CUsers%5CUsuario%5CDocuments%5CProjects%5CretoPescanova%5Cfrontend%5Capp&pageExtensions=tsx&pageExtensions=ts&pageExtensions=jsx&pageExtensions=js&rootDir=C%3A%5CUsers%5CUsuario%5CDocuments%5CProjects%5CretoPescanova%5Cfrontend&isDev=true&tsconfigPath=tsconfig.json&basePath=&assetPrefix=&nextConfigOutput=standalone&preferredRegion=&middlewareConfig=e30%3D&isGlobalNotFoundEnabled=!:28:103)
    at <unknown> (rsc)/./node_modules/next/dist/build/webpack/loaders/next-app-loader/index.js?name=app%2Ftraining%2Fpage&page=%2Ftraining%2Fpage&appPaths=%2Ftraining%2Fpage&pagePath=private-next-app-dir%2Ftraining%2Fpage.tsx&appDir=C%3A%5CUsers%5CUsuario%5CDocuments%5CProjects%5CretoPescanova%5Cfrontend%5Capp&pageExtensions=tsx&pageExtensions=ts&pageExtensions=jsx&pageExtensions=js&rootDir=C%3A%5CUsers%5CUsuario%5CDocuments%5CProjects%5CretoPescanova%5Cfrontend&isDev=true&tsconfigPath=tsconfig.json&basePath=&assetPrefix=&nextConfigOutput=standalone&preferredRegion=&middlewareConfig=e30%3D&isGlobalNotFoundEnabled=! (C:\Users\Usuario\Documents\Projects\retoPescanova\frontend\.next\server\app\training\page.js:66:1)
    at __webpack_require__ (file://C:\Users\Usuario\Documents\Projects\retoPescanova\frontend\.next\server\webpack-runtime.js:25:42)
    at __webpack_exec__ (file://C:\Users\Usuario\Documents\Projects\retoPescanova\frontend\.next\server\app\training\page.js:433:39)
    at <unknown> (file://C:\Users\Usuario\Documents\Projects\retoPescanova\frontend\.next\server\app\training\page.js:434:268)
    at __webpack_require__.X (file://C:\Users\Usuario\Documents\Projects\retoPescanova\frontend\.next\server\webpack-runtime.js:155:21)
    at <unknown> (file://C:\Users\Usuario\Documents\Projects\retoPescanova\frontend\.next\server\app\training\page.js:434:47)
    at Object.<anonymous> (file://C:\Users\Usuario\Documents\Projects\retoPescanova\frontend\.next\server\app\training\page.js:437:3)
    at Module._compile (node:internal/modules/cjs/loader:1730:14)
    at Object..js (node:internal/modules/cjs/loader:1895:10)
    at Module.load (node:internal/modules/cjs/loader:1465:32)
    at Function._load (node:internal/modules/cjs/loader:1282:12)
    at TracingChannel.traceSync (node:diagnostics_channel:322:14)
    at wrapModuleLoad (node:internal/modules/cjs/loader:235:24)
    at Module.<anonymous> (node:internal/modules/cjs/loader:1487:12)
    at mod.require (file://C:\Users\Usuario\Documents\Projects\retoPescanova\frontend\node_modules\next\dist\server\require-hook.js:68:28)
    at require (node:internal/modules/helpers:135:16)
    at requirePage (file://C:\Users\Usuario\Documents\Projects\retoPescanova\frontend\node_modules\next\dist\server\require.js:99:80)
    at loadComponentsImpl (file://C:\Users\Usuario\Documents\Projects\retoPescanova\frontend\node_modules\next\dist\server\load-components.js:132:57)
    at async DevServer.findPageComponentsImpl (file://C:\Users\Usuario\Documents\Projects\retoPescanova\frontend\node_modules\next\dist\server\next-server.js:900:36)
    at async DevServer.findPageComponents (file://C:\Users\Usuario\Documents\Projects\retoPescanova\frontend\node_modules\next\dist\server\dev\next-dev-server.js:706:16)
    at async DevServer.renderPageComponent (file://C:\Users\Usuario\Documents\Projects\retoPescanova\frontend\node_modules\next\dist\server\base-server.js:1468:24)
    at async DevServer.renderToResponseImpl (file://C:\Users\Usuario\Documents\Projects\retoPescanova\frontend\node_modules\next\dist\server\base-server.js:1522:32)
    at async DevServer.pipeImpl (file://C:\Users\Usuario\Documents\Projects\retoPescanova\frontend\node_modules\next\dist\server\base-server.js:1026:25)
    at async NextNodeServer.handleCatchallRenderRequest (file://C:\Users\Usuario\Documents\Projects\retoPescanova\frontend\node_modules\next\dist\server\next-server.js:394:17)
    at async DevServer.handleRequestImpl (file://C:\Users\Usuario\Documents\Projects\retoPescanova\frontend\node_modules\next\dist\server\base-server.js:917:17)
    at async (file://C:\Users\Usuario\Documents\Projects\retoPescanova\frontend\node_modules\next\dist\server\dev\next-dev-server.js:400:20)
    at async Span.traceAsyncFn (file://C:\Users\Usuario\Documents\Projects\retoPescanova\frontend\node_modules\next\dist\trace\trace.js:157:20)
    at async DevServer.handleRequest (file://C:\Users\Usuario\Documents\Projects\retoPescanova\frontend\node_modules\next\dist\server\dev\next-dev-server.js:396:24)
    at async invokeRender (file://C:\Users\Usuario\Documents\Projects\retoPescanova\frontend\node_modules\next\dist\server\lib\router-server.js:240:21)
    at async handleRequest (file://C:\Users\Usuario\Documents\Projects\retoPescanova\frontend\node_modules\next\dist\server\lib\router-server.js:437:24)
    at async requestHandlerImpl (file://C:\Users\Usuario\Documents\Projects\retoPescanova\frontend\node_modules\next\dist\server\lib\router-server.js:485:13)
    at async Server.requestListener (file://C:\Users\Usuario\Documents\Projects\retoPescanova\frontend\node_modules\next\dist\server\lib\start-server.js:226:13)
[   38861ms] [LOG] [HMR] connected @ webpack-internal:///(pages-dir-browser)/./node_modules/next/dist/client/dev/hot-reloader/pages/websocket.js:45
[   40871ms] [ERROR] Failed to load resource: the server responded with a status of 404 (Not Found) @ http://localhost:3000/_next/static/webpack/119d7b6dd4a66877.webpack.hot-update.json:0
[   40871ms] [WARNING] [Fast Refresh] performing full reload because your application had an unrecoverable error @ webpack-internal:///(pages-dir-browser)/./node_modules/next/dist/client/dev/hot-reloader/pages/hot-reloader-pages.js:347
[   41309ms] [ERROR] Failed to load resource: the server responded with a status of 500 (Internal Server Error) @ http://localhost:3000/training:0
[   41899ms] [INFO] %cDownload the React DevTools for a better development experience: https://reactjs.org/link/react-devtools font-weight:bold @ webpack-internal:///(pages-dir-browser)/./node_modules/react-dom/cjs/react-dom.development.js:29889
[   41932ms] TypeError: __webpack_modules__[moduleId] is not a function
    at __webpack_require__ (file://C:\Users\Usuario\Documents\Projects\retoPescanova\frontend\.next\server\webpack-runtime.js:25:42)
    at eval (webpack-internal:///(rsc)/./node_modules/next/dist/server/app-render/encryption-utils.js:40:35)
    at <unknown> (rsc)/./node_modules/next/dist/server/app-render/encryption-utils.js (C:\Users\Usuario\Documents\Projects\retoPescanova\frontend\.next\server\vendor-chunks\next.js:1773:1)
    at __webpack_require__ (file://C:\Users\Usuario\Documents\Projects\retoPescanova\frontend\.next\server\webpack-runtime.js:25:42)
    at eval (webpack-internal:///(rsc)/./node_modules/next/dist/build/webpack/loaders/next-app-loader/index.js?name=app%2Ftraining%2Fpage&page=%2Ftraining%2Fpage&appPaths=%2Ftraining%2Fpage&pagePath=private-next-app-dir%2Ftraining%2Fpage.tsx&appDir=C%3A%5CUsers%5CUsuario%5CDocuments%5CProjects%5CretoPescanova%5Cfrontend%5Capp&pageExtensions=tsx&pageExtensions=ts&pageExtensions=jsx&pageExtensions=js&rootDir=C%3A%5CUsers%5CUsuario%5CDocuments%5CProjects%5CretoPescanova%5Cfrontend&isDev=true&tsconfigPath=tsconfig.json&basePath=&assetPrefix=&nextConfigOutput=standalone&preferredRegion=&middlewareConfig=e30%3D&isGlobalNotFoundEnabled=!:28:103)
    at <unknown> (rsc)/./node_modules/next/dist/build/webpack/loaders/next-app-loader/index.js?name=app%2Ftraining%2Fpage&page=%2Ftraining%2Fpage&appPaths=%2Ftraining%2Fpage&pagePath=private-next-app-dir%2Ftraining%2Fpage.tsx&appDir=C%3A%5CUsers%5CUsuario%5CDocuments%5CProjects%5CretoPescanova%5Cfrontend%5Capp&pageExtensions=tsx&pageExtensions=ts&pageExtensions=jsx&pageExtensions=js&rootDir=C%3A%5CUsers%5CUsuario%5CDocuments%5CProjects%5CretoPescanova%5Cfrontend&isDev=true&tsconfigPath=tsconfig.json&basePath=&assetPrefix=&nextConfigOutput=standalone&preferredRegion=&middlewareConfig=e30%3D&isGlobalNotFoundEnabled=! (C:\Users\Usuario\Documents\Projects\retoPescanova\frontend\.next\server\app\training\page.js:66:1)
    at __webpack_require__ (file://C:\Users\Usuario\Documents\Projects\retoPescanova\frontend\.next\server\webpack-runtime.js:25:42)
    at __webpack_exec__ (file://C:\Users\Usuario\Documents\Projects\retoPescanova\frontend\.next\server\app\training\page.js:433:39)
    at <unknown> (file://C:\Users\Usuario\Documents\Projects\retoPescanova\frontend\.next\server\app\training\page.js:434:268)
    at __webpack_require__.X (file://C:\Users\Usuario\Documents\Projects\retoPescanova\frontend\.next\server\webpack-runtime.js:155:21)
    at <unknown> (file://C:\Users\Usuario\Documents\Projects\retoPescanova\frontend\.next\server\app\training\page.js:434:47)
    at Object.<anonymous> (file://C:\Users\Usuario\Documents\Projects\retoPescanova\frontend\.next\server\app\training\page.js:437:3)
    at Module._compile (node:internal/modules/cjs/loader:1730:14)
    at Object..js (node:internal/modules/cjs/loader:1895:10)
    at Module.load (node:internal/modules/cjs/loader:1465:32)
    at Function._load (node:internal/modules/cjs/loader:1282:12)
    at TracingChannel.traceSync (node:diagnostics_channel:322:14)
    at wrapModuleLoad (node:internal/modules/cjs/loader:235:24)
    at Module.<anonymous> (node:internal/modules/cjs/loader:1487:12)
    at mod.require (file://C:\Users\Usuario\Documents\Projects\retoPescanova\frontend\node_modules\next\dist\server\require-hook.js:68:28)
    at require (node:internal/modules/helpers:135:16)
    at requirePage (file://C:\Users\Usuario\Documents\Projects\retoPescanova\frontend\node_modules\next\dist\server\require.js:99:80)
    at loadComponentsImpl (file://C:\Users\Usuario\Documents\Projects\retoPescanova\frontend\node_modules\next\dist\server\load-components.js:132:57)
    at async DevServer.findPageComponentsImpl (file://C:\Users\Usuario\Documents\Projects\retoPescanova\frontend\node_modules\next\dist\server\next-server.js:900:36)
    at async DevServer.findPageComponents (file://C:\Users\Usuario\Documents\Projects\retoPescanova\frontend\node_modules\next\dist\server\dev\next-dev-server.js:706:16)
    at async DevServer.renderPageComponent (file://C:\Users\Usuario\Documents\Projects\retoPescanova\frontend\node_modules\next\dist\server\base-server.js:1468:24)
    at async DevServer.renderToResponseImpl (file://C:\Users\Usuario\Documents\Projects\retoPescanova\frontend\node_modules\next\dist\server\base-server.js:1522:32)
    at async DevServer.pipeImpl (file://C:\Users\Usuario\Documents\Projects\retoPescanova\frontend\node_modules\next\dist\server\base-server.js:1026:25)
    at async NextNodeServer.handleCatchallRenderRequest (file://C:\Users\Usuario\Documents\Projects\retoPescanova\frontend\node_modules\next\dist\server\next-server.js:394:17)
    at async DevServer.handleRequestImpl (file://C:\Users\Usuario\Documents\Projects\retoPescanova\frontend\node_modules\next\dist\server\base-server.js:917:17)
    at async (file://C:\Users\Usuario\Documents\Projects\retoPescanova\frontend\node_modules\next\dist\server\dev\next-dev-server.js:400:20)
    at async Span.traceAsyncFn (file://C:\Users\Usuario\Documents\Projects\retoPescanova\frontend\node_modules\next\dist\trace\trace.js:157:20)
    at async DevServer.handleRequest (file://C:\Users\Usuario\Documents\Projects\retoPescanova\frontend\node_modules\next\dist\server\dev\next-dev-server.js:396:24)
    at async invokeRender (file://C:\Users\Usuario\Documents\Projects\retoPescanova\frontend\node_modules\next\dist\server\lib\router-server.js:240:21)
    at async handleRequest (file://C:\Users\Usuario\Documents\Projects\retoPescanova\frontend\node_modules\next\dist\server\lib\router-server.js:437:24)
    at async requestHandlerImpl (file://C:\Users\Usuario\Documents\Projects\retoPescanova\frontend\node_modules\next\dist\server\lib\router-server.js:485:13)
    at async Server.requestListener (file://C:\Users\Usuario\Documents\Projects\retoPescanova\frontend\node_modules\next\dist\server\lib\start-server.js:226:13)
[   41931ms] [LOG] [HMR] connected @ webpack-internal:///(pages-dir-browser)/./node_modules/next/dist/client/dev/hot-reloader/pages/websocket.js:45
[   42782ms] [ERROR] Failed to load resource: the server responded with a status of 404 (Not Found) @ http://localhost:3000/_next/static/webpack/119d7b6dd4a66877.webpack.hot-update.json:0
[   42782ms] [WARNING] [Fast Refresh] performing full reload because your application had an unrecoverable error @ webpack-internal:///(pages-dir-browser)/./node_modules/next/dist/client/dev/hot-reloader/pages/hot-reloader-pages.js:347
[   43071ms] [ERROR] Failed to load resource: the server responded with a status of 500 (Internal Server Error) @ http://localhost:3000/training:0
[   43715ms] [INFO] %cDownload the React DevTools for a better development experience: https://reactjs.org/link/react-devtools font-weight:bold @ webpack-internal:///(pages-dir-browser)/./node_modules/react-dom/cjs/react-dom.development.js:29889
[   43767ms] TypeError: __webpack_modules__[moduleId] is not a function
    at __webpack_require__ (file://C:\Users\Usuario\Documents\Projects\retoPescanova\frontend\.next\server\webpack-runtime.js:25:42)
    at eval (webpack-internal:///(rsc)/./node_modules/next/dist/server/app-render/encryption-utils.js:40:35)
    at <unknown> (rsc)/./node_modules/next/dist/server/app-render/encryption-utils.js (C:\Users\Usuario\Documents\Projects\retoPescanova\frontend\.next\server\vendor-chunks\next.js:1773:1)
    at __webpack_require__ (file://C:\Users\Usuario\Documents\Projects\retoPescanova\frontend\.next\server\webpack-runtime.js:25:42)
    at eval (webpack-internal:///(rsc)/./node_modules/next/dist/build/webpack/loaders/next-app-loader/index.js?name=app%2Ftraining%2Fpage&page=%2Ftraining%2Fpage&appPaths=%2Ftraining%2Fpage&pagePath=private-next-app-dir%2Ftraining%2Fpage.tsx&appDir=C%3A%5CUsers%5CUsuario%5CDocuments%5CProjects%5CretoPescanova%5Cfrontend%5Capp&pageExtensions=tsx&pageExtensions=ts&pageExtensions=jsx&pageExtensions=js&rootDir=C%3A%5CUsers%5CUsuario%5CDocuments%5CProjects%5CretoPescanova%5Cfrontend&isDev=true&tsconfigPath=tsconfig.json&basePath=&assetPrefix=&nextConfigOutput=standalone&preferredRegion=&middlewareConfig=e30%3D&isGlobalNotFoundEnabled=!:28:103)
    at <unknown> (rsc)/./node_modules/next/dist/build/webpack/loaders/next-app-loader/index.js?name=app%2Ftraining%2Fpage&page=%2Ftraining%2Fpage&appPaths=%2Ftraining%2Fpage&pagePath=private-next-app-dir%2Ftraining%2Fpage.tsx&appDir=C%3A%5CUsers%5CUsuario%5CDocuments%5CProjects%5CretoPescanova%5Cfrontend%5Capp&pageExtensions=tsx&pageExtensions=ts&pageExtensions=jsx&pageExtensions=js&rootDir=C%3A%5CUsers%5CUsuario%5CDocuments%5CProjects%5CretoPescanova%5Cfrontend&isDev=true&tsconfigPath=tsconfig.json&basePath=&assetPrefix=&nextConfigOutput=standalone&preferredRegion=&middlewareConfig=e30%3D&isGlobalNotFoundEnabled=! (C:\Users\Usuario\Documents\Projects\retoPescanova\frontend\.next\server\app\training\page.js:66:1)
    at __webpack_require__ (file://C:\Users\Usuario\Documents\Projects\retoPescanova\frontend\.next\server\webpack-runtime.js:25:42)
    at __webpack_exec__ (file://C:\Users\Usuario\Documents\Projects\retoPescanova\frontend\.next\server\app\training\page.js:433:39)
    at <unknown> (file://C:\Users\Usuario\Documents\Projects\retoPescanova\frontend\.next\server\app\training\page.js:434:268)
    at __webpack_require__.X (file://C:\Users\Usuario\Documents\Projects\retoPescanova\frontend\.next\server\webpack-runtime.js:155:21)
    at <unknown> (file://C:\Users\Usuario\Documents\Projects\retoPescanova\frontend\.next\server\app\training\page.js:434:47)
    at Object.<anonymous> (file://C:\Users\Usuario\Documents\Projects\retoPescanova\frontend\.next\server\app\training\page.js:437:3)
    at Module._compile (node:internal/modules/cjs/loader:1730:14)
    at Object..js (node:internal/modules/cjs/loader:1895:10)
    at Module.load (node:internal/modules/cjs/loader:1465:32)
    at Function._load (node:internal/modules/cjs/loader:1282:12)
    at TracingChannel.traceSync (node:diagnostics_channel:322:14)
    at wrapModuleLoad (node:internal/modules/cjs/loader:235:24)
    at Module.<anonymous> (node:internal/modules/cjs/loader:1487:12)
    at mod.require (file://C:\Users\Usuario\Documents\Projects\retoPescanova\frontend\node_modules\next\dist\server\require-hook.js:68:28)
    at require (node:internal/modules/helpers:135:16)
    at requirePage (file://C:\Users\Usuario\Documents\Projects\retoPescanova\frontend\node_modules\next\dist\server\require.js:99:80)
    at loadComponentsImpl (file://C:\Users\Usuario\Documents\Projects\retoPescanova\frontend\node_modules\next\dist\server\load-components.js:132:57)
    at async DevServer.findPageComponentsImpl (file://C:\Users\Usuario\Documents\Projects\retoPescanova\frontend\node_modules\next\dist\server\next-server.js:900:36)
    at async DevServer.findPageComponents (file://C:\Users\Usuario\Documents\Projects\retoPescanova\frontend\node_modules\next\dist\server\dev\next-dev-server.js:706:16)
    at async DevServer.renderPageComponent (file://C:\Users\Usuario\Documents\Projects\retoPescanova\frontend\node_modules\next\dist\server\base-server.js:1468:24)
    at async DevServer.renderToResponseImpl (file://C:\Users\Usuario\Documents\Projects\retoPescanova\frontend\node_modules\next\dist\server\base-server.js:1522:32)
    at async DevServer.pipeImpl (file://C:\Users\Usuario\Documents\Projects\retoPescanova\frontend\node_modules\next\dist\server\base-server.js:1026:25)
    at async NextNodeServer.handleCatchallRenderRequest (file://C:\Users\Usuario\Documents\Projects\retoPescanova\frontend\node_modules\next\dist\server\next-server.js:394:17)
    at async DevServer.handleRequestImpl (file://C:\Users\Usuario\Documents\Projects\retoPescanova\frontend\node_modules\next\dist\server\base-server.js:917:17)
    at async (file://C:\Users\Usuario\Documents\Projects\retoPescanova\frontend\node_modules\next\dist\server\dev\next-dev-server.js:400:20)
    at async Span.traceAsyncFn (file://C:\Users\Usuario\Documents\Projects\retoPescanova\frontend\node_modules\next\dist\trace\trace.js:157:20)
    at async DevServer.handleRequest (file://C:\Users\Usuario\Documents\Projects\retoPescanova\frontend\node_modules\next\dist\server\dev\next-dev-server.js:396:24)
    at async invokeRender (file://C:\Users\Usuario\Documents\Projects\retoPescanova\frontend\node_modules\next\dist\server\lib\router-server.js:240:21)
    at async handleRequest (file://C:\Users\Usuario\Documents\Projects\retoPescanova\frontend\node_modules\next\dist\server\lib\router-server.js:437:24)
    at async requestHandlerImpl (file://C:\Users\Usuario\Documents\Projects\retoPescanova\frontend\node_modules\next\dist\server\lib\router-server.js:485:13)
    at async Server.requestListener (file://C:\Users\Usuario\Documents\Projects\retoPescanova\frontend\node_modules\next\dist\server\lib\start-server.js:226:13)
[   43761ms] [LOG] [HMR] connected @ webpack-internal:///(pages-dir-browser)/./node_modules/next/dist/client/dev/hot-reloader/pages/websocket.js:45
[   47022ms] [ERROR] Failed to load resource: the server responded with a status of 404 (Not Found) @ http://localhost:3000/_next/static/webpack/119d7b6dd4a66877.webpack.hot-update.json:0
[   47023ms] [WARNING] [Fast Refresh] performing full reload because your application had an unrecoverable error @ webpack-internal:///(pages-dir-browser)/./node_modules/next/dist/client/dev/hot-reloader/pages/hot-reloader-pages.js:347
[   47323ms] [ERROR] Failed to load resource: the server responded with a status of 500 (Internal Server Error) @ http://localhost:3000/training:0
[   47905ms] [INFO] %cDownload the React DevTools for a better development experience: https://reactjs.org/link/react-devtools font-weight:bold @ webpack-internal:///(pages-dir-browser)/./node_modules/react-dom/cjs/react-dom.development.js:29889
[   47929ms] TypeError: __webpack_modules__[moduleId] is not a function
    at __webpack_require__ (file://C:\Users\Usuario\Documents\Projects\retoPescanova\frontend\.next\server\webpack-runtime.js:25:42)
    at eval (webpack-internal:///(rsc)/./node_modules/next/dist/server/app-render/encryption-utils.js:40:35)
    at <unknown> (rsc)/./node_modules/next/dist/server/app-render/encryption-utils.js (C:\Users\Usuario\Documents\Projects\retoPescanova\frontend\.next\server\vendor-chunks\next.js:1773:1)
    at __webpack_require__ (file://C:\Users\Usuario\Documents\Projects\retoPescanova\frontend\.next\server\webpack-runtime.js:25:42)
    at eval (webpack-internal:///(rsc)/./node_modules/next/dist/build/webpack/loaders/next-app-loader/index.js?name=app%2Ftraining%2Fpage&page=%2Ftraining%2Fpage&appPaths=%2Ftraining%2Fpage&pagePath=private-next-app-dir%2Ftraining%2Fpage.tsx&appDir=C%3A%5CUsers%5CUsuario%5CDocuments%5CProjects%5CretoPescanova%5Cfrontend%5Capp&pageExtensions=tsx&pageExtensions=ts&pageExtensions=jsx&pageExtensions=js&rootDir=C%3A%5CUsers%5CUsuario%5CDocuments%5CProjects%5CretoPescanova%5Cfrontend&isDev=true&tsconfigPath=tsconfig.json&basePath=&assetPrefix=&nextConfigOutput=standalone&preferredRegion=&middlewareConfig=e30%3D&isGlobalNotFoundEnabled=!:28:103)
    at <unknown> (rsc)/./node_modules/next/dist/build/webpack/loaders/next-app-loader/index.js?name=app%2Ftraining%2Fpage&page=%2Ftraining%2Fpage&appPaths=%2Ftraining%2Fpage&pagePath=private-next-app-dir%2Ftraining%2Fpage.tsx&appDir=C%3A%5CUsers%5CUsuario%5CDocuments%5CProjects%5CretoPescanova%5Cfrontend%5Capp&pageExtensions=tsx&pageExtensions=ts&pageExtensions=jsx&pageExtensions=js&rootDir=C%3A%5CUsers%5CUsuario%5CDocuments%5CProjects%5CretoPescanova%5Cfrontend&isDev=true&tsconfigPath=tsconfig.json&basePath=&assetPrefix=&nextConfigOutput=standalone&preferredRegion=&middlewareConfig=e30%3D&isGlobalNotFoundEnabled=! (C:\Users\Usuario\Documents\Projects\retoPescanova\frontend\.next\server\app\training\page.js:66:1)
    at __webpack_require__ (file://C:\Users\Usuario\Documents\Projects\retoPescanova\frontend\.next\server\webpack-runtime.js:25:42)
    at __webpack_exec__ (file://C:\Users\Usuario\Documents\Projects\retoPescanova\frontend\.next\server\app\training\page.js:433:39)
    at <unknown> (file://C:\Users\Usuario\Documents\Projects\retoPescanova\frontend\.next\server\app\training\page.js:434:268)
    at __webpack_require__.X (file://C:\Users\Usuario\Documents\Projects\retoPescanova\frontend\.next\server\webpack-runtime.js:155:21)
    at <unknown> (file://C:\Users\Usuario\Documents\Projects\retoPescanova\frontend\.next\server\app\training\page.js:434:47)
    at Object.<anonymous> (file://C:\Users\Usuario\Documents\Projects\retoPescanova\frontend\.next\server\app\training\page.js:437:3)
    at Module._compile (node:internal/modules/cjs/loader:1730:14)
    at Object..js (node:internal/modules/cjs/loader:1895:10)
    at Module.load (node:internal/modules/cjs/loader:1465:32)
    at Function._load (node:internal/modules/cjs/loader:1282:12)
    at TracingChannel.traceSync (node:diagnostics_channel:322:14)
    at wrapModuleLoad (node:internal/modules/cjs/loader:235:24)
    at Module.<anonymous> (node:internal/modules/cjs/loader:1487:12)
    at mod.require (file://C:\Users\Usuario\Documents\Projects\retoPescanova\frontend\node_modules\next\dist\server\require-hook.js:68:28)
    at require (node:internal/modules/helpers:135:16)
    at requirePage (file://C:\Users\Usuario\Documents\Projects\retoPescanova\frontend\node_modules\next\dist\server\require.js:99:80)
    at loadComponentsImpl (file://C:\Users\Usuario\Documents\Projects\retoPescanova\frontend\node_modules\next\dist\server\load-components.js:132:57)
    at async DevServer.findPageComponentsImpl (file://C:\Users\Usuario\Documents\Projects\retoPescanova\frontend\node_modules\next\dist\server\next-server.js:900:36)
    at async DevServer.findPageComponents (file://C:\Users\Usuario\Documents\Projects\retoPescanova\frontend\node_modules\next\dist\server\dev\next-dev-server.js:706:16)
    at async DevServer.renderPageComponent (file://C:\Users\Usuario\Documents\Projects\retoPescanova\frontend\node_modules\next\dist\server\base-server.js:1468:24)
    at async DevServer.renderToResponseImpl (file://C:\Users\Usuario\Documents\Projects\retoPescanova\frontend\node_modules\next\dist\server\base-server.js:1522:32)
    at async DevServer.pipeImpl (file://C:\Users\Usuario\Documents\Projects\retoPescanova\frontend\node_modules\next\dist\server\base-server.js:1026:25)
    at async NextNodeServer.handleCatchallRenderRequest (file://C:\Users\Usuario\Documents\Projects\retoPescanova\frontend\node_modules\next\dist\server\next-server.js:394:17)
    at async DevServer.handleRequestImpl (file://C:\Users\Usuario\Documents\Projects\retoPescanova\frontend\node_modules\next\dist\server\base-server.js:917:17)
    at async (file://C:\Users\Usuario\Documents\Projects\retoPescanova\frontend\node_modules\next\dist\server\dev\next-dev-server.js:400:20)
    at async Span.traceAsyncFn (file://C:\Users\Usuario\Documents\Projects\retoPescanova\frontend\node_modules\next\dist\trace\trace.js:157:20)
    at async DevServer.handleRequest (file://C:\Users\Usuario\Documents\Projects\retoPescanova\frontend\node_modules\next\dist\server\dev\next-dev-server.js:396:24)
    at async invokeRender (file://C:\Users\Usuario\Documents\Projects\retoPescanova\frontend\node_modules\next\dist\server\lib\router-server.js:240:21)
    at async handleRequest (file://C:\Users\Usuario\Documents\Projects\retoPescanova\frontend\node_modules\next\dist\server\lib\router-server.js:437:24)
    at async requestHandlerImpl (file://C:\Users\Usuario\Documents\Projects\retoPescanova\frontend\node_modules\next\dist\server\lib\router-server.js:485:13)
    at async Server.requestListener (file://C:\Users\Usuario\Documents\Projects\retoPescanova\frontend\node_modules\next\dist\server\lib\start-server.js:226:13)
[   47928ms] [LOG] [HMR] connected @ webpack-internal:///(pages-dir-browser)/./node_modules/next/dist/client/dev/hot-reloader/pages/websocket.js:45
[   49632ms] [ERROR] Failed to load resource: the server responded with a status of 404 (Not Found) @ http://localhost:3000/_next/static/webpack/119d7b6dd4a66877.webpack.hot-update.json:0
[   49633ms] [WARNING] [Fast Refresh] performing full reload because your application had an unrecoverable error @ webpack-internal:///(pages-dir-browser)/./node_modules/next/dist/client/dev/hot-reloader/pages/hot-reloader-pages.js:347
[   49936ms] [ERROR] Failed to load resource: the server responded with a status of 500 (Internal Server Error) @ http://localhost:3000/training:0
[   50316ms] [INFO] %cDownload the React DevTools for a better development experience: https://reactjs.org/link/react-devtools font-weight:bold @ webpack-internal:///(pages-dir-browser)/./node_modules/react-dom/cjs/react-dom.development.js:29889
[   50340ms] TypeError: __webpack_modules__[moduleId] is not a function
    at __webpack_require__ (file://C:\Users\Usuario\Documents\Projects\retoPescanova\frontend\.next\server\webpack-runtime.js:25:42)
    at eval (webpack-internal:///(rsc)/./node_modules/next/dist/server/app-render/encryption-utils.js:40:35)
    at <unknown> (rsc)/./node_modules/next/dist/server/app-render/encryption-utils.js (C:\Users\Usuario\Documents\Projects\retoPescanova\frontend\.next\server\vendor-chunks\next.js:1773:1)
    at __webpack_require__ (file://C:\Users\Usuario\Documents\Projects\retoPescanova\frontend\.next\server\webpack-runtime.js:25:42)
    at eval (webpack-internal:///(rsc)/./node_modules/next/dist/build/webpack/loaders/next-app-loader/index.js?name=app%2Ftraining%2Fpage&page=%2Ftraining%2Fpage&appPaths=%2Ftraining%2Fpage&pagePath=private-next-app-dir%2Ftraining%2Fpage.tsx&appDir=C%3A%5CUsers%5CUsuario%5CDocuments%5CProjects%5CretoPescanova%5Cfrontend%5Capp&pageExtensions=tsx&pageExtensions=ts&pageExtensions=jsx&pageExtensions=js&rootDir=C%3A%5CUsers%5CUsuario%5CDocuments%5CProjects%5CretoPescanova%5Cfrontend&isDev=true&tsconfigPath=tsconfig.json&basePath=&assetPrefix=&nextConfigOutput=standalone&preferredRegion=&middlewareConfig=e30%3D&isGlobalNotFoundEnabled=!:28:103)
    at <unknown> (rsc)/./node_modules/next/dist/build/webpack/loaders/next-app-loader/index.js?name=app%2Ftraining%2Fpage&page=%2Ftraining%2Fpage&appPaths=%2Ftraining%2Fpage&pagePath=private-next-app-dir%2Ftraining%2Fpage.tsx&appDir=C%3A%5CUsers%5CUsuario%5CDocuments%5CProjects%5CretoPescanova%5Cfrontend%5Capp&pageExtensions=tsx&pageExtensions=ts&pageExtensions=jsx&pageExtensions=js&rootDir=C%3A%5CUsers%5CUsuario%5CDocuments%5CProjects%5CretoPescanova%5Cfrontend&isDev=true&tsconfigPath=tsconfig.json&basePath=&assetPrefix=&nextConfigOutput=standalone&preferredRegion=&middlewareConfig=e30%3D&isGlobalNotFoundEnabled=! (C:\Users\Usuario\Documents\Projects\retoPescanova\frontend\.next\server\app\training\page.js:66:1)
    at __webpack_require__ (file://C:\Users\Usuario\Documents\Projects\retoPescanova\frontend\.next\server\webpack-runtime.js:25:42)
    at __webpack_exec__ (file://C:\Users\Usuario\Documents\Projects\retoPescanova\frontend\.next\server\app\training\page.js:433:39)
    at <unknown> (file://C:\Users\Usuario\Documents\Projects\retoPescanova\frontend\.next\server\app\training\page.js:434:268)
    at __webpack_require__.X (file://C:\Users\Usuario\Documents\Projects\retoPescanova\frontend\.next\server\webpack-runtime.js:155:21)
    at <unknown> (file://C:\Users\Usuario\Documents\Projects\retoPescanova\frontend\.next\server\app\training\page.js:434:47)
    at Object.<anonymous> (file://C:\Users\Usuario\Documents\Projects\retoPescanova\frontend\.next\server\app\training\page.js:437:3)
    at Module._compile (node:internal/modules/cjs/loader:1730:14)
    at Object..js (node:internal/modules/cjs/loader:1895:10)
    at Module.load (node:internal/modules/cjs/loader:1465:32)
    at Function._load (node:internal/modules/cjs/loader:1282:12)
    at TracingChannel.traceSync (node:diagnostics_channel:322:14)
    at wrapModuleLoad (node:internal/modules/cjs/loader:235:24)
    at Module.<anonymous> (node:internal/modules/cjs/loader:1487:12)
    at mod.require (file://C:\Users\Usuario\Documents\Projects\retoPescanova\frontend\node_modules\next\dist\server\require-hook.js:68:28)
    at require (node:internal/modules/helpers:135:16)
    at requirePage (file://C:\Users\Usuario\Documents\Projects\retoPescanova\frontend\node_modules\next\dist\server\require.js:99:80)
    at loadComponentsImpl (file://C:\Users\Usuario\Documents\Projects\retoPescanova\frontend\node_modules\next\dist\server\load-components.js:132:57)
    at async DevServer.findPageComponentsImpl (file://C:\Users\Usuario\Documents\Projects\retoPescanova\frontend\node_modules\next\dist\server\next-server.js:900:36)
    at async DevServer.findPageComponents (file://C:\Users\Usuario\Documents\Projects\retoPescanova\frontend\node_modules\next\dist\server\dev\next-dev-server.js:706:16)
    at async DevServer.renderPageComponent (file://C:\Users\Usuario\Documents\Projects\retoPescanova\frontend\node_modules\next\dist\server\base-server.js:1468:24)
    at async DevServer.renderToResponseImpl (file://C:\Users\Usuario\Documents\Projects\retoPescanova\frontend\node_modules\next\dist\server\base-server.js:1522:32)
    at async DevServer.pipeImpl (file://C:\Users\Usuario\Documents\Projects\retoPescanova\frontend\node_modules\next\dist\server\base-server.js:1026:25)
    at async NextNodeServer.handleCatchallRenderRequest (file://C:\Users\Usuario\Documents\Projects\retoPescanova\frontend\node_modules\next\dist\server\next-server.js:394:17)
    at async DevServer.handleRequestImpl (file://C:\Users\Usuario\Documents\Projects\retoPescanova\frontend\node_modules\next\dist\server\base-server.js:917:17)
    at async (file://C:\Users\Usuario\Documents\Projects\retoPescanova\frontend\node_modules\next\dist\server\dev\next-dev-server.js:400:20)
    at async Span.traceAsyncFn (file://C:\Users\Usuario\Documents\Projects\retoPescanova\frontend\node_modules\next\dist\trace\trace.js:157:20)
    at async DevServer.handleRequest (file://C:\Users\Usuario\Documents\Projects\retoPescanova\frontend\node_modules\next\dist\server\dev\next-dev-server.js:396:24)
    at async invokeRender (file://C:\Users\Usuario\Documents\Projects\retoPescanova\frontend\node_modules\next\dist\server\lib\router-server.js:240:21)
    at async handleRequest (file://C:\Users\Usuario\Documents\Projects\retoPescanova\frontend\node_modules\next\dist\server\lib\router-server.js:437:24)
    at async requestHandlerImpl (file://C:\Users\Usuario\Documents\Projects\retoPescanova\frontend\node_modules\next\dist\server\lib\router-server.js:485:13)
    at async Server.requestListener (file://C:\Users\Usuario\Documents\Projects\retoPescanova\frontend\node_modules\next\dist\server\lib\start-server.js:226:13)
[   50340ms] [LOG] [HMR] connected @ webpack-internal:///(pages-dir-browser)/./node_modules/next/dist/client/dev/hot-reloader/pages/websocket.js:45
[   50871ms] [ERROR] Failed to load resource: the server responded with a status of 404 (Not Found) @ http://localhost:3000/_next/static/webpack/119d7b6dd4a66877.webpack.hot-update.json:0
[   50872ms] [WARNING] [Fast Refresh] performing full reload because your application had an unrecoverable error @ webpack-internal:///(pages-dir-browser)/./node_modules/next/dist/client/dev/hot-reloader/pages/hot-reloader-pages.js:347
[   51167ms] [ERROR] Failed to load resource: the server responded with a status of 500 (Internal Server Error) @ http://localhost:3000/training:0
[   51751ms] [INFO] %cDownload the React DevTools for a better development experience: https://reactjs.org/link/react-devtools font-weight:bold @ webpack-internal:///(pages-dir-browser)/./node_modules/react-dom/cjs/react-dom.development.js:29889
[   51776ms] TypeError: __webpack_modules__[moduleId] is not a function
    at __webpack_require__ (file://C:\Users\Usuario\Documents\Projects\retoPescanova\frontend\.next\server\webpack-runtime.js:25:42)
    at eval (webpack-internal:///(rsc)/./node_modules/next/dist/server/app-render/encryption-utils.js:40:35)
    at <unknown> (rsc)/./node_modules/next/dist/server/app-render/encryption-utils.js (C:\Users\Usuario\Documents\Projects\retoPescanova\frontend\.next\server\vendor-chunks\next.js:1773:1)
    at __webpack_require__ (file://C:\Users\Usuario\Documents\Projects\retoPescanova\frontend\.next\server\webpack-runtime.js:25:42)
    at eval (webpack-internal:///(rsc)/./node_modules/next/dist/build/webpack/loaders/next-app-loader/index.js?name=app%2Ftraining%2Fpage&page=%2Ftraining%2Fpage&appPaths=%2Ftraining%2Fpage&pagePath=private-next-app-dir%2Ftraining%2Fpage.tsx&appDir=C%3A%5CUsers%5CUsuario%5CDocuments%5CProjects%5CretoPescanova%5Cfrontend%5Capp&pageExtensions=tsx&pageExtensions=ts&pageExtensions=jsx&pageExtensions=js&rootDir=C%3A%5CUsers%5CUsuario%5CDocuments%5CProjects%5CretoPescanova%5Cfrontend&isDev=true&tsconfigPath=tsconfig.json&basePath=&assetPrefix=&nextConfigOutput=standalone&preferredRegion=&middlewareConfig=e30%3D&isGlobalNotFoundEnabled=!:28:103)
    at <unknown> (rsc)/./node_modules/next/dist/build/webpack/loaders/next-app-loader/index.js?name=app%2Ftraining%2Fpage&page=%2Ftraining%2Fpage&appPaths=%2Ftraining%2Fpage&pagePath=private-next-app-dir%2Ftraining%2Fpage.tsx&appDir=C%3A%5CUsers%5CUsuario%5CDocuments%5CProjects%5CretoPescanova%5Cfrontend%5Capp&pageExtensions=tsx&pageExtensions=ts&pageExtensions=jsx&pageExtensions=js&rootDir=C%3A%5CUsers%5CUsuario%5CDocuments%5CProjects%5CretoPescanova%5Cfrontend&isDev=true&tsconfigPath=tsconfig.json&basePath=&assetPrefix=&nextConfigOutput=standalone&preferredRegion=&middlewareConfig=e30%3D&isGlobalNotFoundEnabled=! (C:\Users\Usuario\Documents\Projects\retoPescanova\frontend\.next\server\app\training\page.js:66:1)
    at __webpack_require__ (file://C:\Users\Usuario\Documents\Projects\retoPescanova\frontend\.next\server\webpack-runtime.js:25:42)
    at __webpack_exec__ (file://C:\Users\Usuario\Documents\Projects\retoPescanova\frontend\.next\server\app\training\page.js:433:39)
    at <unknown> (file://C:\Users\Usuario\Documents\Projects\retoPescanova\frontend\.next\server\app\training\page.js:434:268)
    at __webpack_require__.X (file://C:\Users\Usuario\Documents\Projects\retoPescanova\frontend\.next\server\webpack-runtime.js:155:21)
    at <unknown> (file://C:\Users\Usuario\Documents\Projects\retoPescanova\frontend\.next\server\app\training\page.js:434:47)
    at Object.<anonymous> (file://C:\Users\Usuario\Documents\Projects\retoPescanova\frontend\.next\server\app\training\page.js:437:3)
    at Module._compile (node:internal/modules/cjs/loader:1730:14)
    at Object..js (node:internal/modules/cjs/loader:1895:10)
    at Module.load (node:internal/modules/cjs/loader:1465:32)
    at Function._load (node:internal/modules/cjs/loader:1282:12)
    at TracingChannel.traceSync (node:diagnostics_channel:322:14)
    at wrapModuleLoad (node:internal/modules/cjs/loader:235:24)
    at Module.<anonymous> (node:internal/modules/cjs/loader:1487:12)
    at mod.require (file://C:\Users\Usuario\Documents\Projects\retoPescanova\frontend\node_modules\next\dist\server\require-hook.js:68:28)
    at require (node:internal/modules/helpers:135:16)
    at requirePage (file://C:\Users\Usuario\Documents\Projects\retoPescanova\frontend\node_modules\next\dist\server\require.js:99:80)
    at loadComponentsImpl (file://C:\Users\Usuario\Documents\Projects\retoPescanova\frontend\node_modules\next\dist\server\load-components.js:132:57)
    at async DevServer.findPageComponentsImpl (file://C:\Users\Usuario\Documents\Projects\retoPescanova\frontend\node_modules\next\dist\server\next-server.js:900:36)
    at async DevServer.findPageComponents (file://C:\Users\Usuario\Documents\Projects\retoPescanova\frontend\node_modules\next\dist\server\dev\next-dev-server.js:706:16)
    at async DevServer.renderPageComponent (file://C:\Users\Usuario\Documents\Projects\retoPescanova\frontend\node_modules\next\dist\server\base-server.js:1468:24)
    at async DevServer.renderToResponseImpl (file://C:\Users\Usuario\Documents\Projects\retoPescanova\frontend\node_modules\next\dist\server\base-server.js:1522:32)
    at async DevServer.pipeImpl (file://C:\Users\Usuario\Documents\Projects\retoPescanova\frontend\node_modules\next\dist\server\base-server.js:1026:25)
    at async NextNodeServer.handleCatchallRenderRequest (file://C:\Users\Usuario\Documents\Projects\retoPescanova\frontend\node_modules\next\dist\server\next-server.js:394:17)
    at async DevServer.handleRequestImpl (file://C:\Users\Usuario\Documents\Projects\retoPescanova\frontend\node_modules\next\dist\server\base-server.js:917:17)
    at async (file://C:\Users\Usuario\Documents\Projects\retoPescanova\frontend\node_modules\next\dist\server\dev\next-dev-server.js:400:20)
    at async Span.traceAsyncFn (file://C:\Users\Usuario\Documents\Projects\retoPescanova\frontend\node_modules\next\dist\trace\trace.js:157:20)
    at async DevServer.handleRequest (file://C:\Users\Usuario\Documents\Projects\retoPescanova\frontend\node_modules\next\dist\server\dev\next-dev-server.js:396:24)
    at async invokeRender (file://C:\Users\Usuario\Documents\Projects\retoPescanova\frontend\node_modules\next\dist\server\lib\router-server.js:240:21)
    at async handleRequest (file://C:\Users\Usuario\Documents\Projects\retoPescanova\frontend\node_modules\next\dist\server\lib\router-server.js:437:24)
    at async requestHandlerImpl (file://C:\Users\Usuario\Documents\Projects\retoPescanova\frontend\node_modules\next\dist\server\lib\router-server.js:485:13)
    at async Server.requestListener (file://C:\Users\Usuario\Documents\Projects\retoPescanova\frontend\node_modules\next\dist\server\lib\start-server.js:226:13)
[   51775ms] [LOG] [HMR] connected @ webpack-internal:///(pages-dir-browser)/./node_modules/next/dist/client/dev/hot-reloader/pages/websocket.js:45
[   53497ms] [ERROR] Failed to load resource: the server responded with a status of 404 (Not Found) @ http://localhost:3000/_next/static/webpack/119d7b6dd4a66877.webpack.hot-update.json:0
[   53497ms] [WARNING] [Fast Refresh] performing full reload because your application had an unrecoverable error @ webpack-internal:///(pages-dir-browser)/./node_modules/next/dist/client/dev/hot-reloader/pages/hot-reloader-pages.js:347
[   53793ms] [ERROR] Failed to load resource: the server responded with a status of 500 (Internal Server Error) @ http://localhost:3000/training:0
[   54179ms] [INFO] %cDownload the React DevTools for a better development experience: https://reactjs.org/link/react-devtools font-weight:bold @ webpack-internal:///(pages-dir-browser)/./node_modules/react-dom/cjs/react-dom.development.js:29889
[   54205ms] TypeError: __webpack_modules__[moduleId] is not a function
    at __webpack_require__ (file://C:\Users\Usuario\Documents\Projects\retoPescanova\frontend\.next\server\webpack-runtime.js:25:42)
    at eval (webpack-internal:///(rsc)/./node_modules/next/dist/server/app-render/encryption-utils.js:40:35)
    at <unknown> (rsc)/./node_modules/next/dist/server/app-render/encryption-utils.js (C:\Users\Usuario\Documents\Projects\retoPescanova\frontend\.next\server\vendor-chunks\next.js:1773:1)
    at __webpack_require__ (file://C:\Users\Usuario\Documents\Projects\retoPescanova\frontend\.next\server\webpack-runtime.js:25:42)
    at eval (webpack-internal:///(rsc)/./node_modules/next/dist/build/webpack/loaders/next-app-loader/index.js?name=app%2Ftraining%2Fpage&page=%2Ftraining%2Fpage&appPaths=%2Ftraining%2Fpage&pagePath=private-next-app-dir%2Ftraining%2Fpage.tsx&appDir=C%3A%5CUsers%5CUsuario%5CDocuments%5CProjects%5CretoPescanova%5Cfrontend%5Capp&pageExtensions=tsx&pageExtensions=ts&pageExtensions=jsx&pageExtensions=js&rootDir=C%3A%5CUsers%5CUsuario%5CDocuments%5CProjects%5CretoPescanova%5Cfrontend&isDev=true&tsconfigPath=tsconfig.json&basePath=&assetPrefix=&nextConfigOutput=standalone&preferredRegion=&middlewareConfig=e30%3D&isGlobalNotFoundEnabled=!:28:103)
    at <unknown> (rsc)/./node_modules/next/dist/build/webpack/loaders/next-app-loader/index.js?name=app%2Ftraining%2Fpage&page=%2Ftraining%2Fpage&appPaths=%2Ftraining%2Fpage&pagePath=private-next-app-dir%2Ftraining%2Fpage.tsx&appDir=C%3A%5CUsers%5CUsuario%5CDocuments%5CProjects%5CretoPescanova%5Cfrontend%5Capp&pageExtensions=tsx&pageExtensions=ts&pageExtensions=jsx&pageExtensions=js&rootDir=C%3A%5CUsers%5CUsuario%5CDocuments%5CProjects%5CretoPescanova%5Cfrontend&isDev=true&tsconfigPath=tsconfig.json&basePath=&assetPrefix=&nextConfigOutput=standalone&preferredRegion=&middlewareConfig=e30%3D&isGlobalNotFoundEnabled=! (C:\Users\Usuario\Documents\Projects\retoPescanova\frontend\.next\server\app\training\page.js:66:1)
    at __webpack_require__ (file://C:\Users\Usuario\Documents\Projects\retoPescanova\frontend\.next\server\webpack-runtime.js:25:42)
    at __webpack_exec__ (file://C:\Users\Usuario\Documents\Projects\retoPescanova\frontend\.next\server\app\training\page.js:433:39)
    at <unknown> (file://C:\Users\Usuario\Documents\Projects\retoPescanova\frontend\.next\server\app\training\page.js:434:268)
    at __webpack_require__.X (file://C:\Users\Usuario\Documents\Projects\retoPescanova\frontend\.next\server\webpack-runtime.js:155:21)
    at <unknown> (file://C:\Users\Usuario\Documents\Projects\retoPescanova\frontend\.next\server\app\training\page.js:434:47)
    at Object.<anonymous> (file://C:\Users\Usuario\Documents\Projects\retoPescanova\frontend\.next\server\app\training\page.js:437:3)
    at Module._compile (node:internal/modules/cjs/loader:1730:14)
    at Object..js (node:internal/modules/cjs/loader:1895:10)
    at Module.load (node:internal/modules/cjs/loader:1465:32)
    at Function._load (node:internal/modules/cjs/loader:1282:12)
    at TracingChannel.traceSync (node:diagnostics_channel:322:14)
    at wrapModuleLoad (node:internal/modules/cjs/loader:235:24)
    at Module.<anonymous> (node:internal/modules/cjs/loader:1487:12)
    at mod.require (file://C:\Users\Usuario\Documents\Projects\retoPescanova\frontend\node_modules\next\dist\server\require-hook.js:68:28)
    at require (node:internal/modules/helpers:135:16)
    at requirePage (file://C:\Users\Usuario\Documents\Projects\retoPescanova\frontend\node_modules\next\dist\server\require.js:99:80)
    at loadComponentsImpl (file://C:\Users\Usuario\Documents\Projects\retoPescanova\frontend\node_modules\next\dist\server\load-components.js:132:57)
    at async DevServer.findPageComponentsImpl (file://C:\Users\Usuario\Documents\Projects\retoPescanova\frontend\node_modules\next\dist\server\next-server.js:900:36)
    at async DevServer.findPageComponents (file://C:\Users\Usuario\Documents\Projects\retoPescanova\frontend\node_modules\next\dist\server\dev\next-dev-server.js:706:16)
    at async DevServer.renderPageComponent (file://C:\Users\Usuario\Documents\Projects\retoPescanova\frontend\node_modules\next\dist\server\base-server.js:1468:24)
    at async DevServer.renderToResponseImpl (file://C:\Users\Usuario\Documents\Projects\retoPescanova\frontend\node_modules\next\dist\server\base-server.js:1522:32)
    at async DevServer.pipeImpl (file://C:\Users\Usuario\Documents\Projects\retoPescanova\frontend\node_modules\next\dist\server\base-server.js:1026:25)
    at async NextNodeServer.handleCatchallRenderRequest (file://C:\Users\Usuario\Documents\Projects\retoPescanova\frontend\node_modules\next\dist\server\next-server.js:394:17)
    at async DevServer.handleRequestImpl (file://C:\Users\Usuario\Documents\Projects\retoPescanova\frontend\node_modules\next\dist\server\base-server.js:917:17)
    at async (file://C:\Users\Usuario\Documents\Projects\retoPescanova\frontend\node_modules\next\dist\server\dev\next-dev-server.js:400:20)
    at async Span.traceAsyncFn (file://C:\Users\Usuario\Documents\Projects\retoPescanova\frontend\node_modules\next\dist\trace\trace.js:157:20)
    at async DevServer.handleRequest (file://C:\Users\Usuario\Documents\Projects\retoPescanova\frontend\node_modules\next\dist\server\dev\next-dev-server.js:396:24)
    at async invokeRender (file://C:\Users\Usuario\Documents\Projects\retoPescanova\frontend\node_modules\next\dist\server\lib\router-server.js:240:21)
    at async handleRequest (file://C:\Users\Usuario\Documents\Projects\retoPescanova\frontend\node_modules\next\dist\server\lib\router-server.js:437:24)
    at async requestHandlerImpl (file://C:\Users\Usuario\Documents\Projects\retoPescanova\frontend\node_modules\next\dist\server\lib\router-server.js:485:13)
    at async Server.requestListener (file://C:\Users\Usuario\Documents\Projects\retoPescanova\frontend\node_modules\next\dist\server\lib\start-server.js:226:13)
[   54203ms] [LOG] [HMR] connected @ webpack-internal:///(pages-dir-browser)/./node_modules/next/dist/client/dev/hot-reloader/pages/websocket.js:45
[   54744ms] [ERROR] Failed to load resource: the server responded with a status of 404 (Not Found) @ http://localhost:3000/_next/static/webpack/119d7b6dd4a66877.webpack.hot-update.json:0
[   54745ms] [WARNING] [Fast Refresh] performing full reload because your application had an unrecoverable error @ webpack-internal:///(pages-dir-browser)/./node_modules/next/dist/client/dev/hot-reloader/pages/hot-reloader-pages.js:347
[   55041ms] [ERROR] Failed to load resource: the server responded with a status of 500 (Internal Server Error) @ http://localhost:3000/training:0
[   55645ms] [INFO] %cDownload the React DevTools for a better development experience: https://reactjs.org/link/react-devtools font-weight:bold @ webpack-internal:///(pages-dir-browser)/./node_modules/react-dom/cjs/react-dom.development.js:29889
[   55669ms] TypeError: __webpack_modules__[moduleId] is not a function
    at __webpack_require__ (file://C:\Users\Usuario\Documents\Projects\retoPescanova\frontend\.next\server\webpack-runtime.js:25:42)
    at eval (webpack-internal:///(rsc)/./node_modules/next/dist/server/app-render/encryption-utils.js:40:35)
    at <unknown> (rsc)/./node_modules/next/dist/server/app-render/encryption-utils.js (C:\Users\Usuario\Documents\Projects\retoPescanova\frontend\.next\server\vendor-chunks\next.js:1773:1)
    at __webpack_require__ (file://C:\Users\Usuario\Documents\Projects\retoPescanova\frontend\.next\server\webpack-runtime.js:25:42)
    at eval (webpack-internal:///(rsc)/./node_modules/next/dist/build/webpack/loaders/next-app-loader/index.js?name=app%2Ftraining%2Fpage&page=%2Ftraining%2Fpage&appPaths=%2Ftraining%2Fpage&pagePath=private-next-app-dir%2Ftraining%2Fpage.tsx&appDir=C%3A%5CUsers%5CUsuario%5CDocuments%5CProjects%5CretoPescanova%5Cfrontend%5Capp&pageExtensions=tsx&pageExtensions=ts&pageExtensions=jsx&pageExtensions=js&rootDir=C%3A%5CUsers%5CUsuario%5CDocuments%5CProjects%5CretoPescanova%5Cfrontend&isDev=true&tsconfigPath=tsconfig.json&basePath=&assetPrefix=&nextConfigOutput=standalone&preferredRegion=&middlewareConfig=e30%3D&isGlobalNotFoundEnabled=!:28:103)
    at <unknown> (rsc)/./node_modules/next/dist/build/webpack/loaders/next-app-loader/index.js?name=app%2Ftraining%2Fpage&page=%2Ftraining%2Fpage&appPaths=%2Ftraining%2Fpage&pagePath=private-next-app-dir%2Ftraining%2Fpage.tsx&appDir=C%3A%5CUsers%5CUsuario%5CDocuments%5CProjects%5CretoPescanova%5Cfrontend%5Capp&pageExtensions=tsx&pageExtensions=ts&pageExtensions=jsx&pageExtensions=js&rootDir=C%3A%5CUsers%5CUsuario%5CDocuments%5CProjects%5CretoPescanova%5Cfrontend&isDev=true&tsconfigPath=tsconfig.json&basePath=&assetPrefix=&nextConfigOutput=standalone&preferredRegion=&middlewareConfig=e30%3D&isGlobalNotFoundEnabled=! (C:\Users\Usuario\Documents\Projects\retoPescanova\frontend\.next\server\app\training\page.js:66:1)
    at __webpack_require__ (file://C:\Users\Usuario\Documents\Projects\retoPescanova\frontend\.next\server\webpack-runtime.js:25:42)
    at __webpack_exec__ (file://C:\Users\Usuario\Documents\Projects\retoPescanova\frontend\.next\server\app\training\page.js:433:39)
    at <unknown> (file://C:\Users\Usuario\Documents\Projects\retoPescanova\frontend\.next\server\app\training\page.js:434:268)
    at __webpack_require__.X (file://C:\Users\Usuario\Documents\Projects\retoPescanova\frontend\.next\server\webpack-runtime.js:155:21)
    at <unknown> (file://C:\Users\Usuario\Documents\Projects\retoPescanova\frontend\.next\server\app\training\page.js:434:47)
    at Object.<anonymous> (file://C:\Users\Usuario\Documents\Projects\retoPescanova\frontend\.next\server\app\training\page.js:437:3)
    at Module._compile (node:internal/modules/cjs/loader:1730:14)
    at Object..js (node:internal/modules/cjs/loader:1895:10)
    at Module.load (node:internal/modules/cjs/loader:1465:32)
    at Function._load (node:internal/modules/cjs/loader:1282:12)
    at TracingChannel.traceSync (node:diagnostics_channel:322:14)
    at wrapModuleLoad (node:internal/modules/cjs/loader:235:24)
    at Module.<anonymous> (node:internal/modules/cjs/loader:1487:12)
    at mod.require (file://C:\Users\Usuario\Documents\Projects\retoPescanova\frontend\node_modules\next\dist\server\require-hook.js:68:28)
    at require (node:internal/modules/helpers:135:16)
    at requirePage (file://C:\Users\Usuario\Documents\Projects\retoPescanova\frontend\node_modules\next\dist\server\require.js:99:80)
    at loadComponentsImpl (file://C:\Users\Usuario\Documents\Projects\retoPescanova\frontend\node_modules\next\dist\server\load-components.js:132:57)
    at async DevServer.findPageComponentsImpl (file://C:\Users\Usuario\Documents\Projects\retoPescanova\frontend\node_modules\next\dist\server\next-server.js:900:36)
    at async DevServer.findPageComponents (file://C:\Users\Usuario\Documents\Projects\retoPescanova\frontend\node_modules\next\dist\server\dev\next-dev-server.js:706:16)
    at async DevServer.renderPageComponent (file://C:\Users\Usuario\Documents\Projects\retoPescanova\frontend\node_modules\next\dist\server\base-server.js:1468:24)
    at async DevServer.renderToResponseImpl (file://C:\Users\Usuario\Documents\Projects\retoPescanova\frontend\node_modules\next\dist\server\base-server.js:1522:32)
    at async DevServer.pipeImpl (file://C:\Users\Usuario\Documents\Projects\retoPescanova\frontend\node_modules\next\dist\server\base-server.js:1026:25)
    at async NextNodeServer.handleCatchallRenderRequest (file://C:\Users\Usuario\Documents\Projects\retoPescanova\frontend\node_modules\next\dist\server\next-server.js:394:17)
    at async DevServer.handleRequestImpl (file://C:\Users\Usuario\Documents\Projects\retoPescanova\frontend\node_modules\next\dist\server\base-server.js:917:17)
    at async (file://C:\Users\Usuario\Documents\Projects\retoPescanova\frontend\node_modules\next\dist\server\dev\next-dev-server.js:400:20)
    at async Span.traceAsyncFn (file://C:\Users\Usuario\Documents\Projects\retoPescanova\frontend\node_modules\next\dist\trace\trace.js:157:20)
    at async DevServer.handleRequest (file://C:\Users\Usuario\Documents\Projects\retoPescanova\frontend\node_modules\next\dist\server\dev\next-dev-server.js:396:24)
    at async invokeRender (file://C:\Users\Usuario\Documents\Projects\retoPescanova\frontend\node_modules\next\dist\server\lib\router-server.js:240:21)
    at async handleRequest (file://C:\Users\Usuario\Documents\Projects\retoPescanova\frontend\node_modules\next\dist\server\lib\router-server.js:437:24)
    at async requestHandlerImpl (file://C:\Users\Usuario\Documents\Projects\retoPescanova\frontend\node_modules\next\dist\server\lib\router-server.js:485:13)
    at async Server.requestListener (file://C:\Users\Usuario\Documents\Projects\retoPescanova\frontend\node_modules\next\dist\server\lib\start-server.js:226:13)
[   55669ms] [LOG] [HMR] connected @ webpack-internal:///(pages-dir-browser)/./node_modules/next/dist/client/dev/hot-reloader/pages/websocket.js:45
[   57385ms] [ERROR] Failed to load resource: the server responded with a status of 404 (Not Found) @ http://localhost:3000/_next/static/webpack/119d7b6dd4a66877.webpack.hot-update.json:0
[   57385ms] [WARNING] [Fast Refresh] performing full reload because your application had an unrecoverable error @ webpack-internal:///(pages-dir-browser)/./node_modules/next/dist/client/dev/hot-reloader/pages/hot-reloader-pages.js:347
[   57731ms] [ERROR] Failed to load resource: the server responded with a status of 500 (Internal Server Error) @ http://localhost:3000/training:0
[   58141ms] [INFO] %cDownload the React DevTools for a better development experience: https://reactjs.org/link/react-devtools font-weight:bold @ webpack-internal:///(pages-dir-browser)/./node_modules/react-dom/cjs/react-dom.development.js:29889
[   58173ms] TypeError: __webpack_modules__[moduleId] is not a function
    at __webpack_require__ (file://C:\Users\Usuario\Documents\Projects\retoPescanova\frontend\.next\server\webpack-runtime.js:25:42)
    at eval (webpack-internal:///(rsc)/./node_modules/next/dist/server/app-render/encryption-utils.js:40:35)
    at <unknown> (rsc)/./node_modules/next/dist/server/app-render/encryption-utils.js (C:\Users\Usuario\Documents\Projects\retoPescanova\frontend\.next\server\vendor-chunks\next.js:1773:1)
    at __webpack_require__ (file://C:\Users\Usuario\Documents\Projects\retoPescanova\frontend\.next\server\webpack-runtime.js:25:42)
    at eval (webpack-internal:///(rsc)/./node_modules/next/dist/build/webpack/loaders/next-app-loader/index.js?name=app%2Ftraining%2Fpage&page=%2Ftraining%2Fpage&appPaths=%2Ftraining%2Fpage&pagePath=private-next-app-dir%2Ftraining%2Fpage.tsx&appDir=C%3A%5CUsers%5CUsuario%5CDocuments%5CProjects%5CretoPescanova%5Cfrontend%5Capp&pageExtensions=tsx&pageExtensions=ts&pageExtensions=jsx&pageExtensions=js&rootDir=C%3A%5CUsers%5CUsuario%5CDocuments%5CProjects%5CretoPescanova%5Cfrontend&isDev=true&tsconfigPath=tsconfig.json&basePath=&assetPrefix=&nextConfigOutput=standalone&preferredRegion=&middlewareConfig=e30%3D&isGlobalNotFoundEnabled=!:28:103)
    at <unknown> (rsc)/./node_modules/next/dist/build/webpack/loaders/next-app-loader/index.js?name=app%2Ftraining%2Fpage&page=%2Ftraining%2Fpage&appPaths=%2Ftraining%2Fpage&pagePath=private-next-app-dir%2Ftraining%2Fpage.tsx&appDir=C%3A%5CUsers%5CUsuario%5CDocuments%5CProjects%5CretoPescanova%5Cfrontend%5Capp&pageExtensions=tsx&pageExtensions=ts&pageExtensions=jsx&pageExtensions=js&rootDir=C%3A%5CUsers%5CUsuario%5CDocuments%5CProjects%5CretoPescanova%5Cfrontend&isDev=true&tsconfigPath=tsconfig.json&basePath=&assetPrefix=&nextConfigOutput=standalone&preferredRegion=&middlewareConfig=e30%3D&isGlobalNotFoundEnabled=! (C:\Users\Usuario\Documents\Projects\retoPescanova\frontend\.next\server\app\training\page.js:66:1)
    at __webpack_require__ (file://C:\Users\Usuario\Documents\Projects\retoPescanova\frontend\.next\server\webpack-runtime.js:25:42)
    at __webpack_exec__ (file://C:\Users\Usuario\Documents\Projects\retoPescanova\frontend\.next\server\app\training\page.js:433:39)
    at <unknown> (file://C:\Users\Usuario\Documents\Projects\retoPescanova\frontend\.next\server\app\training\page.js:434:268)
    at __webpack_require__.X (file://C:\Users\Usuario\Documents\Projects\retoPescanova\frontend\.next\server\webpack-runtime.js:155:21)
    at <unknown> (file://C:\Users\Usuario\Documents\Projects\retoPescanova\frontend\.next\server\app\training\page.js:434:47)
    at Object.<anonymous> (file://C:\Users\Usuario\Documents\Projects\retoPescanova\frontend\.next\server\app\training\page.js:437:3)
    at Module._compile (node:internal/modules/cjs/loader:1730:14)
    at Object..js (node:internal/modules/cjs/loader:1895:10)
    at Module.load (node:internal/modules/cjs/loader:1465:32)
    at Function._load (node:internal/modules/cjs/loader:1282:12)
    at TracingChannel.traceSync (node:diagnostics_channel:322:14)
    at wrapModuleLoad (node:internal/modules/cjs/loader:235:24)
    at Module.<anonymous> (node:internal/modules/cjs/loader:1487:12)
    at mod.require (file://C:\Users\Usuario\Documents\Projects\retoPescanova\frontend\node_modules\next\dist\server\require-hook.js:68:28)
    at require (node:internal/modules/helpers:135:16)
    at requirePage (file://C:\Users\Usuario\Documents\Projects\retoPescanova\frontend\node_modules\next\dist\server\require.js:99:80)
    at loadComponentsImpl (file://C:\Users\Usuario\Documents\Projects\retoPescanova\frontend\node_modules\next\dist\server\load-components.js:132:57)
    at async DevServer.findPageComponentsImpl (file://C:\Users\Usuario\Documents\Projects\retoPescanova\frontend\node_modules\next\dist\server\next-server.js:900:36)
    at async DevServer.findPageComponents (file://C:\Users\Usuario\Documents\Projects\retoPescanova\frontend\node_modules\next\dist\server\dev\next-dev-server.js:706:16)
    at async DevServer.renderPageComponent (file://C:\Users\Usuario\Documents\Projects\retoPescanova\frontend\node_modules\next\dist\server\base-server.js:1468:24)
    at async DevServer.renderToResponseImpl (file://C:\Users\Usuario\Documents\Projects\retoPescanova\frontend\node_modules\next\dist\server\base-server.js:1522:32)
    at async DevServer.pipeImpl (file://C:\Users\Usuario\Documents\Projects\retoPescanova\frontend\node_modules\next\dist\server\base-server.js:1026:25)
    at async NextNodeServer.handleCatchallRenderRequest (file://C:\Users\Usuario\Documents\Projects\retoPescanova\frontend\node_modules\next\dist\server\next-server.js:394:17)
    at async DevServer.handleRequestImpl (file://C:\Users\Usuario\Documents\Projects\retoPescanova\frontend\node_modules\next\dist\server\base-server.js:917:17)
    at async (file://C:\Users\Usuario\Documents\Projects\retoPescanova\frontend\node_modules\next\dist\server\dev\next-dev-server.js:400:20)
    at async Span.traceAsyncFn (file://C:\Users\Usuario\Documents\Projects\retoPescanova\frontend\node_modules\next\dist\trace\trace.js:157:20)
    at async DevServer.handleRequest (file://C:\Users\Usuario\Documents\Projects\retoPescanova\frontend\node_modules\next\dist\server\dev\next-dev-server.js:396:24)
    at async invokeRender (file://C:\Users\Usuario\Documents\Projects\retoPescanova\frontend\node_modules\next\dist\server\lib\router-server.js:240:21)
    at async handleRequest (file://C:\Users\Usuario\Documents\Projects\retoPescanova\frontend\node_modules\next\dist\server\lib\router-server.js:437:24)
    at async requestHandlerImpl (file://C:\Users\Usuario\Documents\Projects\retoPescanova\frontend\node_modules\next\dist\server\lib\router-server.js:485:13)
    at async Server.requestListener (file://C:\Users\Usuario\Documents\Projects\retoPescanova\frontend\node_modules\next\dist\server\lib\start-server.js:226:13)
[   58173ms] [LOG] [HMR] connected @ webpack-internal:///(pages-dir-browser)/./node_modules/next/dist/client/dev/hot-reloader/pages/websocket.js:45
[   58971ms] [ERROR] Failed to load resource: the server responded with a status of 404 (Not Found) @ http://localhost:3000/_next/static/webpack/119d7b6dd4a66877.webpack.hot-update.json:0
[   58971ms] [WARNING] [Fast Refresh] performing full reload because your application had an unrecoverable error @ webpack-internal:///(pages-dir-browser)/./node_modules/next/dist/client/dev/hot-reloader/pages/hot-reloader-pages.js:347
[   59267ms] [ERROR] Failed to load resource: the server responded with a status of 500 (Internal Server Error) @ http://localhost:3000/training:0
[   59882ms] [INFO] %cDownload the React DevTools for a better development experience: https://reactjs.org/link/react-devtools font-weight:bold @ webpack-internal:///(pages-dir-browser)/./node_modules/react-dom/cjs/react-dom.development.js:29889
[   59906ms] TypeError: __webpack_modules__[moduleId] is not a function
    at __webpack_require__ (file://C:\Users\Usuario\Documents\Projects\retoPescanova\frontend\.next\server\webpack-runtime.js:25:42)
    at eval (webpack-internal:///(rsc)/./node_modules/next/dist/server/app-render/encryption-utils.js:40:35)
    at <unknown> (rsc)/./node_modules/next/dist/server/app-render/encryption-utils.js (C:\Users\Usuario\Documents\Projects\retoPescanova\frontend\.next\server\vendor-chunks\next.js:1773:1)
    at __webpack_require__ (file://C:\Users\Usuario\Documents\Projects\retoPescanova\frontend\.next\server\webpack-runtime.js:25:42)
    at eval (webpack-internal:///(rsc)/./node_modules/next/dist/build/webpack/loaders/next-app-loader/index.js?name=app%2Ftraining%2Fpage&page=%2Ftraining%2Fpage&appPaths=%2Ftraining%2Fpage&pagePath=private-next-app-dir%2Ftraining%2Fpage.tsx&appDir=C%3A%5CUsers%5CUsuario%5CDocuments%5CProjects%5CretoPescanova%5Cfrontend%5Capp&pageExtensions=tsx&pageExtensions=ts&pageExtensions=jsx&pageExtensions=js&rootDir=C%3A%5CUsers%5CUsuario%5CDocuments%5CProjects%5CretoPescanova%5Cfrontend&isDev=true&tsconfigPath=tsconfig.json&basePath=&assetPrefix=&nextConfigOutput=standalone&preferredRegion=&middlewareConfig=e30%3D&isGlobalNotFoundEnabled=!:28:103)
    at <unknown> (rsc)/./node_modules/next/dist/build/webpack/loaders/next-app-loader/index.js?name=app%2Ftraining%2Fpage&page=%2Ftraining%2Fpage&appPaths=%2Ftraining%2Fpage&pagePath=private-next-app-dir%2Ftraining%2Fpage.tsx&appDir=C%3A%5CUsers%5CUsuario%5CDocuments%5CProjects%5CretoPescanova%5Cfrontend%5Capp&pageExtensions=tsx&pageExtensions=ts&pageExtensions=jsx&pageExtensions=js&rootDir=C%3A%5CUsers%5CUsuario%5CDocuments%5CProjects%5CretoPescanova%5Cfrontend&isDev=true&tsconfigPath=tsconfig.json&basePath=&assetPrefix=&nextConfigOutput=standalone&preferredRegion=&middlewareConfig=e30%3D&isGlobalNotFoundEnabled=! (C:\Users\Usuario\Documents\Projects\retoPescanova\frontend\.next\server\app\training\page.js:66:1)
    at __webpack_require__ (file://C:\Users\Usuario\Documents\Projects\retoPescanova\frontend\.next\server\webpack-runtime.js:25:42)
    at __webpack_exec__ (file://C:\Users\Usuario\Documents\Projects\retoPescanova\frontend\.next\server\app\training\page.js:433:39)
    at <unknown> (file://C:\Users\Usuario\Documents\Projects\retoPescanova\frontend\.next\server\app\training\page.js:434:268)
    at __webpack_require__.X (file://C:\Users\Usuario\Documents\Projects\retoPescanova\frontend\.next\server\webpack-runtime.js:155:21)
    at <unknown> (file://C:\Users\Usuario\Documents\Projects\retoPescanova\frontend\.next\server\app\training\page.js:434:47)
    at Object.<anonymous> (file://C:\Users\Usuario\Documents\Projects\retoPescanova\frontend\.next\server\app\training\page.js:437:3)
    at Module._compile (node:internal/modules/cjs/loader:1730:14)
    at Object..js (node:internal/modules/cjs/loader:1895:10)
    at Module.load (node:internal/modules/cjs/loader:1465:32)
    at Function._load (node:internal/modules/cjs/loader:1282:12)
    at TracingChannel.traceSync (node:diagnostics_channel:322:14)
    at wrapModuleLoad (node:internal/modules/cjs/loader:235:24)
    at Module.<anonymous> (node:internal/modules/cjs/loader:1487:12)
    at mod.require (file://C:\Users\Usuario\Documents\Projects\retoPescanova\frontend\node_modules\next\dist\server\require-hook.js:68:28)
    at require (node:internal/modules/helpers:135:16)
    at requirePage (file://C:\Users\Usuario\Documents\Projects\retoPescanova\frontend\node_modules\next\dist\server\require.js:99:80)
    at loadComponentsImpl (file://C:\Users\Usuario\Documents\Projects\retoPescanova\frontend\node_modules\next\dist\server\load-components.js:132:57)
    at async DevServer.findPageComponentsImpl (file://C:\Users\Usuario\Documents\Projects\retoPescanova\frontend\node_modules\next\dist\server\next-server.js:900:36)
    at async DevServer.findPageComponents (file://C:\Users\Usuario\Documents\Projects\retoPescanova\frontend\node_modules\next\dist\server\dev\next-dev-server.js:706:16)
    at async DevServer.renderPageComponent (file://C:\Users\Usuario\Documents\Projects\retoPescanova\frontend\node_modules\next\dist\server\base-server.js:1468:24)
    at async DevServer.renderToResponseImpl (file://C:\Users\Usuario\Documents\Projects\retoPescanova\frontend\node_modules\next\dist\server\base-server.js:1522:32)
    at async DevServer.pipeImpl (file://C:\Users\Usuario\Documents\Projects\retoPescanova\frontend\node_modules\next\dist\server\base-server.js:1026:25)
    at async NextNodeServer.handleCatchallRenderRequest (file://C:\Users\Usuario\Documents\Projects\retoPescanova\frontend\node_modules\next\dist\server\next-server.js:394:17)
    at async DevServer.handleRequestImpl (file://C:\Users\Usuario\Documents\Projects\retoPescanova\frontend\node_modules\next\dist\server\base-server.js:917:17)
    at async (file://C:\Users\Usuario\Documents\Projects\retoPescanova\frontend\node_modules\next\dist\server\dev\next-dev-server.js:400:20)
    at async Span.traceAsyncFn (file://C:\Users\Usuario\Documents\Projects\retoPescanova\frontend\node_modules\next\dist\trace\trace.js:157:20)
    at async DevServer.handleRequest (file://C:\Users\Usuario\Documents\Projects\retoPescanova\frontend\node_modules\next\dist\server\dev\next-dev-server.js:396:24)
    at async invokeRender (file://C:\Users\Usuario\Documents\Projects\retoPescanova\frontend\node_modules\next\dist\server\lib\router-server.js:240:21)
    at async handleRequest (file://C:\Users\Usuario\Documents\Projects\retoPescanova\frontend\node_modules\next\dist\server\lib\router-server.js:437:24)
    at async requestHandlerImpl (file://C:\Users\Usuario\Documents\Projects\retoPescanova\frontend\node_modules\next\dist\server\lib\router-server.js:485:13)
    at async Server.requestListener (file://C:\Users\Usuario\Documents\Projects\retoPescanova\frontend\node_modules\next\dist\server\lib\start-server.js:226:13)
[   59906ms] [LOG] [HMR] connected @ webpack-internal:///(pages-dir-browser)/./node_modules/next/dist/client/dev/hot-reloader/pages/websocket.js:45
[   61803ms] [ERROR] Failed to load resource: the server responded with a status of 404 (Not Found) @ http://localhost:3000/_next/static/webpack/119d7b6dd4a66877.webpack.hot-update.json:0
[   61803ms] [WARNING] [Fast Refresh] performing full reload because your application had an unrecoverable error @ webpack-internal:///(pages-dir-browser)/./node_modules/next/dist/client/dev/hot-reloader/pages/hot-reloader-pages.js:347
[   62152ms] [ERROR] Failed to load resource: the server responded with a status of 500 (Internal Server Error) @ http://localhost:3000/training:0
[   62576ms] [INFO] %cDownload the React DevTools for a better development experience: https://reactjs.org/link/react-devtools font-weight:bold @ webpack-internal:///(pages-dir-browser)/./node_modules/react-dom/cjs/react-dom.development.js:29889
[   62601ms] TypeError: __webpack_modules__[moduleId] is not a function
    at __webpack_require__ (file://C:\Users\Usuario\Documents\Projects\retoPescanova\frontend\.next\server\webpack-runtime.js:25:42)
    at eval (webpack-internal:///(rsc)/./node_modules/next/dist/server/app-render/encryption-utils.js:40:35)
    at <unknown> (rsc)/./node_modules/next/dist/server/app-render/encryption-utils.js (C:\Users\Usuario\Documents\Projects\retoPescanova\frontend\.next\server\vendor-chunks\next.js:1773:1)
    at __webpack_require__ (file://C:\Users\Usuario\Documents\Projects\retoPescanova\frontend\.next\server\webpack-runtime.js:25:42)
    at eval (webpack-internal:///(rsc)/./node_modules/next/dist/build/webpack/loaders/next-app-loader/index.js?name=app%2Ftraining%2Fpage&page=%2Ftraining%2Fpage&appPaths=%2Ftraining%2Fpage&pagePath=private-next-app-dir%2Ftraining%2Fpage.tsx&appDir=C%3A%5CUsers%5CUsuario%5CDocuments%5CProjects%5CretoPescanova%5Cfrontend%5Capp&pageExtensions=tsx&pageExtensions=ts&pageExtensions=jsx&pageExtensions=js&rootDir=C%3A%5CUsers%5CUsuario%5CDocuments%5CProjects%5CretoPescanova%5Cfrontend&isDev=true&tsconfigPath=tsconfig.json&basePath=&assetPrefix=&nextConfigOutput=standalone&preferredRegion=&middlewareConfig=e30%3D&isGlobalNotFoundEnabled=!:28:103)
    at <unknown> (rsc)/./node_modules/next/dist/build/webpack/loaders/next-app-loader/index.js?name=app%2Ftraining%2Fpage&page=%2Ftraining%2Fpage&appPaths=%2Ftraining%2Fpage&pagePath=private-next-app-dir%2Ftraining%2Fpage.tsx&appDir=C%3A%5CUsers%5CUsuario%5CDocuments%5CProjects%5CretoPescanova%5Cfrontend%5Capp&pageExtensions=tsx&pageExtensions=ts&pageExtensions=jsx&pageExtensions=js&rootDir=C%3A%5CUsers%5CUsuario%5CDocuments%5CProjects%5CretoPescanova%5Cfrontend&isDev=true&tsconfigPath=tsconfig.json&basePath=&assetPrefix=&nextConfigOutput=standalone&preferredRegion=&middlewareConfig=e30%3D&isGlobalNotFoundEnabled=! (C:\Users\Usuario\Documents\Projects\retoPescanova\frontend\.next\server\app\training\page.js:66:1)
    at __webpack_require__ (file://C:\Users\Usuario\Documents\Projects\retoPescanova\frontend\.next\server\webpack-runtime.js:25:42)
    at __webpack_exec__ (file://C:\Users\Usuario\Documents\Projects\retoPescanova\frontend\.next\server\app\training\page.js:433:39)
    at <unknown> (file://C:\Users\Usuario\Documents\Projects\retoPescanova\frontend\.next\server\app\training\page.js:434:268)
    at __webpack_require__.X (file://C:\Users\Usuario\Documents\Projects\retoPescanova\frontend\.next\server\webpack-runtime.js:155:21)
    at <unknown> (file://C:\Users\Usuario\Documents\Projects\retoPescanova\frontend\.next\server\app\training\page.js:434:47)
    at Object.<anonymous> (file://C:\Users\Usuario\Documents\Projects\retoPescanova\frontend\.next\server\app\training\page.js:437:3)
    at Module._compile (node:internal/modules/cjs/loader:1730:14)
    at Object..js (node:internal/modules/cjs/loader:1895:10)
    at Module.load (node:internal/modules/cjs/loader:1465:32)
    at Function._load (node:internal/modules/cjs/loader:1282:12)
    at TracingChannel.traceSync (node:diagnostics_channel:322:14)
    at wrapModuleLoad (node:internal/modules/cjs/loader:235:24)
    at Module.<anonymous> (node:internal/modules/cjs/loader:1487:12)
    at mod.require (file://C:\Users\Usuario\Documents\Projects\retoPescanova\frontend\node_modules\next\dist\server\require-hook.js:68:28)
    at require (node:internal/modules/helpers:135:16)
    at requirePage (file://C:\Users\Usuario\Documents\Projects\retoPescanova\frontend\node_modules\next\dist\server\require.js:99:80)
    at loadComponentsImpl (file://C:\Users\Usuario\Documents\Projects\retoPescanova\frontend\node_modules\next\dist\server\load-components.js:132:57)
    at async DevServer.findPageComponentsImpl (file://C:\Users\Usuario\Documents\Projects\retoPescanova\frontend\node_modules\next\dist\server\next-server.js:900:36)
    at async DevServer.findPageComponents (file://C:\Users\Usuario\Documents\Projects\retoPescanova\frontend\node_modules\next\dist\server\dev\next-dev-server.js:706:16)
    at async DevServer.renderPageComponent (file://C:\Users\Usuario\Documents\Projects\retoPescanova\frontend\node_modules\next\dist\server\base-server.js:1468:24)
    at async DevServer.renderToResponseImpl (file://C:\Users\Usuario\Documents\Projects\retoPescanova\frontend\node_modules\next\dist\server\base-server.js:1522:32)
    at async DevServer.pipeImpl (file://C:\Users\Usuario\Documents\Projects\retoPescanova\frontend\node_modules\next\dist\server\base-server.js:1026:25)
    at async NextNodeServer.handleCatchallRenderRequest (file://C:\Users\Usuario\Documents\Projects\retoPescanova\frontend\node_modules\next\dist\server\next-server.js:394:17)
    at async DevServer.handleRequestImpl (file://C:\Users\Usuario\Documents\Projects\retoPescanova\frontend\node_modules\next\dist\server\base-server.js:917:17)
    at async (file://C:\Users\Usuario\Documents\Projects\retoPescanova\frontend\node_modules\next\dist\server\dev\next-dev-server.js:400:20)
    at async Span.traceAsyncFn (file://C:\Users\Usuario\Documents\Projects\retoPescanova\frontend\node_modules\next\dist\trace\trace.js:157:20)
    at async DevServer.handleRequest (file://C:\Users\Usuario\Documents\Projects\retoPescanova\frontend\node_modules\next\dist\server\dev\next-dev-server.js:396:24)
    at async invokeRender (file://C:\Users\Usuario\Documents\Projects\retoPescanova\frontend\node_modules\next\dist\server\lib\router-server.js:240:21)
    at async handleRequest (file://C:\Users\Usuario\Documents\Projects\retoPescanova\frontend\node_modules\next\dist\server\lib\router-server.js:437:24)
    at async requestHandlerImpl (file://C:\Users\Usuario\Documents\Projects\retoPescanova\frontend\node_modules\next\dist\server\lib\router-server.js:485:13)
    at async Server.requestListener (file://C:\Users\Usuario\Documents\Projects\retoPescanova\frontend\node_modules\next\dist\server\lib\start-server.js:226:13)
[   62600ms] [LOG] [HMR] connected @ webpack-internal:///(pages-dir-browser)/./node_modules/next/dist/client/dev/hot-reloader/pages/websocket.js:45
[   63446ms] [ERROR] Failed to load resource: the server responded with a status of 404 (Not Found) @ http://localhost:3000/_next/static/webpack/119d7b6dd4a66877.webpack.hot-update.json:0
[   63446ms] [WARNING] [Fast Refresh] performing full reload because your application had an unrecoverable error @ webpack-internal:///(pages-dir-browser)/./node_modules/next/dist/client/dev/hot-reloader/pages/hot-reloader-pages.js:347
[   63738ms] [ERROR] Failed to load resource: the server responded with a status of 500 (Internal Server Error) @ http://localhost:3000/training:0
[   64361ms] [INFO] %cDownload the React DevTools for a better development experience: https://reactjs.org/link/react-devtools font-weight:bold @ webpack-internal:///(pages-dir-browser)/./node_modules/react-dom/cjs/react-dom.development.js:29889
[   64382ms] TypeError: __webpack_modules__[moduleId] is not a function
    at __webpack_require__ (file://C:\Users\Usuario\Documents\Projects\retoPescanova\frontend\.next\server\webpack-runtime.js:25:42)
    at eval (webpack-internal:///(rsc)/./node_modules/next/dist/server/app-render/encryption-utils.js:40:35)
    at <unknown> (rsc)/./node_modules/next/dist/server/app-render/encryption-utils.js (C:\Users\Usuario\Documents\Projects\retoPescanova\frontend\.next\server\vendor-chunks\next.js:1773:1)
    at __webpack_require__ (file://C:\Users\Usuario\Documents\Projects\retoPescanova\frontend\.next\server\webpack-runtime.js:25:42)
    at eval (webpack-internal:///(rsc)/./node_modules/next/dist/build/webpack/loaders/next-app-loader/index.js?name=app%2Ftraining%2Fpage&page=%2Ftraining%2Fpage&appPaths=%2Ftraining%2Fpage&pagePath=private-next-app-dir%2Ftraining%2Fpage.tsx&appDir=C%3A%5CUsers%5CUsuario%5CDocuments%5CProjects%5CretoPescanova%5Cfrontend%5Capp&pageExtensions=tsx&pageExtensions=ts&pageExtensions=jsx&pageExtensions=js&rootDir=C%3A%5CUsers%5CUsuario%5CDocuments%5CProjects%5CretoPescanova%5Cfrontend&isDev=true&tsconfigPath=tsconfig.json&basePath=&assetPrefix=&nextConfigOutput=standalone&preferredRegion=&middlewareConfig=e30%3D&isGlobalNotFoundEnabled=!:28:103)
    at <unknown> (rsc)/./node_modules/next/dist/build/webpack/loaders/next-app-loader/index.js?name=app%2Ftraining%2Fpage&page=%2Ftraining%2Fpage&appPaths=%2Ftraining%2Fpage&pagePath=private-next-app-dir%2Ftraining%2Fpage.tsx&appDir=C%3A%5CUsers%5CUsuario%5CDocuments%5CProjects%5CretoPescanova%5Cfrontend%5Capp&pageExtensions=tsx&pageExtensions=ts&pageExtensions=jsx&pageExtensions=js&rootDir=C%3A%5CUsers%5CUsuario%5CDocuments%5CProjects%5CretoPescanova%5Cfrontend&isDev=true&tsconfigPath=tsconfig.json&basePath=&assetPrefix=&nextConfigOutput=standalone&preferredRegion=&middlewareConfig=e30%3D&isGlobalNotFoundEnabled=! (C:\Users\Usuario\Documents\Projects\retoPescanova\frontend\.next\server\app\training\page.js:66:1)
    at __webpack_require__ (file://C:\Users\Usuario\Documents\Projects\retoPescanova\frontend\.next\server\webpack-runtime.js:25:42)
    at __webpack_exec__ (file://C:\Users\Usuario\Documents\Projects\retoPescanova\frontend\.next\server\app\training\page.js:433:39)
    at <unknown> (file://C:\Users\Usuario\Documents\Projects\retoPescanova\frontend\.next\server\app\training\page.js:434:268)
    at __webpack_require__.X (file://C:\Users\Usuario\Documents\Projects\retoPescanova\frontend\.next\server\webpack-runtime.js:155:21)
    at <unknown> (file://C:\Users\Usuario\Documents\Projects\retoPescanova\frontend\.next\server\app\training\page.js:434:47)
    at Object.<anonymous> (file://C:\Users\Usuario\Documents\Projects\retoPescanova\frontend\.next\server\app\training\page.js:437:3)
    at Module._compile (node:internal/modules/cjs/loader:1730:14)
    at Object..js (node:internal/modules/cjs/loader:1895:10)
    at Module.load (node:internal/modules/cjs/loader:1465:32)
    at Function._load (node:internal/modules/cjs/loader:1282:12)
    at TracingChannel.traceSync (node:diagnostics_channel:322:14)
    at wrapModuleLoad (node:internal/modules/cjs/loader:235:24)
    at Module.<anonymous> (node:internal/modules/cjs/loader:1487:12)
    at mod.require (file://C:\Users\Usuario\Documents\Projects\retoPescanova\frontend\node_modules\next\dist\server\require-hook.js:68:28)
    at require (node:internal/modules/helpers:135:16)
    at requirePage (file://C:\Users\Usuario\Documents\Projects\retoPescanova\frontend\node_modules\next\dist\server\require.js:99:80)
    at loadComponentsImpl (file://C:\Users\Usuario\Documents\Projects\retoPescanova\frontend\node_modules\next\dist\server\load-components.js:132:57)
    at async DevServer.findPageComponentsImpl (file://C:\Users\Usuario\Documents\Projects\retoPescanova\frontend\node_modules\next\dist\server\next-server.js:900:36)
    at async DevServer.findPageComponents (file://C:\Users\Usuario\Documents\Projects\retoPescanova\frontend\node_modules\next\dist\server\dev\next-dev-server.js:706:16)
    at async DevServer.renderPageComponent (file://C:\Users\Usuario\Documents\Projects\retoPescanova\frontend\node_modules\next\dist\server\base-server.js:1468:24)
    at async DevServer.renderToResponseImpl (file://C:\Users\Usuario\Documents\Projects\retoPescanova\frontend\node_modules\next\dist\server\base-server.js:1522:32)
    at async DevServer.pipeImpl (file://C:\Users\Usuario\Documents\Projects\retoPescanova\frontend\node_modules\next\dist\server\base-server.js:1026:25)
    at async NextNodeServer.handleCatchallRenderRequest (file://C:\Users\Usuario\Documents\Projects\retoPescanova\frontend\node_modules\next\dist\server\next-server.js:394:17)
    at async DevServer.handleRequestImpl (file://C:\Users\Usuario\Documents\Projects\retoPescanova\frontend\node_modules\next\dist\server\base-server.js:917:17)
    at async (file://C:\Users\Usuario\Documents\Projects\retoPescanova\frontend\node_modules\next\dist\server\dev\next-dev-server.js:400:20)
    at async Span.traceAsyncFn (file://C:\Users\Usuario\Documents\Projects\retoPescanova\frontend\node_modules\next\dist\trace\trace.js:157:20)
    at async DevServer.handleRequest (file://C:\Users\Usuario\Documents\Projects\retoPescanova\frontend\node_modules\next\dist\server\dev\next-dev-server.js:396:24)
    at async invokeRender (file://C:\Users\Usuario\Documents\Projects\retoPescanova\frontend\node_modules\next\dist\server\lib\router-server.js:240:21)
    at async handleRequest (file://C:\Users\Usuario\Documents\Projects\retoPescanova\frontend\node_modules\next\dist\server\lib\router-server.js:437:24)
    at async requestHandlerImpl (file://C:\Users\Usuario\Documents\Projects\retoPescanova\frontend\node_modules\next\dist\server\lib\router-server.js:485:13)
    at async Server.requestListener (file://C:\Users\Usuario\Documents\Projects\retoPescanova\frontend\node_modules\next\dist\server\lib\start-server.js:226:13)
[   64382ms] [LOG] [HMR] connected @ webpack-internal:///(pages-dir-browser)/./node_modules/next/dist/client/dev/hot-reloader/pages/websocket.js:45
[   66245ms] [ERROR] Failed to load resource: the server responded with a status of 404 (Not Found) @ http://localhost:3000/_next/static/webpack/119d7b6dd4a66877.webpack.hot-update.json:0
[   66245ms] [WARNING] [Fast Refresh] performing full reload because your application had an unrecoverable error @ webpack-internal:///(pages-dir-browser)/./node_modules/next/dist/client/dev/hot-reloader/pages/hot-reloader-pages.js:347
[   66588ms] [ERROR] Failed to load resource: the server responded with a status of 500 (Internal Server Error) @ http://localhost:3000/training:0
[   67011ms] [INFO] %cDownload the React DevTools for a better development experience: https://reactjs.org/link/react-devtools font-weight:bold @ webpack-internal:///(pages-dir-browser)/./node_modules/react-dom/cjs/react-dom.development.js:29889
[   67038ms] TypeError: __webpack_modules__[moduleId] is not a function
    at __webpack_require__ (file://C:\Users\Usuario\Documents\Projects\retoPescanova\frontend\.next\server\webpack-runtime.js:25:42)
    at eval (webpack-internal:///(rsc)/./node_modules/next/dist/server/app-render/encryption-utils.js:40:35)
    at <unknown> (rsc)/./node_modules/next/dist/server/app-render/encryption-utils.js (C:\Users\Usuario\Documents\Projects\retoPescanova\frontend\.next\server\vendor-chunks\next.js:1773:1)
    at __webpack_require__ (file://C:\Users\Usuario\Documents\Projects\retoPescanova\frontend\.next\server\webpack-runtime.js:25:42)
    at eval (webpack-internal:///(rsc)/./node_modules/next/dist/build/webpack/loaders/next-app-loader/index.js?name=app%2Ftraining%2Fpage&page=%2Ftraining%2Fpage&appPaths=%2Ftraining%2Fpage&pagePath=private-next-app-dir%2Ftraining%2Fpage.tsx&appDir=C%3A%5CUsers%5CUsuario%5CDocuments%5CProjects%5CretoPescanova%5Cfrontend%5Capp&pageExtensions=tsx&pageExtensions=ts&pageExtensions=jsx&pageExtensions=js&rootDir=C%3A%5CUsers%5CUsuario%5CDocuments%5CProjects%5CretoPescanova%5Cfrontend&isDev=true&tsconfigPath=tsconfig.json&basePath=&assetPrefix=&nextConfigOutput=standalone&preferredRegion=&middlewareConfig=e30%3D&isGlobalNotFoundEnabled=!:28:103)
    at <unknown> (rsc)/./node_modules/next/dist/build/webpack/loaders/next-app-loader/index.js?name=app%2Ftraining%2Fpage&page=%2Ftraining%2Fpage&appPaths=%2Ftraining%2Fpage&pagePath=private-next-app-dir%2Ftraining%2Fpage.tsx&appDir=C%3A%5CUsers%5CUsuario%5CDocuments%5CProjects%5CretoPescanova%5Cfrontend%5Capp&pageExtensions=tsx&pageExtensions=ts&pageExtensions=jsx&pageExtensions=js&rootDir=C%3A%5CUsers%5CUsuario%5CDocuments%5CProjects%5CretoPescanova%5Cfrontend&isDev=true&tsconfigPath=tsconfig.json&basePath=&assetPrefix=&nextConfigOutput=standalone&preferredRegion=&middlewareConfig=e30%3D&isGlobalNotFoundEnabled=! (C:\Users\Usuario\Documents\Projects\retoPescanova\frontend\.next\server\app\training\page.js:66:1)
    at __webpack_require__ (file://C:\Users\Usuario\Documents\Projects\retoPescanova\frontend\.next\server\webpack-runtime.js:25:42)
    at __webpack_exec__ (file://C:\Users\Usuario\Documents\Projects\retoPescanova\frontend\.next\server\app\training\page.js:433:39)
    at <unknown> (file://C:\Users\Usuario\Documents\Projects\retoPescanova\frontend\.next\server\app\training\page.js:434:268)
    at __webpack_require__.X (file://C:\Users\Usuario\Documents\Projects\retoPescanova\frontend\.next\server\webpack-runtime.js:155:21)
    at <unknown> (file://C:\Users\Usuario\Documents\Projects\retoPescanova\frontend\.next\server\app\training\page.js:434:47)
    at Object.<anonymous> (file://C:\Users\Usuario\Documents\Projects\retoPescanova\frontend\.next\server\app\training\page.js:437:3)
    at Module._compile (node:internal/modules/cjs/loader:1730:14)
    at Object..js (node:internal/modules/cjs/loader:1895:10)
    at Module.load (node:internal/modules/cjs/loader:1465:32)
    at Function._load (node:internal/modules/cjs/loader:1282:12)
    at TracingChannel.traceSync (node:diagnostics_channel:322:14)
    at wrapModuleLoad (node:internal/modules/cjs/loader:235:24)
    at Module.<anonymous> (node:internal/modules/cjs/loader:1487:12)
    at mod.require (file://C:\Users\Usuario\Documents\Projects\retoPescanova\frontend\node_modules\next\dist\server\require-hook.js:68:28)
    at require (node:internal/modules/helpers:135:16)
    at requirePage (file://C:\Users\Usuario\Documents\Projects\retoPescanova\frontend\node_modules\next\dist\server\require.js:99:80)
    at loadComponentsImpl (file://C:\Users\Usuario\Documents\Projects\retoPescanova\frontend\node_modules\next\dist\server\load-components.js:132:57)
    at async DevServer.findPageComponentsImpl (file://C:\Users\Usuario\Documents\Projects\retoPescanova\frontend\node_modules\next\dist\server\next-server.js:900:36)
    at async DevServer.findPageComponents (file://C:\Users\Usuario\Documents\Projects\retoPescanova\frontend\node_modules\next\dist\server\dev\next-dev-server.js:706:16)
    at async DevServer.renderPageComponent (file://C:\Users\Usuario\Documents\Projects\retoPescanova\frontend\node_modules\next\dist\server\base-server.js:1468:24)
    at async DevServer.renderToResponseImpl (file://C:\Users\Usuario\Documents\Projects\retoPescanova\frontend\node_modules\next\dist\server\base-server.js:1522:32)
    at async DevServer.pipeImpl (file://C:\Users\Usuario\Documents\Projects\retoPescanova\frontend\node_modules\next\dist\server\base-server.js:1026:25)
    at async NextNodeServer.handleCatchallRenderRequest (file://C:\Users\Usuario\Documents\Projects\retoPescanova\frontend\node_modules\next\dist\server\next-server.js:394:17)
    at async DevServer.handleRequestImpl (file://C:\Users\Usuario\Documents\Projects\retoPescanova\frontend\node_modules\next\dist\server\base-server.js:917:17)
    at async (file://C:\Users\Usuario\Documents\Projects\retoPescanova\frontend\node_modules\next\dist\server\dev\next-dev-server.js:400:20)
    at async Span.traceAsyncFn (file://C:\Users\Usuario\Documents\Projects\retoPescanova\frontend\node_modules\next\dist\trace\trace.js:157:20)
    at async DevServer.handleRequest (file://C:\Users\Usuario\Documents\Projects\retoPescanova\frontend\node_modules\next\dist\server\dev\next-dev-server.js:396:24)
    at async invokeRender (file://C:\Users\Usuario\Documents\Projects\retoPescanova\frontend\node_modules\next\dist\server\lib\router-server.js:240:21)
    at async handleRequest (file://C:\Users\Usuario\Documents\Projects\retoPescanova\frontend\node_modules\next\dist\server\lib\router-server.js:437:24)
    at async requestHandlerImpl (file://C:\Users\Usuario\Documents\Projects\retoPescanova\frontend\node_modules\next\dist\server\lib\router-server.js:485:13)
    at async Server.requestListener (file://C:\Users\Usuario\Documents\Projects\retoPescanova\frontend\node_modules\next\dist\server\lib\start-server.js:226:13)
[   67037ms] [LOG] [HMR] connected @ webpack-internal:///(pages-dir-browser)/./node_modules/next/dist/client/dev/hot-reloader/pages/websocket.js:45
[   67887ms] [ERROR] Failed to load resource: the server responded with a status of 404 (Not Found) @ http://localhost:3000/_next/static/webpack/119d7b6dd4a66877.webpack.hot-update.json:0
[   67887ms] [WARNING] [Fast Refresh] performing full reload because your application had an unrecoverable error @ webpack-internal:///(pages-dir-browser)/./node_modules/next/dist/client/dev/hot-reloader/pages/hot-reloader-pages.js:347
[   68194ms] [ERROR] Failed to load resource: the server responded with a status of 500 (Internal Server Error) @ http://localhost:3000/training:0
[   68804ms] [INFO] %cDownload the React DevTools for a better development experience: https://reactjs.org/link/react-devtools font-weight:bold @ webpack-internal:///(pages-dir-browser)/./node_modules/react-dom/cjs/react-dom.development.js:29889
[   68840ms] TypeError: __webpack_modules__[moduleId] is not a function
    at __webpack_require__ (file://C:\Users\Usuario\Documents\Projects\retoPescanova\frontend\.next\server\webpack-runtime.js:25:42)
    at eval (webpack-internal:///(rsc)/./node_modules/next/dist/server/app-render/encryption-utils.js:40:35)
    at <unknown> (rsc)/./node_modules/next/dist/server/app-render/encryption-utils.js (C:\Users\Usuario\Documents\Projects\retoPescanova\frontend\.next\server\vendor-chunks\next.js:1773:1)
    at __webpack_require__ (file://C:\Users\Usuario\Documents\Projects\retoPescanova\frontend\.next\server\webpack-runtime.js:25:42)
    at eval (webpack-internal:///(rsc)/./node_modules/next/dist/build/webpack/loaders/next-app-loader/index.js?name=app%2Ftraining%2Fpage&page=%2Ftraining%2Fpage&appPaths=%2Ftraining%2Fpage&pagePath=private-next-app-dir%2Ftraining%2Fpage.tsx&appDir=C%3A%5CUsers%5CUsuario%5CDocuments%5CProjects%5CretoPescanova%5Cfrontend%5Capp&pageExtensions=tsx&pageExtensions=ts&pageExtensions=jsx&pageExtensions=js&rootDir=C%3A%5CUsers%5CUsuario%5CDocuments%5CProjects%5CretoPescanova%5Cfrontend&isDev=true&tsconfigPath=tsconfig.json&basePath=&assetPrefix=&nextConfigOutput=standalone&preferredRegion=&middlewareConfig=e30%3D&isGlobalNotFoundEnabled=!:28:103)
    at <unknown> (rsc)/./node_modules/next/dist/build/webpack/loaders/next-app-loader/index.js?name=app%2Ftraining%2Fpage&page=%2Ftraining%2Fpage&appPaths=%2Ftraining%2Fpage&pagePath=private-next-app-dir%2Ftraining%2Fpage.tsx&appDir=C%3A%5CUsers%5CUsuario%5CDocuments%5CProjects%5CretoPescanova%5Cfrontend%5Capp&pageExtensions=tsx&pageExtensions=ts&pageExtensions=jsx&pageExtensions=js&rootDir=C%3A%5CUsers%5CUsuario%5CDocuments%5CProjects%5CretoPescanova%5Cfrontend&isDev=true&tsconfigPath=tsconfig.json&basePath=&assetPrefix=&nextConfigOutput=standalone&preferredRegion=&middlewareConfig=e30%3D&isGlobalNotFoundEnabled=! (C:\Users\Usuario\Documents\Projects\retoPescanova\frontend\.next\server\app\training\page.js:66:1)
    at __webpack_require__ (file://C:\Users\Usuario\Documents\Projects\retoPescanova\frontend\.next\server\webpack-runtime.js:25:42)
    at __webpack_exec__ (file://C:\Users\Usuario\Documents\Projects\retoPescanova\frontend\.next\server\app\training\page.js:433:39)
    at <unknown> (file://C:\Users\Usuario\Documents\Projects\retoPescanova\frontend\.next\server\app\training\page.js:434:268)
    at __webpack_require__.X (file://C:\Users\Usuario\Documents\Projects\retoPescanova\frontend\.next\server\webpack-runtime.js:155:21)
    at <unknown> (file://C:\Users\Usuario\Documents\Projects\retoPescanova\frontend\.next\server\app\training\page.js:434:47)
    at Object.<anonymous> (file://C:\Users\Usuario\Documents\Projects\retoPescanova\frontend\.next\server\app\training\page.js:437:3)
    at Module._compile (node:internal/modules/cjs/loader:1730:14)
    at Object..js (node:internal/modules/cjs/loader:1895:10)
    at Module.load (node:internal/modules/cjs/loader:1465:32)
    at Function._load (node:internal/modules/cjs/loader:1282:12)
    at TracingChannel.traceSync (node:diagnostics_channel:322:14)
    at wrapModuleLoad (node:internal/modules/cjs/loader:235:24)
    at Module.<anonymous> (node:internal/modules/cjs/loader:1487:12)
    at mod.require (file://C:\Users\Usuario\Documents\Projects\retoPescanova\frontend\node_modules\next\dist\server\require-hook.js:68:28)
    at require (node:internal/modules/helpers:135:16)
    at requirePage (file://C:\Users\Usuario\Documents\Projects\retoPescanova\frontend\node_modules\next\dist\server\require.js:99:80)
    at loadComponentsImpl (file://C:\Users\Usuario\Documents\Projects\retoPescanova\frontend\node_modules\next\dist\server\load-components.js:132:57)
    at async DevServer.findPageComponentsImpl (file://C:\Users\Usuario\Documents\Projects\retoPescanova\frontend\node_modules\next\dist\server\next-server.js:900:36)
    at async DevServer.findPageComponents (file://C:\Users\Usuario\Documents\Projects\retoPescanova\frontend\node_modules\next\dist\server\dev\next-dev-server.js:706:16)
    at async DevServer.renderPageComponent (file://C:\Users\Usuario\Documents\Projects\retoPescanova\frontend\node_modules\next\dist\server\base-server.js:1468:24)
    at async DevServer.renderToResponseImpl (file://C:\Users\Usuario\Documents\Projects\retoPescanova\frontend\node_modules\next\dist\server\base-server.js:1522:32)
    at async DevServer.pipeImpl (file://C:\Users\Usuario\Documents\Projects\retoPescanova\frontend\node_modules\next\dist\server\base-server.js:1026:25)
    at async NextNodeServer.handleCatchallRenderRequest (file://C:\Users\Usuario\Documents\Projects\retoPescanova\frontend\node_modules\next\dist\server\next-server.js:394:17)
    at async DevServer.handleRequestImpl (file://C:\Users\Usuario\Documents\Projects\retoPescanova\frontend\node_modules\next\dist\server\base-server.js:917:17)
    at async (file://C:\Users\Usuario\Documents\Projects\retoPescanova\frontend\node_modules\next\dist\server\dev\next-dev-server.js:400:20)
    at async Span.traceAsyncFn (file://C:\Users\Usuario\Documents\Projects\retoPescanova\frontend\node_modules\next\dist\trace\trace.js:157:20)
    at async DevServer.handleRequest (file://C:\Users\Usuario\Documents\Projects\retoPescanova\frontend\node_modules\next\dist\server\dev\next-dev-server.js:396:24)
    at async invokeRender (file://C:\Users\Usuario\Documents\Projects\retoPescanova\frontend\node_modules\next\dist\server\lib\router-server.js:240:21)
    at async handleRequest (file://C:\Users\Usuario\Documents\Projects\retoPescanova\frontend\node_modules\next\dist\server\lib\router-server.js:437:24)
    at async requestHandlerImpl (file://C:\Users\Usuario\Documents\Projects\retoPescanova\frontend\node_modules\next\dist\server\lib\router-server.js:485:13)
    at async Server.requestListener (file://C:\Users\Usuario\Documents\Projects\retoPescanova\frontend\node_modules\next\dist\server\lib\start-server.js:226:13)
[   68838ms] [LOG] [HMR] connected @ webpack-internal:///(pages-dir-browser)/./node_modules/next/dist/client/dev/hot-reloader/pages/websocket.js:45
[   70514ms] [ERROR] Failed to load resource: the server responded with a status of 404 (Not Found) @ http://localhost:3000/_next/static/webpack/119d7b6dd4a66877.webpack.hot-update.json:0
[   70514ms] [WARNING] [Fast Refresh] performing full reload because your application had an unrecoverable error @ webpack-internal:///(pages-dir-browser)/./node_modules/next/dist/client/dev/hot-reloader/pages/hot-reloader-pages.js:347
[   70811ms] [ERROR] Failed to load resource: the server responded with a status of 500 (Internal Server Error) @ http://localhost:3000/training:0
[   71219ms] [INFO] %cDownload the React DevTools for a better development experience: https://reactjs.org/link/react-devtools font-weight:bold @ webpack-internal:///(pages-dir-browser)/./node_modules/react-dom/cjs/react-dom.development.js:29889
[   71245ms] TypeError: __webpack_modules__[moduleId] is not a function
    at __webpack_require__ (file://C:\Users\Usuario\Documents\Projects\retoPescanova\frontend\.next\server\webpack-runtime.js:25:42)
    at eval (webpack-internal:///(rsc)/./node_modules/next/dist/server/app-render/encryption-utils.js:40:35)
    at <unknown> (rsc)/./node_modules/next/dist/server/app-render/encryption-utils.js (C:\Users\Usuario\Documents\Projects\retoPescanova\frontend\.next\server\vendor-chunks\next.js:1773:1)
    at __webpack_require__ (file://C:\Users\Usuario\Documents\Projects\retoPescanova\frontend\.next\server\webpack-runtime.js:25:42)
    at eval (webpack-internal:///(rsc)/./node_modules/next/dist/build/webpack/loaders/next-app-loader/index.js?name=app%2Ftraining%2Fpage&page=%2Ftraining%2Fpage&appPaths=%2Ftraining%2Fpage&pagePath=private-next-app-dir%2Ftraining%2Fpage.tsx&appDir=C%3A%5CUsers%5CUsuario%5CDocuments%5CProjects%5CretoPescanova%5Cfrontend%5Capp&pageExtensions=tsx&pageExtensions=ts&pageExtensions=jsx&pageExtensions=js&rootDir=C%3A%5CUsers%5CUsuario%5CDocuments%5CProjects%5CretoPescanova%5Cfrontend&isDev=true&tsconfigPath=tsconfig.json&basePath=&assetPrefix=&nextConfigOutput=standalone&preferredRegion=&middlewareConfig=e30%3D&isGlobalNotFoundEnabled=!:28:103)
    at <unknown> (rsc)/./node_modules/next/dist/build/webpack/loaders/next-app-loader/index.js?name=app%2Ftraining%2Fpage&page=%2Ftraining%2Fpage&appPaths=%2Ftraining%2Fpage&pagePath=private-next-app-dir%2Ftraining%2Fpage.tsx&appDir=C%3A%5CUsers%5CUsuario%5CDocuments%5CProjects%5CretoPescanova%5Cfrontend%5Capp&pageExtensions=tsx&pageExtensions=ts&pageExtensions=jsx&pageExtensions=js&rootDir=C%3A%5CUsers%5CUsuario%5CDocuments%5CProjects%5CretoPescanova%5Cfrontend&isDev=true&tsconfigPath=tsconfig.json&basePath=&assetPrefix=&nextConfigOutput=standalone&preferredRegion=&middlewareConfig=e30%3D&isGlobalNotFoundEnabled=! (C:\Users\Usuario\Documents\Projects\retoPescanova\frontend\.next\server\app\training\page.js:66:1)
    at __webpack_require__ (file://C:\Users\Usuario\Documents\Projects\retoPescanova\frontend\.next\server\webpack-runtime.js:25:42)
    at __webpack_exec__ (file://C:\Users\Usuario\Documents\Projects\retoPescanova\frontend\.next\server\app\training\page.js:433:39)
    at <unknown> (file://C:\Users\Usuario\Documents\Projects\retoPescanova\frontend\.next\server\app\training\page.js:434:268)
    at __webpack_require__.X (file://C:\Users\Usuario\Documents\Projects\retoPescanova\frontend\.next\server\webpack-runtime.js:155:21)
    at <unknown> (file://C:\Users\Usuario\Documents\Projects\retoPescanova\frontend\.next\server\app\training\page.js:434:47)
    at Object.<anonymous> (file://C:\Users\Usuario\Documents\Projects\retoPescanova\frontend\.next\server\app\training\page.js:437:3)
    at Module._compile (node:internal/modules/cjs/loader:1730:14)
    at Object..js (node:internal/modules/cjs/loader:1895:10)
    at Module.load (node:internal/modules/cjs/loader:1465:32)
    at Function._load (node:internal/modules/cjs/loader:1282:12)
    at TracingChannel.traceSync (node:diagnostics_channel:322:14)
    at wrapModuleLoad (node:internal/modules/cjs/loader:235:24)
    at Module.<anonymous> (node:internal/modules/cjs/loader:1487:12)
    at mod.require (file://C:\Users\Usuario\Documents\Projects\retoPescanova\frontend\node_modules\next\dist\server\require-hook.js:68:28)
    at require (node:internal/modules/helpers:135:16)
    at requirePage (file://C:\Users\Usuario\Documents\Projects\retoPescanova\frontend\node_modules\next\dist\server\require.js:99:80)
    at loadComponentsImpl (file://C:\Users\Usuario\Documents\Projects\retoPescanova\frontend\node_modules\next\dist\server\load-components.js:132:57)
    at async DevServer.findPageComponentsImpl (file://C:\Users\Usuario\Documents\Projects\retoPescanova\frontend\node_modules\next\dist\server\next-server.js:900:36)
    at async DevServer.findPageComponents (file://C:\Users\Usuario\Documents\Projects\retoPescanova\frontend\node_modules\next\dist\server\dev\next-dev-server.js:706:16)
    at async DevServer.renderPageComponent (file://C:\Users\Usuario\Documents\Projects\retoPescanova\frontend\node_modules\next\dist\server\base-server.js:1468:24)
    at async DevServer.renderToResponseImpl (file://C:\Users\Usuario\Documents\Projects\retoPescanova\frontend\node_modules\next\dist\server\base-server.js:1522:32)
    at async DevServer.pipeImpl (file://C:\Users\Usuario\Documents\Projects\retoPescanova\frontend\node_modules\next\dist\server\base-server.js:1026:25)
    at async NextNodeServer.handleCatchallRenderRequest (file://C:\Users\Usuario\Documents\Projects\retoPescanova\frontend\node_modules\next\dist\server\next-server.js:394:17)
    at async DevServer.handleRequestImpl (file://C:\Users\Usuario\Documents\Projects\retoPescanova\frontend\node_modules\next\dist\server\base-server.js:917:17)
    at async (file://C:\Users\Usuario\Documents\Projects\retoPescanova\frontend\node_modules\next\dist\server\dev\next-dev-server.js:400:20)
    at async Span.traceAsyncFn (file://C:\Users\Usuario\Documents\Projects\retoPescanova\frontend\node_modules\next\dist\trace\trace.js:157:20)
    at async DevServer.handleRequest (file://C:\Users\Usuario\Documents\Projects\retoPescanova\frontend\node_modules\next\dist\server\dev\next-dev-server.js:396:24)
    at async invokeRender (file://C:\Users\Usuario\Documents\Projects\retoPescanova\frontend\node_modules\next\dist\server\lib\router-server.js:240:21)
    at async handleRequest (file://C:\Users\Usuario\Documents\Projects\retoPescanova\frontend\node_modules\next\dist\server\lib\router-server.js:437:24)
    at async requestHandlerImpl (file://C:\Users\Usuario\Documents\Projects\retoPescanova\frontend\node_modules\next\dist\server\lib\router-server.js:485:13)
    at async Server.requestListener (file://C:\Users\Usuario\Documents\Projects\retoPescanova\frontend\node_modules\next\dist\server\lib\start-server.js:226:13)
[   71244ms] [LOG] [HMR] connected @ webpack-internal:///(pages-dir-browser)/./node_modules/next/dist/client/dev/hot-reloader/pages/websocket.js:45
[   71834ms] [ERROR] Failed to load resource: the server responded with a status of 404 (Not Found) @ http://localhost:3000/_next/static/webpack/119d7b6dd4a66877.webpack.hot-update.json:0
[   71834ms] [WARNING] [Fast Refresh] performing full reload because your application had an unrecoverable error @ webpack-internal:///(pages-dir-browser)/./node_modules/next/dist/client/dev/hot-reloader/pages/hot-reloader-pages.js:347
[   72124ms] [ERROR] Failed to load resource: the server responded with a status of 500 (Internal Server Error) @ http://localhost:3000/training:0
[   72738ms] [INFO] %cDownload the React DevTools for a better development experience: https://reactjs.org/link/react-devtools font-weight:bold @ webpack-internal:///(pages-dir-browser)/./node_modules/react-dom/cjs/react-dom.development.js:29889
[   72763ms] TypeError: __webpack_modules__[moduleId] is not a function
    at __webpack_require__ (file://C:\Users\Usuario\Documents\Projects\retoPescanova\frontend\.next\server\webpack-runtime.js:25:42)
    at eval (webpack-internal:///(rsc)/./node_modules/next/dist/server/app-render/encryption-utils.js:40:35)
    at <unknown> (rsc)/./node_modules/next/dist/server/app-render/encryption-utils.js (C:\Users\Usuario\Documents\Projects\retoPescanova\frontend\.next\server\vendor-chunks\next.js:1773:1)
    at __webpack_require__ (file://C:\Users\Usuario\Documents\Projects\retoPescanova\frontend\.next\server\webpack-runtime.js:25:42)
    at eval (webpack-internal:///(rsc)/./node_modules/next/dist/build/webpack/loaders/next-app-loader/index.js?name=app%2Ftraining%2Fpage&page=%2Ftraining%2Fpage&appPaths=%2Ftraining%2Fpage&pagePath=private-next-app-dir%2Ftraining%2Fpage.tsx&appDir=C%3A%5CUsers%5CUsuario%5CDocuments%5CProjects%5CretoPescanova%5Cfrontend%5Capp&pageExtensions=tsx&pageExtensions=ts&pageExtensions=jsx&pageExtensions=js&rootDir=C%3A%5CUsers%5CUsuario%5CDocuments%5CProjects%5CretoPescanova%5Cfrontend&isDev=true&tsconfigPath=tsconfig.json&basePath=&assetPrefix=&nextConfigOutput=standalone&preferredRegion=&middlewareConfig=e30%3D&isGlobalNotFoundEnabled=!:28:103)
    at <unknown> (rsc)/./node_modules/next/dist/build/webpack/loaders/next-app-loader/index.js?name=app%2Ftraining%2Fpage&page=%2Ftraining%2Fpage&appPaths=%2Ftraining%2Fpage&pagePath=private-next-app-dir%2Ftraining%2Fpage.tsx&appDir=C%3A%5CUsers%5CUsuario%5CDocuments%5CProjects%5CretoPescanova%5Cfrontend%5Capp&pageExtensions=tsx&pageExtensions=ts&pageExtensions=jsx&pageExtensions=js&rootDir=C%3A%5CUsers%5CUsuario%5CDocuments%5CProjects%5CretoPescanova%5Cfrontend&isDev=true&tsconfigPath=tsconfig.json&basePath=&assetPrefix=&nextConfigOutput=standalone&preferredRegion=&middlewareConfig=e30%3D&isGlobalNotFoundEnabled=! (C:\Users\Usuario\Documents\Projects\retoPescanova\frontend\.next\server\app\training\page.js:66:1)
    at __webpack_require__ (file://C:\Users\Usuario\Documents\Projects\retoPescanova\frontend\.next\server\webpack-runtime.js:25:42)
    at __webpack_exec__ (file://C:\Users\Usuario\Documents\Projects\retoPescanova\frontend\.next\server\app\training\page.js:433:39)
    at <unknown> (file://C:\Users\Usuario\Documents\Projects\retoPescanova\frontend\.next\server\app\training\page.js:434:268)
    at __webpack_require__.X (file://C:\Users\Usuario\Documents\Projects\retoPescanova\frontend\.next\server\webpack-runtime.js:155:21)
    at <unknown> (file://C:\Users\Usuario\Documents\Projects\retoPescanova\frontend\.next\server\app\training\page.js:434:47)
    at Object.<anonymous> (file://C:\Users\Usuario\Documents\Projects\retoPescanova\frontend\.next\server\app\training\page.js:437:3)
    at Module._compile (node:internal/modules/cjs/loader:1730:14)
    at Object..js (node:internal/modules/cjs/loader:1895:10)
    at Module.load (node:internal/modules/cjs/loader:1465:32)
    at Function._load (node:internal/modules/cjs/loader:1282:12)
    at TracingChannel.traceSync (node:diagnostics_channel:322:14)
    at wrapModuleLoad (node:internal/modules/cjs/loader:235:24)
    at Module.<anonymous> (node:internal/modules/cjs/loader:1487:12)
    at mod.require (file://C:\Users\Usuario\Documents\Projects\retoPescanova\frontend\node_modules\next\dist\server\require-hook.js:68:28)
    at require (node:internal/modules/helpers:135:16)
    at requirePage (file://C:\Users\Usuario\Documents\Projects\retoPescanova\frontend\node_modules\next\dist\server\require.js:99:80)
    at loadComponentsImpl (file://C:\Users\Usuario\Documents\Projects\retoPescanova\frontend\node_modules\next\dist\server\load-components.js:132:57)
    at async DevServer.findPageComponentsImpl (file://C:\Users\Usuario\Documents\Projects\retoPescanova\frontend\node_modules\next\dist\server\next-server.js:900:36)
    at async DevServer.findPageComponents (file://C:\Users\Usuario\Documents\Projects\retoPescanova\frontend\node_modules\next\dist\server\dev\next-dev-server.js:706:16)
    at async DevServer.renderPageComponent (file://C:\Users\Usuario\Documents\Projects\retoPescanova\frontend\node_modules\next\dist\server\base-server.js:1468:24)
    at async DevServer.renderToResponseImpl (file://C:\Users\Usuario\Documents\Projects\retoPescanova\frontend\node_modules\next\dist\server\base-server.js:1522:32)
    at async DevServer.pipeImpl (file://C:\Users\Usuario\Documents\Projects\retoPescanova\frontend\node_modules\next\dist\server\base-server.js:1026:25)
    at async NextNodeServer.handleCatchallRenderRequest (file://C:\Users\Usuario\Documents\Projects\retoPescanova\frontend\node_modules\next\dist\server\next-server.js:394:17)
    at async DevServer.handleRequestImpl (file://C:\Users\Usuario\Documents\Projects\retoPescanova\frontend\node_modules\next\dist\server\base-server.js:917:17)
    at async (file://C:\Users\Usuario\Documents\Projects\retoPescanova\frontend\node_modules\next\dist\server\dev\next-dev-server.js:400:20)
    at async Span.traceAsyncFn (file://C:\Users\Usuario\Documents\Projects\retoPescanova\frontend\node_modules\next\dist\trace\trace.js:157:20)
    at async DevServer.handleRequest (file://C:\Users\Usuario\Documents\Projects\retoPescanova\frontend\node_modules\next\dist\server\dev\next-dev-server.js:396:24)
    at async invokeRender (file://C:\Users\Usuario\Documents\Projects\retoPescanova\frontend\node_modules\next\dist\server\lib\router-server.js:240:21)
    at async handleRequest (file://C:\Users\Usuario\Documents\Projects\retoPescanova\frontend\node_modules\next\dist\server\lib\router-server.js:437:24)
    at async requestHandlerImpl (file://C:\Users\Usuario\Documents\Projects\retoPescanova\frontend\node_modules\next\dist\server\lib\router-server.js:485:13)
    at async Server.requestListener (file://C:\Users\Usuario\Documents\Projects\retoPescanova\frontend\node_modules\next\dist\server\lib\start-server.js:226:13)
[   72763ms] [LOG] [HMR] connected @ webpack-internal:///(pages-dir-browser)/./node_modules/next/dist/client/dev/hot-reloader/pages/websocket.js:45
[   74462ms] [ERROR] Failed to load resource: the server responded with a status of 404 (Not Found) @ http://localhost:3000/_next/static/webpack/119d7b6dd4a66877.webpack.hot-update.json:0
[   74462ms] [WARNING] [Fast Refresh] performing full reload because your application had an unrecoverable error @ webpack-internal:///(pages-dir-browser)/./node_modules/next/dist/client/dev/hot-reloader/pages/hot-reloader-pages.js:347
[   74757ms] [ERROR] Failed to load resource: the server responded with a status of 500 (Internal Server Error) @ http://localhost:3000/training:0
[   75185ms] [INFO] %cDownload the React DevTools for a better development experience: https://reactjs.org/link/react-devtools font-weight:bold @ webpack-internal:///(pages-dir-browser)/./node_modules/react-dom/cjs/react-dom.development.js:29889
[   75208ms] TypeError: __webpack_modules__[moduleId] is not a function
    at __webpack_require__ (file://C:\Users\Usuario\Documents\Projects\retoPescanova\frontend\.next\server\webpack-runtime.js:25:42)
    at eval (webpack-internal:///(rsc)/./node_modules/next/dist/server/app-render/encryption-utils.js:40:35)
    at <unknown> (rsc)/./node_modules/next/dist/server/app-render/encryption-utils.js (C:\Users\Usuario\Documents\Projects\retoPescanova\frontend\.next\server\vendor-chunks\next.js:1773:1)
    at __webpack_require__ (file://C:\Users\Usuario\Documents\Projects\retoPescanova\frontend\.next\server\webpack-runtime.js:25:42)
    at eval (webpack-internal:///(rsc)/./node_modules/next/dist/build/webpack/loaders/next-app-loader/index.js?name=app%2Ftraining%2Fpage&page=%2Ftraining%2Fpage&appPaths=%2Ftraining%2Fpage&pagePath=private-next-app-dir%2Ftraining%2Fpage.tsx&appDir=C%3A%5CUsers%5CUsuario%5CDocuments%5CProjects%5CretoPescanova%5Cfrontend%5Capp&pageExtensions=tsx&pageExtensions=ts&pageExtensions=jsx&pageExtensions=js&rootDir=C%3A%5CUsers%5CUsuario%5CDocuments%5CProjects%5CretoPescanova%5Cfrontend&isDev=true&tsconfigPath=tsconfig.json&basePath=&assetPrefix=&nextConfigOutput=standalone&preferredRegion=&middlewareConfig=e30%3D&isGlobalNotFoundEnabled=!:28:103)
    at <unknown> (rsc)/./node_modules/next/dist/build/webpack/loaders/next-app-loader/index.js?name=app%2Ftraining%2Fpage&page=%2Ftraining%2Fpage&appPaths=%2Ftraining%2Fpage&pagePath=private-next-app-dir%2Ftraining%2Fpage.tsx&appDir=C%3A%5CUsers%5CUsuario%5CDocuments%5CProjects%5CretoPescanova%5Cfrontend%5Capp&pageExtensions=tsx&pageExtensions=ts&pageExtensions=jsx&pageExtensions=js&rootDir=C%3A%5CUsers%5CUsuario%5CDocuments%5CProjects%5CretoPescanova%5Cfrontend&isDev=true&tsconfigPath=tsconfig.json&basePath=&assetPrefix=&nextConfigOutput=standalone&preferredRegion=&middlewareConfig=e30%3D&isGlobalNotFoundEnabled=! (C:\Users\Usuario\Documents\Projects\retoPescanova\frontend\.next\server\app\training\page.js:66:1)
    at __webpack_require__ (file://C:\Users\Usuario\Documents\Projects\retoPescanova\frontend\.next\server\webpack-runtime.js:25:42)
    at __webpack_exec__ (file://C:\Users\Usuario\Documents\Projects\retoPescanova\frontend\.next\server\app\training\page.js:433:39)
    at <unknown> (file://C:\Users\Usuario\Documents\Projects\retoPescanova\frontend\.next\server\app\training\page.js:434:268)
    at __webpack_require__.X (file://C:\Users\Usuario\Documents\Projects\retoPescanova\frontend\.next\server\webpack-runtime.js:155:21)
    at <unknown> (file://C:\Users\Usuario\Documents\Projects\retoPescanova\frontend\.next\server\app\training\page.js:434:47)
    at Object.<anonymous> (file://C:\Users\Usuario\Documents\Projects\retoPescanova\frontend\.next\server\app\training\page.js:437:3)
    at Module._compile (node:internal/modules/cjs/loader:1730:14)
    at Object..js (node:internal/modules/cjs/loader:1895:10)
    at Module.load (node:internal/modules/cjs/loader:1465:32)
    at Function._load (node:internal/modules/cjs/loader:1282:12)
    at TracingChannel.traceSync (node:diagnostics_channel:322:14)
    at wrapModuleLoad (node:internal/modules/cjs/loader:235:24)
    at Module.<anonymous> (node:internal/modules/cjs/loader:1487:12)
    at mod.require (file://C:\Users\Usuario\Documents\Projects\retoPescanova\frontend\node_modules\next\dist\server\require-hook.js:68:28)
    at require (node:internal/modules/helpers:135:16)
    at requirePage (file://C:\Users\Usuario\Documents\Projects\retoPescanova\frontend\node_modules\next\dist\server\require.js:99:80)
    at loadComponentsImpl (file://C:\Users\Usuario\Documents\Projects\retoPescanova\frontend\node_modules\next\dist\server\load-components.js:132:57)
    at async DevServer.findPageComponentsImpl (file://C:\Users\Usuario\Documents\Projects\retoPescanova\frontend\node_modules\next\dist\server\next-server.js:900:36)
    at async DevServer.findPageComponents (file://C:\Users\Usuario\Documents\Projects\retoPescanova\frontend\node_modules\next\dist\server\dev\next-dev-server.js:706:16)
    at async DevServer.renderPageComponent (file://C:\Users\Usuario\Documents\Projects\retoPescanova\frontend\node_modules\next\dist\server\base-server.js:1468:24)
    at async DevServer.renderToResponseImpl (file://C:\Users\Usuario\Documents\Projects\retoPescanova\frontend\node_modules\next\dist\server\base-server.js:1522:32)
    at async DevServer.pipeImpl (file://C:\Users\Usuario\Documents\Projects\retoPescanova\frontend\node_modules\next\dist\server\base-server.js:1026:25)
    at async NextNodeServer.handleCatchallRenderRequest (file://C:\Users\Usuario\Documents\Projects\retoPescanova\frontend\node_modules\next\dist\server\next-server.js:394:17)
    at async DevServer.handleRequestImpl (file://C:\Users\Usuario\Documents\Projects\retoPescanova\frontend\node_modules\next\dist\server\base-server.js:917:17)
    at async (file://C:\Users\Usuario\Documents\Projects\retoPescanova\frontend\node_modules\next\dist\server\dev\next-dev-server.js:400:20)
    at async Span.traceAsyncFn (file://C:\Users\Usuario\Documents\Projects\retoPescanova\frontend\node_modules\next\dist\trace\trace.js:157:20)
    at async DevServer.handleRequest (file://C:\Users\Usuario\Documents\Projects\retoPescanova\frontend\node_modules\next\dist\server\dev\next-dev-server.js:396:24)
    at async invokeRender (file://C:\Users\Usuario\Documents\Projects\retoPescanova\frontend\node_modules\next\dist\server\lib\router-server.js:240:21)
    at async handleRequest (file://C:\Users\Usuario\Documents\Projects\retoPescanova\frontend\node_modules\next\dist\server\lib\router-server.js:437:24)
    at async requestHandlerImpl (file://C:\Users\Usuario\Documents\Projects\retoPescanova\frontend\node_modules\next\dist\server\lib\router-server.js:485:13)
    at async Server.requestListener (file://C:\Users\Usuario\Documents\Projects\retoPescanova\frontend\node_modules\next\dist\server\lib\start-server.js:226:13)
[   75208ms] [LOG] [HMR] connected @ webpack-internal:///(pages-dir-browser)/./node_modules/next/dist/client/dev/hot-reloader/pages/websocket.js:45
[   75786ms] [ERROR] Failed to load resource: the server responded with a status of 404 (Not Found) @ http://localhost:3000/_next/static/webpack/119d7b6dd4a66877.webpack.hot-update.json:0
[   75786ms] [WARNING] [Fast Refresh] performing full reload because your application had an unrecoverable error @ webpack-internal:///(pages-dir-browser)/./node_modules/next/dist/client/dev/hot-reloader/pages/hot-reloader-pages.js:347
[   76085ms] [ERROR] Failed to load resource: the server responded with a status of 500 (Internal Server Error) @ http://localhost:3000/training:0
[   76720ms] [INFO] %cDownload the React DevTools for a better development experience: https://reactjs.org/link/react-devtools font-weight:bold @ webpack-internal:///(pages-dir-browser)/./node_modules/react-dom/cjs/react-dom.development.js:29889
[   76748ms] TypeError: __webpack_modules__[moduleId] is not a function
    at __webpack_require__ (file://C:\Users\Usuario\Documents\Projects\retoPescanova\frontend\.next\server\webpack-runtime.js:25:42)
    at eval (webpack-internal:///(rsc)/./node_modules/next/dist/server/app-render/encryption-utils.js:40:35)
    at <unknown> (rsc)/./node_modules/next/dist/server/app-render/encryption-utils.js (C:\Users\Usuario\Documents\Projects\retoPescanova\frontend\.next\server\vendor-chunks\next.js:1773:1)
    at __webpack_require__ (file://C:\Users\Usuario\Documents\Projects\retoPescanova\frontend\.next\server\webpack-runtime.js:25:42)
    at eval (webpack-internal:///(rsc)/./node_modules/next/dist/build/webpack/loaders/next-app-loader/index.js?name=app%2Ftraining%2Fpage&page=%2Ftraining%2Fpage&appPaths=%2Ftraining%2Fpage&pagePath=private-next-app-dir%2Ftraining%2Fpage.tsx&appDir=C%3A%5CUsers%5CUsuario%5CDocuments%5CProjects%5CretoPescanova%5Cfrontend%5Capp&pageExtensions=tsx&pageExtensions=ts&pageExtensions=jsx&pageExtensions=js&rootDir=C%3A%5CUsers%5CUsuario%5CDocuments%5CProjects%5CretoPescanova%5Cfrontend&isDev=true&tsconfigPath=tsconfig.json&basePath=&assetPrefix=&nextConfigOutput=standalone&preferredRegion=&middlewareConfig=e30%3D&isGlobalNotFoundEnabled=!:28:103)
    at <unknown> (rsc)/./node_modules/next/dist/build/webpack/loaders/next-app-loader/index.js?name=app%2Ftraining%2Fpage&page=%2Ftraining%2Fpage&appPaths=%2Ftraining%2Fpage&pagePath=private-next-app-dir%2Ftraining%2Fpage.tsx&appDir=C%3A%5CUsers%5CUsuario%5CDocuments%5CProjects%5CretoPescanova%5Cfrontend%5Capp&pageExtensions=tsx&pageExtensions=ts&pageExtensions=jsx&pageExtensions=js&rootDir=C%3A%5CUsers%5CUsuario%5CDocuments%5CProjects%5CretoPescanova%5Cfrontend&isDev=true&tsconfigPath=tsconfig.json&basePath=&assetPrefix=&nextConfigOutput=standalone&preferredRegion=&middlewareConfig=e30%3D&isGlobalNotFoundEnabled=! (C:\Users\Usuario\Documents\Projects\retoPescanova\frontend\.next\server\app\training\page.js:66:1)
    at __webpack_require__ (file://C:\Users\Usuario\Documents\Projects\retoPescanova\frontend\.next\server\webpack-runtime.js:25:42)
    at __webpack_exec__ (file://C:\Users\Usuario\Documents\Projects\retoPescanova\frontend\.next\server\app\training\page.js:433:39)
    at <unknown> (file://C:\Users\Usuario\Documents\Projects\retoPescanova\frontend\.next\server\app\training\page.js:434:268)
    at __webpack_require__.X (file://C:\Users\Usuario\Documents\Projects\retoPescanova\frontend\.next\server\webpack-runtime.js:155:21)
    at <unknown> (file://C:\Users\Usuario\Documents\Projects\retoPescanova\frontend\.next\server\app\training\page.js:434:47)
    at Object.<anonymous> (file://C:\Users\Usuario\Documents\Projects\retoPescanova\frontend\.next\server\app\training\page.js:437:3)
    at Module._compile (node:internal/modules/cjs/loader:1730:14)
    at Object..js (node:internal/modules/cjs/loader:1895:10)
    at Module.load (node:internal/modules/cjs/loader:1465:32)
    at Function._load (node:internal/modules/cjs/loader:1282:12)
    at TracingChannel.traceSync (node:diagnostics_channel:322:14)
    at wrapModuleLoad (node:internal/modules/cjs/loader:235:24)
    at Module.<anonymous> (node:internal/modules/cjs/loader:1487:12)
    at mod.require (file://C:\Users\Usuario\Documents\Projects\retoPescanova\frontend\node_modules\next\dist\server\require-hook.js:68:28)
    at require (node:internal/modules/helpers:135:16)
    at requirePage (file://C:\Users\Usuario\Documents\Projects\retoPescanova\frontend\node_modules\next\dist\server\require.js:99:80)
    at loadComponentsImpl (file://C:\Users\Usuario\Documents\Projects\retoPescanova\frontend\node_modules\next\dist\server\load-components.js:132:57)
    at async DevServer.findPageComponentsImpl (file://C:\Users\Usuario\Documents\Projects\retoPescanova\frontend\node_modules\next\dist\server\next-server.js:900:36)
    at async DevServer.findPageComponents (file://C:\Users\Usuario\Documents\Projects\retoPescanova\frontend\node_modules\next\dist\server\dev\next-dev-server.js:706:16)
    at async DevServer.renderPageComponent (file://C:\Users\Usuario\Documents\Projects\retoPescanova\frontend\node_modules\next\dist\server\base-server.js:1468:24)
    at async DevServer.renderToResponseImpl (file://C:\Users\Usuario\Documents\Projects\retoPescanova\frontend\node_modules\next\dist\server\base-server.js:1522:32)
    at async DevServer.pipeImpl (file://C:\Users\Usuario\Documents\Projects\retoPescanova\frontend\node_modules\next\dist\server\base-server.js:1026:25)
    at async NextNodeServer.handleCatchallRenderRequest (file://C:\Users\Usuario\Documents\Projects\retoPescanova\frontend\node_modules\next\dist\server\next-server.js:394:17)
    at async DevServer.handleRequestImpl (file://C:\Users\Usuario\Documents\Projects\retoPescanova\frontend\node_modules\next\dist\server\base-server.js:917:17)
    at async (file://C:\Users\Usuario\Documents\Projects\retoPescanova\frontend\node_modules\next\dist\server\dev\next-dev-server.js:400:20)
    at async Span.traceAsyncFn (file://C:\Users\Usuario\Documents\Projects\retoPescanova\frontend\node_modules\next\dist\trace\trace.js:157:20)
    at async DevServer.handleRequest (file://C:\Users\Usuario\Documents\Projects\retoPescanova\frontend\node_modules\next\dist\server\dev\next-dev-server.js:396:24)
    at async invokeRender (file://C:\Users\Usuario\Documents\Projects\retoPescanova\frontend\node_modules\next\dist\server\lib\router-server.js:240:21)
    at async handleRequest (file://C:\Users\Usuario\Documents\Projects\retoPescanova\frontend\node_modules\next\dist\server\lib\router-server.js:437:24)
    at async requestHandlerImpl (file://C:\Users\Usuario\Documents\Projects\retoPescanova\frontend\node_modules\next\dist\server\lib\router-server.js:485:13)
    at async Server.requestListener (file://C:\Users\Usuario\Documents\Projects\retoPescanova\frontend\node_modules\next\dist\server\lib\start-server.js:226:13)
[   76748ms] [LOG] [HMR] connected @ webpack-internal:///(pages-dir-browser)/./node_modules/next/dist/client/dev/hot-reloader/pages/websocket.js:45
[   78466ms] [ERROR] Failed to load resource: the server responded with a status of 404 (Not Found) @ http://localhost:3000/_next/static/webpack/119d7b6dd4a66877.webpack.hot-update.json:0
[   78466ms] [WARNING] [Fast Refresh] performing full reload because your application had an unrecoverable error @ webpack-internal:///(pages-dir-browser)/./node_modules/next/dist/client/dev/hot-reloader/pages/hot-reloader-pages.js:347
[   78770ms] [ERROR] Failed to load resource: the server responded with a status of 500 (Internal Server Error) @ http://localhost:3000/training:0
[   79275ms] [INFO] %cDownload the React DevTools for a better development experience: https://reactjs.org/link/react-devtools font-weight:bold @ webpack-internal:///(pages-dir-browser)/./node_modules/react-dom/cjs/react-dom.development.js:29889
[   79303ms] TypeError: __webpack_modules__[moduleId] is not a function
    at __webpack_require__ (file://C:\Users\Usuario\Documents\Projects\retoPescanova\frontend\.next\server\webpack-runtime.js:25:42)
    at eval (webpack-internal:///(rsc)/./node_modules/next/dist/server/app-render/encryption-utils.js:40:35)
    at <unknown> (rsc)/./node_modules/next/dist/server/app-render/encryption-utils.js (C:\Users\Usuario\Documents\Projects\retoPescanova\frontend\.next\server\vendor-chunks\next.js:1773:1)
    at __webpack_require__ (file://C:\Users\Usuario\Documents\Projects\retoPescanova\frontend\.next\server\webpack-runtime.js:25:42)
    at eval (webpack-internal:///(rsc)/./node_modules/next/dist/build/webpack/loaders/next-app-loader/index.js?name=app%2Ftraining%2Fpage&page=%2Ftraining%2Fpage&appPaths=%2Ftraining%2Fpage&pagePath=private-next-app-dir%2Ftraining%2Fpage.tsx&appDir=C%3A%5CUsers%5CUsuario%5CDocuments%5CProjects%5CretoPescanova%5Cfrontend%5Capp&pageExtensions=tsx&pageExtensions=ts&pageExtensions=jsx&pageExtensions=js&rootDir=C%3A%5CUsers%5CUsuario%5CDocuments%5CProjects%5CretoPescanova%5Cfrontend&isDev=true&tsconfigPath=tsconfig.json&basePath=&assetPrefix=&nextConfigOutput=standalone&preferredRegion=&middlewareConfig=e30%3D&isGlobalNotFoundEnabled=!:28:103)
    at <unknown> (rsc)/./node_modules/next/dist/build/webpack/loaders/next-app-loader/index.js?name=app%2Ftraining%2Fpage&page=%2Ftraining%2Fpage&appPaths=%2Ftraining%2Fpage&pagePath=private-next-app-dir%2Ftraining%2Fpage.tsx&appDir=C%3A%5CUsers%5CUsuario%5CDocuments%5CProjects%5CretoPescanova%5Cfrontend%5Capp&pageExtensions=tsx&pageExtensions=ts&pageExtensions=jsx&pageExtensions=js&rootDir=C%3A%5CUsers%5CUsuario%5CDocuments%5CProjects%5CretoPescanova%5Cfrontend&isDev=true&tsconfigPath=tsconfig.json&basePath=&assetPrefix=&nextConfigOutput=standalone&preferredRegion=&middlewareConfig=e30%3D&isGlobalNotFoundEnabled=! (C:\Users\Usuario\Documents\Projects\retoPescanova\frontend\.next\server\app\training\page.js:66:1)
    at __webpack_require__ (file://C:\Users\Usuario\Documents\Projects\retoPescanova\frontend\.next\server\webpack-runtime.js:25:42)
    at __webpack_exec__ (file://C:\Users\Usuario\Documents\Projects\retoPescanova\frontend\.next\server\app\training\page.js:433:39)
    at <unknown> (file://C:\Users\Usuario\Documents\Projects\retoPescanova\frontend\.next\server\app\training\page.js:434:268)
    at __webpack_require__.X (file://C:\Users\Usuario\Documents\Projects\retoPescanova\frontend\.next\server\webpack-runtime.js:155:21)
    at <unknown> (file://C:\Users\Usuario\Documents\Projects\retoPescanova\frontend\.next\server\app\training\page.js:434:47)
    at Object.<anonymous> (file://C:\Users\Usuario\Documents\Projects\retoPescanova\frontend\.next\server\app\training\page.js:437:3)
    at Module._compile (node:internal/modules/cjs/loader:1730:14)
    at Object..js (node:internal/modules/cjs/loader:1895:10)
    at Module.load (node:internal/modules/cjs/loader:1465:32)
    at Function._load (node:internal/modules/cjs/loader:1282:12)
    at TracingChannel.traceSync (node:diagnostics_channel:322:14)
    at wrapModuleLoad (node:internal/modules/cjs/loader:235:24)
    at Module.<anonymous> (node:internal/modules/cjs/loader:1487:12)
    at mod.require (file://C:\Users\Usuario\Documents\Projects\retoPescanova\frontend\node_modules\next\dist\server\require-hook.js:68:28)
    at require (node:internal/modules/helpers:135:16)
    at requirePage (file://C:\Users\Usuario\Documents\Projects\retoPescanova\frontend\node_modules\next\dist\server\require.js:99:80)
    at loadComponentsImpl (file://C:\Users\Usuario\Documents\Projects\retoPescanova\frontend\node_modules\next\dist\server\load-components.js:132:57)
    at async DevServer.findPageComponentsImpl (file://C:\Users\Usuario\Documents\Projects\retoPescanova\frontend\node_modules\next\dist\server\next-server.js:900:36)
    at async DevServer.findPageComponents (file://C:\Users\Usuario\Documents\Projects\retoPescanova\frontend\node_modules\next\dist\server\dev\next-dev-server.js:706:16)
    at async DevServer.renderPageComponent (file://C:\Users\Usuario\Documents\Projects\retoPescanova\frontend\node_modules\next\dist\server\base-server.js:1468:24)
    at async DevServer.renderToResponseImpl (file://C:\Users\Usuario\Documents\Projects\retoPescanova\frontend\node_modules\next\dist\server\base-server.js:1522:32)
    at async DevServer.pipeImpl (file://C:\Users\Usuario\Documents\Projects\retoPescanova\frontend\node_modules\next\dist\server\base-server.js:1026:25)
    at async NextNodeServer.handleCatchallRenderRequest (file://C:\Users\Usuario\Documents\Projects\retoPescanova\frontend\node_modules\next\dist\server\next-server.js:394:17)
    at async DevServer.handleRequestImpl (file://C:\Users\Usuario\Documents\Projects\retoPescanova\frontend\node_modules\next\dist\server\base-server.js:917:17)
    at async (file://C:\Users\Usuario\Documents\Projects\retoPescanova\frontend\node_modules\next\dist\server\dev\next-dev-server.js:400:20)
    at async Span.traceAsyncFn (file://C:\Users\Usuario\Documents\Projects\retoPescanova\frontend\node_modules\next\dist\trace\trace.js:157:20)
    at async DevServer.handleRequest (file://C:\Users\Usuario\Documents\Projects\retoPescanova\frontend\node_modules\next\dist\server\dev\next-dev-server.js:396:24)
    at async invokeRender (file://C:\Users\Usuario\Documents\Projects\retoPescanova\frontend\node_modules\next\dist\server\lib\router-server.js:240:21)
    at async handleRequest (file://C:\Users\Usuario\Documents\Projects\retoPescanova\frontend\node_modules\next\dist\server\lib\router-server.js:437:24)
    at async requestHandlerImpl (file://C:\Users\Usuario\Documents\Projects\retoPescanova\frontend\node_modules\next\dist\server\lib\router-server.js:485:13)
    at async Server.requestListener (file://C:\Users\Usuario\Documents\Projects\retoPescanova\frontend\node_modules\next\dist\server\lib\start-server.js:226:13)
[   79304ms] [LOG] [HMR] connected @ webpack-internal:///(pages-dir-browser)/./node_modules/next/dist/client/dev/hot-reloader/pages/websocket.js:45
[   80186ms] [ERROR] Failed to load resource: the server responded with a status of 404 (Not Found) @ http://localhost:3000/_next/static/webpack/119d7b6dd4a66877.webpack.hot-update.json:0
[   80186ms] [WARNING] [Fast Refresh] performing full reload because your application had an unrecoverable error @ webpack-internal:///(pages-dir-browser)/./node_modules/next/dist/client/dev/hot-reloader/pages/hot-reloader-pages.js:347
[   80509ms] [ERROR] Failed to load resource: the server responded with a status of 500 (Internal Server Error) @ http://localhost:3000/training:0
[   81148ms] [INFO] %cDownload the React DevTools for a better development experience: https://reactjs.org/link/react-devtools font-weight:bold @ webpack-internal:///(pages-dir-browser)/./node_modules/react-dom/cjs/react-dom.development.js:29889
[   81171ms] TypeError: __webpack_modules__[moduleId] is not a function
    at __webpack_require__ (file://C:\Users\Usuario\Documents\Projects\retoPescanova\frontend\.next\server\webpack-runtime.js:25:42)
    at eval (webpack-internal:///(rsc)/./node_modules/next/dist/server/app-render/encryption-utils.js:40:35)
    at <unknown> (rsc)/./node_modules/next/dist/server/app-render/encryption-utils.js (C:\Users\Usuario\Documents\Projects\retoPescanova\frontend\.next\server\vendor-chunks\next.js:1773:1)
    at __webpack_require__ (file://C:\Users\Usuario\Documents\Projects\retoPescanova\frontend\.next\server\webpack-runtime.js:25:42)
    at eval (webpack-internal:///(rsc)/./node_modules/next/dist/build/webpack/loaders/next-app-loader/index.js?name=app%2Ftraining%2Fpage&page=%2Ftraining%2Fpage&appPaths=%2Ftraining%2Fpage&pagePath=private-next-app-dir%2Ftraining%2Fpage.tsx&appDir=C%3A%5CUsers%5CUsuario%5CDocuments%5CProjects%5CretoPescanova%5Cfrontend%5Capp&pageExtensions=tsx&pageExtensions=ts&pageExtensions=jsx&pageExtensions=js&rootDir=C%3A%5CUsers%5CUsuario%5CDocuments%5CProjects%5CretoPescanova%5Cfrontend&isDev=true&tsconfigPath=tsconfig.json&basePath=&assetPrefix=&nextConfigOutput=standalone&preferredRegion=&middlewareConfig=e30%3D&isGlobalNotFoundEnabled=!:28:103)
    at <unknown> (rsc)/./node_modules/next/dist/build/webpack/loaders/next-app-loader/index.js?name=app%2Ftraining%2Fpage&page=%2Ftraining%2Fpage&appPaths=%2Ftraining%2Fpage&pagePath=private-next-app-dir%2Ftraining%2Fpage.tsx&appDir=C%3A%5CUsers%5CUsuario%5CDocuments%5CProjects%5CretoPescanova%5Cfrontend%5Capp&pageExtensions=tsx&pageExtensions=ts&pageExtensions=jsx&pageExtensions=js&rootDir=C%3A%5CUsers%5CUsuario%5CDocuments%5CProjects%5CretoPescanova%5Cfrontend&isDev=true&tsconfigPath=tsconfig.json&basePath=&assetPrefix=&nextConfigOutput=standalone&preferredRegion=&middlewareConfig=e30%3D&isGlobalNotFoundEnabled=! (C:\Users\Usuario\Documents\Projects\retoPescanova\frontend\.next\server\app\training\page.js:66:1)
    at __webpack_require__ (file://C:\Users\Usuario\Documents\Projects\retoPescanova\frontend\.next\server\webpack-runtime.js:25:42)
    at __webpack_exec__ (file://C:\Users\Usuario\Documents\Projects\retoPescanova\frontend\.next\server\app\training\page.js:433:39)
    at <unknown> (file://C:\Users\Usuario\Documents\Projects\retoPescanova\frontend\.next\server\app\training\page.js:434:268)
    at __webpack_require__.X (file://C:\Users\Usuario\Documents\Projects\retoPescanova\frontend\.next\server\webpack-runtime.js:155:21)
    at <unknown> (file://C:\Users\Usuario\Documents\Projects\retoPescanova\frontend\.next\server\app\training\page.js:434:47)
    at Object.<anonymous> (file://C:\Users\Usuario\Documents\Projects\retoPescanova\frontend\.next\server\app\training\page.js:437:3)
    at Module._compile (node:internal/modules/cjs/loader:1730:14)
    at Object..js (node:internal/modules/cjs/loader:1895:10)
    at Module.load (node:internal/modules/cjs/loader:1465:32)
    at Function._load (node:internal/modules/cjs/loader:1282:12)
    at TracingChannel.traceSync (node:diagnostics_channel:322:14)
    at wrapModuleLoad (node:internal/modules/cjs/loader:235:24)
    at Module.<anonymous> (node:internal/modules/cjs/loader:1487:12)
    at mod.require (file://C:\Users\Usuario\Documents\Projects\retoPescanova\frontend\node_modules\next\dist\server\require-hook.js:68:28)
    at require (node:internal/modules/helpers:135:16)
    at requirePage (file://C:\Users\Usuario\Documents\Projects\retoPescanova\frontend\node_modules\next\dist\server\require.js:99:80)
    at loadComponentsImpl (file://C:\Users\Usuario\Documents\Projects\retoPescanova\frontend\node_modules\next\dist\server\load-components.js:132:57)
    at async DevServer.findPageComponentsImpl (file://C:\Users\Usuario\Documents\Projects\retoPescanova\frontend\node_modules\next\dist\server\next-server.js:900:36)
    at async DevServer.findPageComponents (file://C:\Users\Usuario\Documents\Projects\retoPescanova\frontend\node_modules\next\dist\server\dev\next-dev-server.js:706:16)
    at async DevServer.renderPageComponent (file://C:\Users\Usuario\Documents\Projects\retoPescanova\frontend\node_modules\next\dist\server\base-server.js:1468:24)
    at async DevServer.renderToResponseImpl (file://C:\Users\Usuario\Documents\Projects\retoPescanova\frontend\node_modules\next\dist\server\base-server.js:1522:32)
    at async DevServer.pipeImpl (file://C:\Users\Usuario\Documents\Projects\retoPescanova\frontend\node_modules\next\dist\server\base-server.js:1026:25)
    at async NextNodeServer.handleCatchallRenderRequest (file://C:\Users\Usuario\Documents\Projects\retoPescanova\frontend\node_modules\next\dist\server\next-server.js:394:17)
    at async DevServer.handleRequestImpl (file://C:\Users\Usuario\Documents\Projects\retoPescanova\frontend\node_modules\next\dist\server\base-server.js:917:17)
    at async (file://C:\Users\Usuario\Documents\Projects\retoPescanova\frontend\node_modules\next\dist\server\dev\next-dev-server.js:400:20)
    at async Span.traceAsyncFn (file://C:\Users\Usuario\Documents\Projects\retoPescanova\frontend\node_modules\next\dist\trace\trace.js:157:20)
    at async DevServer.handleRequest (file://C:\Users\Usuario\Documents\Projects\retoPescanova\frontend\node_modules\next\dist\server\dev\next-dev-server.js:396:24)
    at async invokeRender (file://C:\Users\Usuario\Documents\Projects\retoPescanova\frontend\node_modules\next\dist\server\lib\router-server.js:240:21)
    at async handleRequest (file://C:\Users\Usuario\Documents\Projects\retoPescanova\frontend\node_modules\next\dist\server\lib\router-server.js:437:24)
    at async requestHandlerImpl (file://C:\Users\Usuario\Documents\Projects\retoPescanova\frontend\node_modules\next\dist\server\lib\router-server.js:485:13)
    at async Server.requestListener (file://C:\Users\Usuario\Documents\Projects\retoPescanova\frontend\node_modules\next\dist\server\lib\start-server.js:226:13)
[   81171ms] [LOG] [HMR] connected @ webpack-internal:///(pages-dir-browser)/./node_modules/next/dist/client/dev/hot-reloader/pages/websocket.js:45
[   84337ms] [ERROR] Failed to load resource: the server responded with a status of 404 (Not Found) @ http://localhost:3000/_next/static/webpack/119d7b6dd4a66877.webpack.hot-update.json:0
[   84337ms] [WARNING] [Fast Refresh] performing full reload because your application had an unrecoverable error @ webpack-internal:///(pages-dir-browser)/./node_modules/next/dist/client/dev/hot-reloader/pages/hot-reloader-pages.js:347
[   84643ms] [ERROR] Failed to load resource: the server responded with a status of 500 (Internal Server Error) @ http://localhost:3000/training:0
[   85240ms] [INFO] %cDownload the React DevTools for a better development experience: https://reactjs.org/link/react-devtools font-weight:bold @ webpack-internal:///(pages-dir-browser)/./node_modules/react-dom/cjs/react-dom.development.js:29889
[   85265ms] TypeError: __webpack_modules__[moduleId] is not a function
    at __webpack_require__ (file://C:\Users\Usuario\Documents\Projects\retoPescanova\frontend\.next\server\webpack-runtime.js:25:42)
    at eval (webpack-internal:///(rsc)/./node_modules/next/dist/server/app-render/encryption-utils.js:40:35)
    at <unknown> (rsc)/./node_modules/next/dist/server/app-render/encryption-utils.js (C:\Users\Usuario\Documents\Projects\retoPescanova\frontend\.next\server\vendor-chunks\next.js:1773:1)
    at __webpack_require__ (file://C:\Users\Usuario\Documents\Projects\retoPescanova\frontend\.next\server\webpack-runtime.js:25:42)
    at eval (webpack-internal:///(rsc)/./node_modules/next/dist/build/webpack/loaders/next-app-loader/index.js?name=app%2Ftraining%2Fpage&page=%2Ftraining%2Fpage&appPaths=%2Ftraining%2Fpage&pagePath=private-next-app-dir%2Ftraining%2Fpage.tsx&appDir=C%3A%5CUsers%5CUsuario%5CDocuments%5CProjects%5CretoPescanova%5Cfrontend%5Capp&pageExtensions=tsx&pageExtensions=ts&pageExtensions=jsx&pageExtensions=js&rootDir=C%3A%5CUsers%5CUsuario%5CDocuments%5CProjects%5CretoPescanova%5Cfrontend&isDev=true&tsconfigPath=tsconfig.json&basePath=&assetPrefix=&nextConfigOutput=standalone&preferredRegion=&middlewareConfig=e30%3D&isGlobalNotFoundEnabled=!:28:103)
    at <unknown> (rsc)/./node_modules/next/dist/build/webpack/loaders/next-app-loader/index.js?name=app%2Ftraining%2Fpage&page=%2Ftraining%2Fpage&appPaths=%2Ftraining%2Fpage&pagePath=private-next-app-dir%2Ftraining%2Fpage.tsx&appDir=C%3A%5CUsers%5CUsuario%5CDocuments%5CProjects%5CretoPescanova%5Cfrontend%5Capp&pageExtensions=tsx&pageExtensions=ts&pageExtensions=jsx&pageExtensions=js&rootDir=C%3A%5CUsers%5CUsuario%5CDocuments%5CProjects%5CretoPescanova%5Cfrontend&isDev=true&tsconfigPath=tsconfig.json&basePath=&assetPrefix=&nextConfigOutput=standalone&preferredRegion=&middlewareConfig=e30%3D&isGlobalNotFoundEnabled=! (C:\Users\Usuario\Documents\Projects\retoPescanova\frontend\.next\server\app\training\page.js:66:1)
    at __webpack_require__ (file://C:\Users\Usuario\Documents\Projects\retoPescanova\frontend\.next\server\webpack-runtime.js:25:42)
    at __webpack_exec__ (file://C:\Users\Usuario\Documents\Projects\retoPescanova\frontend\.next\server\app\training\page.js:433:39)
    at <unknown> (file://C:\Users\Usuario\Documents\Projects\retoPescanova\frontend\.next\server\app\training\page.js:434:268)
    at __webpack_require__.X (file://C:\Users\Usuario\Documents\Projects\retoPescanova\frontend\.next\server\webpack-runtime.js:155:21)
    at <unknown> (file://C:\Users\Usuario\Documents\Projects\retoPescanova\frontend\.next\server\app\training\page.js:434:47)
    at Object.<anonymous> (file://C:\Users\Usuario\Documents\Projects\retoPescanova\frontend\.next\server\app\training\page.js:437:3)
    at Module._compile (node:internal/modules/cjs/loader:1730:14)
    at Object..js (node:internal/modules/cjs/loader:1895:10)
    at Module.load (node:internal/modules/cjs/loader:1465:32)
    at Function._load (node:internal/modules/cjs/loader:1282:12)
    at TracingChannel.traceSync (node:diagnostics_channel:322:14)
    at wrapModuleLoad (node:internal/modules/cjs/loader:235:24)
    at Module.<anonymous> (node:internal/modules/cjs/loader:1487:12)
    at mod.require (file://C:\Users\Usuario\Documents\Projects\retoPescanova\frontend\node_modules\next\dist\server\require-hook.js:68:28)
    at require (node:internal/modules/helpers:135:16)
    at requirePage (file://C:\Users\Usuario\Documents\Projects\retoPescanova\frontend\node_modules\next\dist\server\require.js:99:80)
    at loadComponentsImpl (file://C:\Users\Usuario\Documents\Projects\retoPescanova\frontend\node_modules\next\dist\server\load-components.js:132:57)
    at async DevServer.findPageComponentsImpl (file://C:\Users\Usuario\Documents\Projects\retoPescanova\frontend\node_modules\next\dist\server\next-server.js:900:36)
    at async DevServer.findPageComponents (file://C:\Users\Usuario\Documents\Projects\retoPescanova\frontend\node_modules\next\dist\server\dev\next-dev-server.js:706:16)
    at async DevServer.renderPageComponent (file://C:\Users\Usuario\Documents\Projects\retoPescanova\frontend\node_modules\next\dist\server\base-server.js:1468:24)
    at async DevServer.renderToResponseImpl (file://C:\Users\Usuario\Documents\Projects\retoPescanova\frontend\node_modules\next\dist\server\base-server.js:1522:32)
    at async DevServer.pipeImpl (file://C:\Users\Usuario\Documents\Projects\retoPescanova\frontend\node_modules\next\dist\server\base-server.js:1026:25)
    at async NextNodeServer.handleCatchallRenderRequest (file://C:\Users\Usuario\Documents\Projects\retoPescanova\frontend\node_modules\next\dist\server\next-server.js:394:17)
    at async DevServer.handleRequestImpl (file://C:\Users\Usuario\Documents\Projects\retoPescanova\frontend\node_modules\next\dist\server\base-server.js:917:17)
    at async (file://C:\Users\Usuario\Documents\Projects\retoPescanova\frontend\node_modules\next\dist\server\dev\next-dev-server.js:400:20)
    at async Span.traceAsyncFn (file://C:\Users\Usuario\Documents\Projects\retoPescanova\frontend\node_modules\next\dist\trace\trace.js:157:20)
    at async DevServer.handleRequest (file://C:\Users\Usuario\Documents\Projects\retoPescanova\frontend\node_modules\next\dist\server\dev\next-dev-server.js:396:24)
    at async invokeRender (file://C:\Users\Usuario\Documents\Projects\retoPescanova\frontend\node_modules\next\dist\server\lib\router-server.js:240:21)
    at async handleRequest (file://C:\Users\Usuario\Documents\Projects\retoPescanova\frontend\node_modules\next\dist\server\lib\router-server.js:437:24)
    at async requestHandlerImpl (file://C:\Users\Usuario\Documents\Projects\retoPescanova\frontend\node_modules\next\dist\server\lib\router-server.js:485:13)
    at async Server.requestListener (file://C:\Users\Usuario\Documents\Projects\retoPescanova\frontend\node_modules\next\dist\server\lib\start-server.js:226:13)
[   85265ms] [LOG] [HMR] connected @ webpack-internal:///(pages-dir-browser)/./node_modules/next/dist/client/dev/hot-reloader/pages/websocket.js:45
[   86966ms] [ERROR] Failed to load resource: the server responded with a status of 404 (Not Found) @ http://localhost:3000/_next/static/webpack/119d7b6dd4a66877.webpack.hot-update.json:0
[   86966ms] [WARNING] [Fast Refresh] performing full reload because your application had an unrecoverable error @ webpack-internal:///(pages-dir-browser)/./node_modules/next/dist/client/dev/hot-reloader/pages/hot-reloader-pages.js:347
[   87305ms] [ERROR] Failed to load resource: the server responded with a status of 500 (Internal Server Error) @ http://localhost:3000/training:0
[   87732ms] [INFO] %cDownload the React DevTools for a better development experience: https://reactjs.org/link/react-devtools font-weight:bold @ webpack-internal:///(pages-dir-browser)/./node_modules/react-dom/cjs/react-dom.development.js:29889
[   87757ms] TypeError: __webpack_modules__[moduleId] is not a function
    at __webpack_require__ (file://C:\Users\Usuario\Documents\Projects\retoPescanova\frontend\.next\server\webpack-runtime.js:25:42)
    at eval (webpack-internal:///(rsc)/./node_modules/next/dist/server/app-render/encryption-utils.js:40:35)
    at <unknown> (rsc)/./node_modules/next/dist/server/app-render/encryption-utils.js (C:\Users\Usuario\Documents\Projects\retoPescanova\frontend\.next\server\vendor-chunks\next.js:1773:1)
    at __webpack_require__ (file://C:\Users\Usuario\Documents\Projects\retoPescanova\frontend\.next\server\webpack-runtime.js:25:42)
    at eval (webpack-internal:///(rsc)/./node_modules/next/dist/build/webpack/loaders/next-app-loader/index.js?name=app%2Ftraining%2Fpage&page=%2Ftraining%2Fpage&appPaths=%2Ftraining%2Fpage&pagePath=private-next-app-dir%2Ftraining%2Fpage.tsx&appDir=C%3A%5CUsers%5CUsuario%5CDocuments%5CProjects%5CretoPescanova%5Cfrontend%5Capp&pageExtensions=tsx&pageExtensions=ts&pageExtensions=jsx&pageExtensions=js&rootDir=C%3A%5CUsers%5CUsuario%5CDocuments%5CProjects%5CretoPescanova%5Cfrontend&isDev=true&tsconfigPath=tsconfig.json&basePath=&assetPrefix=&nextConfigOutput=standalone&preferredRegion=&middlewareConfig=e30%3D&isGlobalNotFoundEnabled=!:28:103)
    at <unknown> (rsc)/./node_modules/next/dist/build/webpack/loaders/next-app-loader/index.js?name=app%2Ftraining%2Fpage&page=%2Ftraining%2Fpage&appPaths=%2Ftraining%2Fpage&pagePath=private-next-app-dir%2Ftraining%2Fpage.tsx&appDir=C%3A%5CUsers%5CUsuario%5CDocuments%5CProjects%5CretoPescanova%5Cfrontend%5Capp&pageExtensions=tsx&pageExtensions=ts&pageExtensions=jsx&pageExtensions=js&rootDir=C%3A%5CUsers%5CUsuario%5CDocuments%5CProjects%5CretoPescanova%5Cfrontend&isDev=true&tsconfigPath=tsconfig.json&basePath=&assetPrefix=&nextConfigOutput=standalone&preferredRegion=&middlewareConfig=e30%3D&isGlobalNotFoundEnabled=! (C:\Users\Usuario\Documents\Projects\retoPescanova\frontend\.next\server\app\training\page.js:66:1)
    at __webpack_require__ (file://C:\Users\Usuario\Documents\Projects\retoPescanova\frontend\.next\server\webpack-runtime.js:25:42)
    at __webpack_exec__ (file://C:\Users\Usuario\Documents\Projects\retoPescanova\frontend\.next\server\app\training\page.js:433:39)
    at <unknown> (file://C:\Users\Usuario\Documents\Projects\retoPescanova\frontend\.next\server\app\training\page.js:434:268)
    at __webpack_require__.X (file://C:\Users\Usuario\Documents\Projects\retoPescanova\frontend\.next\server\webpack-runtime.js:155:21)
    at <unknown> (file://C:\Users\Usuario\Documents\Projects\retoPescanova\frontend\.next\server\app\training\page.js:434:47)
    at Object.<anonymous> (file://C:\Users\Usuario\Documents\Projects\retoPescanova\frontend\.next\server\app\training\page.js:437:3)
    at Module._compile (node:internal/modules/cjs/loader:1730:14)
    at Object..js (node:internal/modules/cjs/loader:1895:10)
    at Module.load (node:internal/modules/cjs/loader:1465:32)
    at Function._load (node:internal/modules/cjs/loader:1282:12)
    at TracingChannel.traceSync (node:diagnostics_channel:322:14)
    at wrapModuleLoad (node:internal/modules/cjs/loader:235:24)
    at Module.<anonymous> (node:internal/modules/cjs/loader:1487:12)
    at mod.require (file://C:\Users\Usuario\Documents\Projects\retoPescanova\frontend\node_modules\next\dist\server\require-hook.js:68:28)
    at require (node:internal/modules/helpers:135:16)
    at requirePage (file://C:\Users\Usuario\Documents\Projects\retoPescanova\frontend\node_modules\next\dist\server\require.js:99:80)
    at loadComponentsImpl (file://C:\Users\Usuario\Documents\Projects\retoPescanova\frontend\node_modules\next\dist\server\load-components.js:132:57)
    at async DevServer.findPageComponentsImpl (file://C:\Users\Usuario\Documents\Projects\retoPescanova\frontend\node_modules\next\dist\server\next-server.js:900:36)
    at async DevServer.findPageComponents (file://C:\Users\Usuario\Documents\Projects\retoPescanova\frontend\node_modules\next\dist\server\dev\next-dev-server.js:706:16)
    at async DevServer.renderPageComponent (file://C:\Users\Usuario\Documents\Projects\retoPescanova\frontend\node_modules\next\dist\server\base-server.js:1468:24)
    at async DevServer.renderToResponseImpl (file://C:\Users\Usuario\Documents\Projects\retoPescanova\frontend\node_modules\next\dist\server\base-server.js:1522:32)
    at async DevServer.pipeImpl (file://C:\Users\Usuario\Documents\Projects\retoPescanova\frontend\node_modules\next\dist\server\base-server.js:1026:25)
    at async NextNodeServer.handleCatchallRenderRequest (file://C:\Users\Usuario\Documents\Projects\retoPescanova\frontend\node_modules\next\dist\server\next-server.js:394:17)
    at async DevServer.handleRequestImpl (file://C:\Users\Usuario\Documents\Projects\retoPescanova\frontend\node_modules\next\dist\server\base-server.js:917:17)
    at async (file://C:\Users\Usuario\Documents\Projects\retoPescanova\frontend\node_modules\next\dist\server\dev\next-dev-server.js:400:20)
    at async Span.traceAsyncFn (file://C:\Users\Usuario\Documents\Projects\retoPescanova\frontend\node_modules\next\dist\trace\trace.js:157:20)
    at async DevServer.handleRequest (file://C:\Users\Usuario\Documents\Projects\retoPescanova\frontend\node_modules\next\dist\server\dev\next-dev-server.js:396:24)
    at async invokeRender (file://C:\Users\Usuario\Documents\Projects\retoPescanova\frontend\node_modules\next\dist\server\lib\router-server.js:240:21)
    at async handleRequest (file://C:\Users\Usuario\Documents\Projects\retoPescanova\frontend\node_modules\next\dist\server\lib\router-server.js:437:24)
    at async requestHandlerImpl (file://C:\Users\Usuario\Documents\Projects\retoPescanova\frontend\node_modules\next\dist\server\lib\router-server.js:485:13)
    at async Server.requestListener (file://C:\Users\Usuario\Documents\Projects\retoPescanova\frontend\node_modules\next\dist\server\lib\start-server.js:226:13)
[   87756ms] [LOG] [HMR] connected @ webpack-internal:///(pages-dir-browser)/./node_modules/next/dist/client/dev/hot-reloader/pages/websocket.js:45
[   88608ms] [ERROR] Failed to load resource: the server responded with a status of 404 (Not Found) @ http://localhost:3000/_next/static/webpack/119d7b6dd4a66877.webpack.hot-update.json:0
[   88609ms] [WARNING] [Fast Refresh] performing full reload because your application had an unrecoverable error @ webpack-internal:///(pages-dir-browser)/./node_modules/next/dist/client/dev/hot-reloader/pages/hot-reloader-pages.js:347
[   88900ms] [ERROR] Failed to load resource: the server responded with a status of 500 (Internal Server Error) @ http://localhost:3000/training:0
[   89497ms] [INFO] %cDownload the React DevTools for a better development experience: https://reactjs.org/link/react-devtools font-weight:bold @ webpack-internal:///(pages-dir-browser)/./node_modules/react-dom/cjs/react-dom.development.js:29889
[   89520ms] TypeError: __webpack_modules__[moduleId] is not a function
    at __webpack_require__ (file://C:\Users\Usuario\Documents\Projects\retoPescanova\frontend\.next\server\webpack-runtime.js:25:42)
    at eval (webpack-internal:///(rsc)/./node_modules/next/dist/server/app-render/encryption-utils.js:40:35)
    at <unknown> (rsc)/./node_modules/next/dist/server/app-render/encryption-utils.js (C:\Users\Usuario\Documents\Projects\retoPescanova\frontend\.next\server\vendor-chunks\next.js:1773:1)
    at __webpack_require__ (file://C:\Users\Usuario\Documents\Projects\retoPescanova\frontend\.next\server\webpack-runtime.js:25:42)
    at eval (webpack-internal:///(rsc)/./node_modules/next/dist/build/webpack/loaders/next-app-loader/index.js?name=app%2Ftraining%2Fpage&page=%2Ftraining%2Fpage&appPaths=%2Ftraining%2Fpage&pagePath=private-next-app-dir%2Ftraining%2Fpage.tsx&appDir=C%3A%5CUsers%5CUsuario%5CDocuments%5CProjects%5CretoPescanova%5Cfrontend%5Capp&pageExtensions=tsx&pageExtensions=ts&pageExtensions=jsx&pageExtensions=js&rootDir=C%3A%5CUsers%5CUsuario%5CDocuments%5CProjects%5CretoPescanova%5Cfrontend&isDev=true&tsconfigPath=tsconfig.json&basePath=&assetPrefix=&nextConfigOutput=standalone&preferredRegion=&middlewareConfig=e30%3D&isGlobalNotFoundEnabled=!:28:103)
    at <unknown> (rsc)/./node_modules/next/dist/build/webpack/loaders/next-app-loader/index.js?name=app%2Ftraining%2Fpage&page=%2Ftraining%2Fpage&appPaths=%2Ftraining%2Fpage&pagePath=private-next-app-dir%2Ftraining%2Fpage.tsx&appDir=C%3A%5CUsers%5CUsuario%5CDocuments%5CProjects%5CretoPescanova%5Cfrontend%5Capp&pageExtensions=tsx&pageExtensions=ts&pageExtensions=jsx&pageExtensions=js&rootDir=C%3A%5CUsers%5CUsuario%5CDocuments%5CProjects%5CretoPescanova%5Cfrontend&isDev=true&tsconfigPath=tsconfig.json&basePath=&assetPrefix=&nextConfigOutput=standalone&preferredRegion=&middlewareConfig=e30%3D&isGlobalNotFoundEnabled=! (C:\Users\Usuario\Documents\Projects\retoPescanova\frontend\.next\server\app\training\page.js:66:1)
    at __webpack_require__ (file://C:\Users\Usuario\Documents\Projects\retoPescanova\frontend\.next\server\webpack-runtime.js:25:42)
    at __webpack_exec__ (file://C:\Users\Usuario\Documents\Projects\retoPescanova\frontend\.next\server\app\training\page.js:433:39)
    at <unknown> (file://C:\Users\Usuario\Documents\Projects\retoPescanova\frontend\.next\server\app\training\page.js:434:268)
    at __webpack_require__.X (file://C:\Users\Usuario\Documents\Projects\retoPescanova\frontend\.next\server\webpack-runtime.js:155:21)
    at <unknown> (file://C:\Users\Usuario\Documents\Projects\retoPescanova\frontend\.next\server\app\training\page.js:434:47)
    at Object.<anonymous> (file://C:\Users\Usuario\Documents\Projects\retoPescanova\frontend\.next\server\app\training\page.js:437:3)
    at Module._compile (node:internal/modules/cjs/loader:1730:14)
    at Object..js (node:internal/modules/cjs/loader:1895:10)
    at Module.load (node:internal/modules/cjs/loader:1465:32)
    at Function._load (node:internal/modules/cjs/loader:1282:12)
    at TracingChannel.traceSync (node:diagnostics_channel:322:14)
    at wrapModuleLoad (node:internal/modules/cjs/loader:235:24)
    at Module.<anonymous> (node:internal/modules/cjs/loader:1487:12)
    at mod.require (file://C:\Users\Usuario\Documents\Projects\retoPescanova\frontend\node_modules\next\dist\server\require-hook.js:68:28)
    at require (node:internal/modules/helpers:135:16)
    at requirePage (file://C:\Users\Usuario\Documents\Projects\retoPescanova\frontend\node_modules\next\dist\server\require.js:99:80)
    at loadComponentsImpl (file://C:\Users\Usuario\Documents\Projects\retoPescanova\frontend\node_modules\next\dist\server\load-components.js:132:57)
    at async DevServer.findPageComponentsImpl (file://C:\Users\Usuario\Documents\Projects\retoPescanova\frontend\node_modules\next\dist\server\next-server.js:900:36)
    at async DevServer.findPageComponents (file://C:\Users\Usuario\Documents\Projects\retoPescanova\frontend\node_modules\next\dist\server\dev\next-dev-server.js:706:16)
    at async DevServer.renderPageComponent (file://C:\Users\Usuario\Documents\Projects\retoPescanova\frontend\node_modules\next\dist\server\base-server.js:1468:24)
    at async DevServer.renderToResponseImpl (file://C:\Users\Usuario\Documents\Projects\retoPescanova\frontend\node_modules\next\dist\server\base-server.js:1522:32)
    at async DevServer.pipeImpl (file://C:\Users\Usuario\Documents\Projects\retoPescanova\frontend\node_modules\next\dist\server\base-server.js:1026:25)
    at async NextNodeServer.handleCatchallRenderRequest (file://C:\Users\Usuario\Documents\Projects\retoPescanova\frontend\node_modules\next\dist\server\next-server.js:394:17)
    at async DevServer.handleRequestImpl (file://C:\Users\Usuario\Documents\Projects\retoPescanova\frontend\node_modules\next\dist\server\base-server.js:917:17)
    at async (file://C:\Users\Usuario\Documents\Projects\retoPescanova\frontend\node_modules\next\dist\server\dev\next-dev-server.js:400:20)
    at async Span.traceAsyncFn (file://C:\Users\Usuario\Documents\Projects\retoPescanova\frontend\node_modules\next\dist\trace\trace.js:157:20)
    at async DevServer.handleRequest (file://C:\Users\Usuario\Documents\Projects\retoPescanova\frontend\node_modules\next\dist\server\dev\next-dev-server.js:396:24)
    at async invokeRender (file://C:\Users\Usuario\Documents\Projects\retoPescanova\frontend\node_modules\next\dist\server\lib\router-server.js:240:21)
    at async handleRequest (file://C:\Users\Usuario\Documents\Projects\retoPescanova\frontend\node_modules\next\dist\server\lib\router-server.js:437:24)
    at async requestHandlerImpl (file://C:\Users\Usuario\Documents\Projects\retoPescanova\frontend\node_modules\next\dist\server\lib\router-server.js:485:13)
    at async Server.requestListener (file://C:\Users\Usuario\Documents\Projects\retoPescanova\frontend\node_modules\next\dist\server\lib\start-server.js:226:13)
[   89519ms] [LOG] [HMR] connected @ webpack-internal:///(pages-dir-browser)/./node_modules/next/dist/client/dev/hot-reloader/pages/websocket.js:45
[   91242ms] [ERROR] Failed to load resource: the server responded with a status of 404 (Not Found) @ http://localhost:3000/_next/static/webpack/119d7b6dd4a66877.webpack.hot-update.json:0
[   91243ms] [WARNING] [Fast Refresh] performing full reload because your application had an unrecoverable error @ webpack-internal:///(pages-dir-browser)/./node_modules/next/dist/client/dev/hot-reloader/pages/hot-reloader-pages.js:347
[   91587ms] [ERROR] Failed to load resource: the server responded with a status of 500 (Internal Server Error) @ http://localhost:3000/training:0
[   92010ms] [INFO] %cDownload the React DevTools for a better development experience: https://reactjs.org/link/react-devtools font-weight:bold @ webpack-internal:///(pages-dir-browser)/./node_modules/react-dom/cjs/react-dom.development.js:29889
[   92036ms] TypeError: __webpack_modules__[moduleId] is not a function
    at __webpack_require__ (file://C:\Users\Usuario\Documents\Projects\retoPescanova\frontend\.next\server\webpack-runtime.js:25:42)
    at eval (webpack-internal:///(rsc)/./node_modules/next/dist/server/app-render/encryption-utils.js:40:35)
    at <unknown> (rsc)/./node_modules/next/dist/server/app-render/encryption-utils.js (C:\Users\Usuario\Documents\Projects\retoPescanova\frontend\.next\server\vendor-chunks\next.js:1773:1)
    at __webpack_require__ (file://C:\Users\Usuario\Documents\Projects\retoPescanova\frontend\.next\server\webpack-runtime.js:25:42)
    at eval (webpack-internal:///(rsc)/./node_modules/next/dist/build/webpack/loaders/next-app-loader/index.js?name=app%2Ftraining%2Fpage&page=%2Ftraining%2Fpage&appPaths=%2Ftraining%2Fpage&pagePath=private-next-app-dir%2Ftraining%2Fpage.tsx&appDir=C%3A%5CUsers%5CUsuario%5CDocuments%5CProjects%5CretoPescanova%5Cfrontend%5Capp&pageExtensions=tsx&pageExtensions=ts&pageExtensions=jsx&pageExtensions=js&rootDir=C%3A%5CUsers%5CUsuario%5CDocuments%5CProjects%5CretoPescanova%5Cfrontend&isDev=true&tsconfigPath=tsconfig.json&basePath=&assetPrefix=&nextConfigOutput=standalone&preferredRegion=&middlewareConfig=e30%3D&isGlobalNotFoundEnabled=!:28:103)
    at <unknown> (rsc)/./node_modules/next/dist/build/webpack/loaders/next-app-loader/index.js?name=app%2Ftraining%2Fpage&page=%2Ftraining%2Fpage&appPaths=%2Ftraining%2Fpage&pagePath=private-next-app-dir%2Ftraining%2Fpage.tsx&appDir=C%3A%5CUsers%5CUsuario%5CDocuments%5CProjects%5CretoPescanova%5Cfrontend%5Capp&pageExtensions=tsx&pageExtensions=ts&pageExtensions=jsx&pageExtensions=js&rootDir=C%3A%5CUsers%5CUsuario%5CDocuments%5CProjects%5CretoPescanova%5Cfrontend&isDev=true&tsconfigPath=tsconfig.json&basePath=&assetPrefix=&nextConfigOutput=standalone&preferredRegion=&middlewareConfig=e30%3D&isGlobalNotFoundEnabled=! (C:\Users\Usuario\Documents\Projects\retoPescanova\frontend\.next\server\app\training\page.js:66:1)
    at __webpack_require__ (file://C:\Users\Usuario\Documents\Projects\retoPescanova\frontend\.next\server\webpack-runtime.js:25:42)
    at __webpack_exec__ (file://C:\Users\Usuario\Documents\Projects\retoPescanova\frontend\.next\server\app\training\page.js:433:39)
    at <unknown> (file://C:\Users\Usuario\Documents\Projects\retoPescanova\frontend\.next\server\app\training\page.js:434:268)
    at __webpack_require__.X (file://C:\Users\Usuario\Documents\Projects\retoPescanova\frontend\.next\server\webpack-runtime.js:155:21)
    at <unknown> (file://C:\Users\Usuario\Documents\Projects\retoPescanova\frontend\.next\server\app\training\page.js:434:47)
    at Object.<anonymous> (file://C:\Users\Usuario\Documents\Projects\retoPescanova\frontend\.next\server\app\training\page.js:437:3)
    at Module._compile (node:internal/modules/cjs/loader:1730:14)
    at Object..js (node:internal/modules/cjs/loader:1895:10)
    at Module.load (node:internal/modules/cjs/loader:1465:32)
    at Function._load (node:internal/modules/cjs/loader:1282:12)
    at TracingChannel.traceSync (node:diagnostics_channel:322:14)
    at wrapModuleLoad (node:internal/modules/cjs/loader:235:24)
    at Module.<anonymous> (node:internal/modules/cjs/loader:1487:12)
    at mod.require (file://C:\Users\Usuario\Documents\Projects\retoPescanova\frontend\node_modules\next\dist\server\require-hook.js:68:28)
    at require (node:internal/modules/helpers:135:16)
    at requirePage (file://C:\Users\Usuario\Documents\Projects\retoPescanova\frontend\node_modules\next\dist\server\require.js:99:80)
    at loadComponentsImpl (file://C:\Users\Usuario\Documents\Projects\retoPescanova\frontend\node_modules\next\dist\server\load-components.js:132:57)
    at async DevServer.findPageComponentsImpl (file://C:\Users\Usuario\Documents\Projects\retoPescanova\frontend\node_modules\next\dist\server\next-server.js:900:36)
    at async DevServer.findPageComponents (file://C:\Users\Usuario\Documents\Projects\retoPescanova\frontend\node_modules\next\dist\server\dev\next-dev-server.js:706:16)
    at async DevServer.renderPageComponent (file://C:\Users\Usuario\Documents\Projects\retoPescanova\frontend\node_modules\next\dist\server\base-server.js:1468:24)
    at async DevServer.renderToResponseImpl (file://C:\Users\Usuario\Documents\Projects\retoPescanova\frontend\node_modules\next\dist\server\base-server.js:1522:32)
    at async DevServer.pipeImpl (file://C:\Users\Usuario\Documents\Projects\retoPescanova\frontend\node_modules\next\dist\server\base-server.js:1026:25)
    at async NextNodeServer.handleCatchallRenderRequest (file://C:\Users\Usuario\Documents\Projects\retoPescanova\frontend\node_modules\next\dist\server\next-server.js:394:17)
    at async DevServer.handleRequestImpl (file://C:\Users\Usuario\Documents\Projects\retoPescanova\frontend\node_modules\next\dist\server\base-server.js:917:17)
    at async (file://C:\Users\Usuario\Documents\Projects\retoPescanova\frontend\node_modules\next\dist\server\dev\next-dev-server.js:400:20)
    at async Span.traceAsyncFn (file://C:\Users\Usuario\Documents\Projects\retoPescanova\frontend\node_modules\next\dist\trace\trace.js:157:20)
    at async DevServer.handleRequest (file://C:\Users\Usuario\Documents\Projects\retoPescanova\frontend\node_modules\next\dist\server\dev\next-dev-server.js:396:24)
    at async invokeRender (file://C:\Users\Usuario\Documents\Projects\retoPescanova\frontend\node_modules\next\dist\server\lib\router-server.js:240:21)
    at async handleRequest (file://C:\Users\Usuario\Documents\Projects\retoPescanova\frontend\node_modules\next\dist\server\lib\router-server.js:437:24)
    at async requestHandlerImpl (file://C:\Users\Usuario\Documents\Projects\retoPescanova\frontend\node_modules\next\dist\server\lib\router-server.js:485:13)
    at async Server.requestListener (file://C:\Users\Usuario\Documents\Projects\retoPescanova\frontend\node_modules\next\dist\server\lib\start-server.js:226:13)
[   92035ms] [LOG] [HMR] connected @ webpack-internal:///(pages-dir-browser)/./node_modules/next/dist/client/dev/hot-reloader/pages/websocket.js:45
[   92848ms] [ERROR] Failed to load resource: the server responded with a status of 404 (Not Found) @ http://localhost:3000/_next/static/webpack/119d7b6dd4a66877.webpack.hot-update.json:0
[   92849ms] [WARNING] [Fast Refresh] performing full reload because your application had an unrecoverable error @ webpack-internal:///(pages-dir-browser)/./node_modules/next/dist/client/dev/hot-reloader/pages/hot-reloader-pages.js:347
[   93151ms] [ERROR] Failed to load resource: the server responded with a status of 500 (Internal Server Error) @ http://localhost:3000/training:0
[   93741ms] [INFO] %cDownload the React DevTools for a better development experience: https://reactjs.org/link/react-devtools font-weight:bold @ webpack-internal:///(pages-dir-browser)/./node_modules/react-dom/cjs/react-dom.development.js:29889
[   93762ms] TypeError: __webpack_modules__[moduleId] is not a function
    at __webpack_require__ (file://C:\Users\Usuario\Documents\Projects\retoPescanova\frontend\.next\server\webpack-runtime.js:25:42)
    at eval (webpack-internal:///(rsc)/./node_modules/next/dist/server/app-render/encryption-utils.js:40:35)
    at <unknown> (rsc)/./node_modules/next/dist/server/app-render/encryption-utils.js (C:\Users\Usuario\Documents\Projects\retoPescanova\frontend\.next\server\vendor-chunks\next.js:1773:1)
    at __webpack_require__ (file://C:\Users\Usuario\Documents\Projects\retoPescanova\frontend\.next\server\webpack-runtime.js:25:42)
    at eval (webpack-internal:///(rsc)/./node_modules/next/dist/build/webpack/loaders/next-app-loader/index.js?name=app%2Ftraining%2Fpage&page=%2Ftraining%2Fpage&appPaths=%2Ftraining%2Fpage&pagePath=private-next-app-dir%2Ftraining%2Fpage.tsx&appDir=C%3A%5CUsers%5CUsuario%5CDocuments%5CProjects%5CretoPescanova%5Cfrontend%5Capp&pageExtensions=tsx&pageExtensions=ts&pageExtensions=jsx&pageExtensions=js&rootDir=C%3A%5CUsers%5CUsuario%5CDocuments%5CProjects%5CretoPescanova%5Cfrontend&isDev=true&tsconfigPath=tsconfig.json&basePath=&assetPrefix=&nextConfigOutput=standalone&preferredRegion=&middlewareConfig=e30%3D&isGlobalNotFoundEnabled=!:28:103)
    at <unknown> (rsc)/./node_modules/next/dist/build/webpack/loaders/next-app-loader/index.js?name=app%2Ftraining%2Fpage&page=%2Ftraining%2Fpage&appPaths=%2Ftraining%2Fpage&pagePath=private-next-app-dir%2Ftraining%2Fpage.tsx&appDir=C%3A%5CUsers%5CUsuario%5CDocuments%5CProjects%5CretoPescanova%5Cfrontend%5Capp&pageExtensions=tsx&pageExtensions=ts&pageExtensions=jsx&pageExtensions=js&rootDir=C%3A%5CUsers%5CUsuario%5CDocuments%5CProjects%5CretoPescanova%5Cfrontend&isDev=true&tsconfigPath=tsconfig.json&basePath=&assetPrefix=&nextConfigOutput=standalone&preferredRegion=&middlewareConfig=e30%3D&isGlobalNotFoundEnabled=! (C:\Users\Usuario\Documents\Projects\retoPescanova\frontend\.next\server\app\training\page.js:66:1)
    at __webpack_require__ (file://C:\Users\Usuario\Documents\Projects\retoPescanova\frontend\.next\server\webpack-runtime.js:25:42)
    at __webpack_exec__ (file://C:\Users\Usuario\Documents\Projects\retoPescanova\frontend\.next\server\app\training\page.js:433:39)
    at <unknown> (file://C:\Users\Usuario\Documents\Projects\retoPescanova\frontend\.next\server\app\training\page.js:434:268)
    at __webpack_require__.X (file://C:\Users\Usuario\Documents\Projects\retoPescanova\frontend\.next\server\webpack-runtime.js:155:21)
    at <unknown> (file://C:\Users\Usuario\Documents\Projects\retoPescanova\frontend\.next\server\app\training\page.js:434:47)
    at Object.<anonymous> (file://C:\Users\Usuario\Documents\Projects\retoPescanova\frontend\.next\server\app\training\page.js:437:3)
    at Module._compile (node:internal/modules/cjs/loader:1730:14)
    at Object..js (node:internal/modules/cjs/loader:1895:10)
    at Module.load (node:internal/modules/cjs/loader:1465:32)
    at Function._load (node:internal/modules/cjs/loader:1282:12)
    at TracingChannel.traceSync (node:diagnostics_channel:322:14)
    at wrapModuleLoad (node:internal/modules/cjs/loader:235:24)
    at Module.<anonymous> (node:internal/modules/cjs/loader:1487:12)
    at mod.require (file://C:\Users\Usuario\Documents\Projects\retoPescanova\frontend\node_modules\next\dist\server\require-hook.js:68:28)
    at require (node:internal/modules/helpers:135:16)
    at requirePage (file://C:\Users\Usuario\Documents\Projects\retoPescanova\frontend\node_modules\next\dist\server\require.js:99:80)
    at loadComponentsImpl (file://C:\Users\Usuario\Documents\Projects\retoPescanova\frontend\node_modules\next\dist\server\load-components.js:132:57)
    at async DevServer.findPageComponentsImpl (file://C:\Users\Usuario\Documents\Projects\retoPescanova\frontend\node_modules\next\dist\server\next-server.js:900:36)
    at async DevServer.findPageComponents (file://C:\Users\Usuario\Documents\Projects\retoPescanova\frontend\node_modules\next\dist\server\dev\next-dev-server.js:706:16)
    at async DevServer.renderPageComponent (file://C:\Users\Usuario\Documents\Projects\retoPescanova\frontend\node_modules\next\dist\server\base-server.js:1468:24)
    at async DevServer.renderToResponseImpl (file://C:\Users\Usuario\Documents\Projects\retoPescanova\frontend\node_modules\next\dist\server\base-server.js:1522:32)
    at async DevServer.pipeImpl (file://C:\Users\Usuario\Documents\Projects\retoPescanova\frontend\node_modules\next\dist\server\base-server.js:1026:25)
    at async NextNodeServer.handleCatchallRenderRequest (file://C:\Users\Usuario\Documents\Projects\retoPescanova\frontend\node_modules\next\dist\server\next-server.js:394:17)
    at async DevServer.handleRequestImpl (file://C:\Users\Usuario\Documents\Projects\retoPescanova\frontend\node_modules\next\dist\server\base-server.js:917:17)
    at async (file://C:\Users\Usuario\Documents\Projects\retoPescanova\frontend\node_modules\next\dist\server\dev\next-dev-server.js:400:20)
    at async Span.traceAsyncFn (file://C:\Users\Usuario\Documents\Projects\retoPescanova\frontend\node_modules\next\dist\trace\trace.js:157:20)
    at async DevServer.handleRequest (file://C:\Users\Usuario\Documents\Projects\retoPescanova\frontend\node_modules\next\dist\server\dev\next-dev-server.js:396:24)
    at async invokeRender (file://C:\Users\Usuario\Documents\Projects\retoPescanova\frontend\node_modules\next\dist\server\lib\router-server.js:240:21)
    at async handleRequest (file://C:\Users\Usuario\Documents\Projects\retoPescanova\frontend\node_modules\next\dist\server\lib\router-server.js:437:24)
    at async requestHandlerImpl (file://C:\Users\Usuario\Documents\Projects\retoPescanova\frontend\node_modules\next\dist\server\lib\router-server.js:485:13)
    at async Server.requestListener (file://C:\Users\Usuario\Documents\Projects\retoPescanova\frontend\node_modules\next\dist\server\lib\start-server.js:226:13)
[   93762ms] [LOG] [HMR] connected @ webpack-internal:///(pages-dir-browser)/./node_modules/next/dist/client/dev/hot-reloader/pages/websocket.js:45
[   95476ms] [ERROR] Failed to load resource: the server responded with a status of 404 (Not Found) @ http://localhost:3000/_next/static/webpack/119d7b6dd4a66877.webpack.hot-update.json:0
[   95477ms] [WARNING] [Fast Refresh] performing full reload because your application had an unrecoverable error @ webpack-internal:///(pages-dir-browser)/./node_modules/next/dist/client/dev/hot-reloader/pages/hot-reloader-pages.js:347
[   95815ms] [ERROR] Failed to load resource: the server responded with a status of 500 (Internal Server Error) @ http://localhost:3000/training:0
[   96234ms] [INFO] %cDownload the React DevTools for a better development experience: https://reactjs.org/link/react-devtools font-weight:bold @ webpack-internal:///(pages-dir-browser)/./node_modules/react-dom/cjs/react-dom.development.js:29889
[   96259ms] TypeError: __webpack_modules__[moduleId] is not a function
    at __webpack_require__ (file://C:\Users\Usuario\Documents\Projects\retoPescanova\frontend\.next\server\webpack-runtime.js:25:42)
    at eval (webpack-internal:///(rsc)/./node_modules/next/dist/server/app-render/encryption-utils.js:40:35)
    at <unknown> (rsc)/./node_modules/next/dist/server/app-render/encryption-utils.js (C:\Users\Usuario\Documents\Projects\retoPescanova\frontend\.next\server\vendor-chunks\next.js:1773:1)
    at __webpack_require__ (file://C:\Users\Usuario\Documents\Projects\retoPescanova\frontend\.next\server\webpack-runtime.js:25:42)
    at eval (webpack-internal:///(rsc)/./node_modules/next/dist/build/webpack/loaders/next-app-loader/index.js?name=app%2Ftraining%2Fpage&page=%2Ftraining%2Fpage&appPaths=%2Ftraining%2Fpage&pagePath=private-next-app-dir%2Ftraining%2Fpage.tsx&appDir=C%3A%5CUsers%5CUsuario%5CDocuments%5CProjects%5CretoPescanova%5Cfrontend%5Capp&pageExtensions=tsx&pageExtensions=ts&pageExtensions=jsx&pageExtensions=js&rootDir=C%3A%5CUsers%5CUsuario%5CDocuments%5CProjects%5CretoPescanova%5Cfrontend&isDev=true&tsconfigPath=tsconfig.json&basePath=&assetPrefix=&nextConfigOutput=standalone&preferredRegion=&middlewareConfig=e30%3D&isGlobalNotFoundEnabled=!:28:103)
    at <unknown> (rsc)/./node_modules/next/dist/build/webpack/loaders/next-app-loader/index.js?name=app%2Ftraining%2Fpage&page=%2Ftraining%2Fpage&appPaths=%2Ftraining%2Fpage&pagePath=private-next-app-dir%2Ftraining%2Fpage.tsx&appDir=C%3A%5CUsers%5CUsuario%5CDocuments%5CProjects%5CretoPescanova%5Cfrontend%5Capp&pageExtensions=tsx&pageExtensions=ts&pageExtensions=jsx&pageExtensions=js&rootDir=C%3A%5CUsers%5CUsuario%5CDocuments%5CProjects%5CretoPescanova%5Cfrontend&isDev=true&tsconfigPath=tsconfig.json&basePath=&assetPrefix=&nextConfigOutput=standalone&preferredRegion=&middlewareConfig=e30%3D&isGlobalNotFoundEnabled=! (C:\Users\Usuario\Documents\Projects\retoPescanova\frontend\.next\server\app\training\page.js:66:1)
    at __webpack_require__ (file://C:\Users\Usuario\Documents\Projects\retoPescanova\frontend\.next\server\webpack-runtime.js:25:42)
    at __webpack_exec__ (file://C:\Users\Usuario\Documents\Projects\retoPescanova\frontend\.next\server\app\training\page.js:433:39)
    at <unknown> (file://C:\Users\Usuario\Documents\Projects\retoPescanova\frontend\.next\server\app\training\page.js:434:268)
    at __webpack_require__.X (file://C:\Users\Usuario\Documents\Projects\retoPescanova\frontend\.next\server\webpack-runtime.js:155:21)
    at <unknown> (file://C:\Users\Usuario\Documents\Projects\retoPescanova\frontend\.next\server\app\training\page.js:434:47)
    at Object.<anonymous> (file://C:\Users\Usuario\Documents\Projects\retoPescanova\frontend\.next\server\app\training\page.js:437:3)
    at Module._compile (node:internal/modules/cjs/loader:1730:14)
    at Object..js (node:internal/modules/cjs/loader:1895:10)
    at Module.load (node:internal/modules/cjs/loader:1465:32)
    at Function._load (node:internal/modules/cjs/loader:1282:12)
    at TracingChannel.traceSync (node:diagnostics_channel:322:14)
    at wrapModuleLoad (node:internal/modules/cjs/loader:235:24)
    at Module.<anonymous> (node:internal/modules/cjs/loader:1487:12)
    at mod.require (file://C:\Users\Usuario\Documents\Projects\retoPescanova\frontend\node_modules\next\dist\server\require-hook.js:68:28)
    at require (node:internal/modules/helpers:135:16)
    at requirePage (file://C:\Users\Usuario\Documents\Projects\retoPescanova\frontend\node_modules\next\dist\server\require.js:99:80)
    at loadComponentsImpl (file://C:\Users\Usuario\Documents\Projects\retoPescanova\frontend\node_modules\next\dist\server\load-components.js:132:57)
    at async DevServer.findPageComponentsImpl (file://C:\Users\Usuario\Documents\Projects\retoPescanova\frontend\node_modules\next\dist\server\next-server.js:900:36)
    at async DevServer.findPageComponents (file://C:\Users\Usuario\Documents\Projects\retoPescanova\frontend\node_modules\next\dist\server\dev\next-dev-server.js:706:16)
    at async DevServer.renderPageComponent (file://C:\Users\Usuario\Documents\Projects\retoPescanova\frontend\node_modules\next\dist\server\base-server.js:1468:24)
    at async DevServer.renderToResponseImpl (file://C:\Users\Usuario\Documents\Projects\retoPescanova\frontend\node_modules\next\dist\server\base-server.js:1522:32)
    at async DevServer.pipeImpl (file://C:\Users\Usuario\Documents\Projects\retoPescanova\frontend\node_modules\next\dist\server\base-server.js:1026:25)
    at async NextNodeServer.handleCatchallRenderRequest (file://C:\Users\Usuario\Documents\Projects\retoPescanova\frontend\node_modules\next\dist\server\next-server.js:394:17)
    at async DevServer.handleRequestImpl (file://C:\Users\Usuario\Documents\Projects\retoPescanova\frontend\node_modules\next\dist\server\base-server.js:917:17)
    at async (file://C:\Users\Usuario\Documents\Projects\retoPescanova\frontend\node_modules\next\dist\server\dev\next-dev-server.js:400:20)
    at async Span.traceAsyncFn (file://C:\Users\Usuario\Documents\Projects\retoPescanova\frontend\node_modules\next\dist\trace\trace.js:157:20)
    at async DevServer.handleRequest (file://C:\Users\Usuario\Documents\Projects\retoPescanova\frontend\node_modules\next\dist\server\dev\next-dev-server.js:396:24)
    at async invokeRender (file://C:\Users\Usuario\Documents\Projects\retoPescanova\frontend\node_modules\next\dist\server\lib\router-server.js:240:21)
    at async handleRequest (file://C:\Users\Usuario\Documents\Projects\retoPescanova\frontend\node_modules\next\dist\server\lib\router-server.js:437:24)
    at async requestHandlerImpl (file://C:\Users\Usuario\Documents\Projects\retoPescanova\frontend\node_modules\next\dist\server\lib\router-server.js:485:13)
    at async Server.requestListener (file://C:\Users\Usuario\Documents\Projects\retoPescanova\frontend\node_modules\next\dist\server\lib\start-server.js:226:13)
[   96258ms] [LOG] [HMR] connected @ webpack-internal:///(pages-dir-browser)/./node_modules/next/dist/client/dev/hot-reloader/pages/websocket.js:45
[   97133ms] [ERROR] Failed to load resource: the server responded with a status of 404 (Not Found) @ http://localhost:3000/_next/static/webpack/119d7b6dd4a66877.webpack.hot-update.json:0
[   97133ms] [WARNING] [Fast Refresh] performing full reload because your application had an unrecoverable error @ webpack-internal:///(pages-dir-browser)/./node_modules/next/dist/client/dev/hot-reloader/pages/hot-reloader-pages.js:347
[   97427ms] [ERROR] Failed to load resource: the server responded with a status of 500 (Internal Server Error) @ http://localhost:3000/training:0
[   98012ms] [INFO] %cDownload the React DevTools for a better development experience: https://reactjs.org/link/react-devtools font-weight:bold @ webpack-internal:///(pages-dir-browser)/./node_modules/react-dom/cjs/react-dom.development.js:29889
[   98035ms] TypeError: __webpack_modules__[moduleId] is not a function
    at __webpack_require__ (file://C:\Users\Usuario\Documents\Projects\retoPescanova\frontend\.next\server\webpack-runtime.js:25:42)
    at eval (webpack-internal:///(rsc)/./node_modules/next/dist/server/app-render/encryption-utils.js:40:35)
    at <unknown> (rsc)/./node_modules/next/dist/server/app-render/encryption-utils.js (C:\Users\Usuario\Documents\Projects\retoPescanova\frontend\.next\server\vendor-chunks\next.js:1773:1)
    at __webpack_require__ (file://C:\Users\Usuario\Documents\Projects\retoPescanova\frontend\.next\server\webpack-runtime.js:25:42)
    at eval (webpack-internal:///(rsc)/./node_modules/next/dist/build/webpack/loaders/next-app-loader/index.js?name=app%2Ftraining%2Fpage&page=%2Ftraining%2Fpage&appPaths=%2Ftraining%2Fpage&pagePath=private-next-app-dir%2Ftraining%2Fpage.tsx&appDir=C%3A%5CUsers%5CUsuario%5CDocuments%5CProjects%5CretoPescanova%5Cfrontend%5Capp&pageExtensions=tsx&pageExtensions=ts&pageExtensions=jsx&pageExtensions=js&rootDir=C%3A%5CUsers%5CUsuario%5CDocuments%5CProjects%5CretoPescanova%5Cfrontend&isDev=true&tsconfigPath=tsconfig.json&basePath=&assetPrefix=&nextConfigOutput=standalone&preferredRegion=&middlewareConfig=e30%3D&isGlobalNotFoundEnabled=!:28:103)
    at <unknown> (rsc)/./node_modules/next/dist/build/webpack/loaders/next-app-loader/index.js?name=app%2Ftraining%2Fpage&page=%2Ftraining%2Fpage&appPaths=%2Ftraining%2Fpage&pagePath=private-next-app-dir%2Ftraining%2Fpage.tsx&appDir=C%3A%5CUsers%5CUsuario%5CDocuments%5CProjects%5CretoPescanova%5Cfrontend%5Capp&pageExtensions=tsx&pageExtensions=ts&pageExtensions=jsx&pageExtensions=js&rootDir=C%3A%5CUsers%5CUsuario%5CDocuments%5CProjects%5CretoPescanova%5Cfrontend&isDev=true&tsconfigPath=tsconfig.json&basePath=&assetPrefix=&nextConfigOutput=standalone&preferredRegion=&middlewareConfig=e30%3D&isGlobalNotFoundEnabled=! (C:\Users\Usuario\Documents\Projects\retoPescanova\frontend\.next\server\app\training\page.js:66:1)
    at __webpack_require__ (file://C:\Users\Usuario\Documents\Projects\retoPescanova\frontend\.next\server\webpack-runtime.js:25:42)
    at __webpack_exec__ (file://C:\Users\Usuario\Documents\Projects\retoPescanova\frontend\.next\server\app\training\page.js:433:39)
    at <unknown> (file://C:\Users\Usuario\Documents\Projects\retoPescanova\frontend\.next\server\app\training\page.js:434:268)
    at __webpack_require__.X (file://C:\Users\Usuario\Documents\Projects\retoPescanova\frontend\.next\server\webpack-runtime.js:155:21)
    at <unknown> (file://C:\Users\Usuario\Documents\Projects\retoPescanova\frontend\.next\server\app\training\page.js:434:47)
    at Object.<anonymous> (file://C:\Users\Usuario\Documents\Projects\retoPescanova\frontend\.next\server\app\training\page.js:437:3)
    at Module._compile (node:internal/modules/cjs/loader:1730:14)
    at Object..js (node:internal/modules/cjs/loader:1895:10)
    at Module.load (node:internal/modules/cjs/loader:1465:32)
    at Function._load (node:internal/modules/cjs/loader:1282:12)
    at TracingChannel.traceSync (node:diagnostics_channel:322:14)
    at wrapModuleLoad (node:internal/modules/cjs/loader:235:24)
    at Module.<anonymous> (node:internal/modules/cjs/loader:1487:12)
    at mod.require (file://C:\Users\Usuario\Documents\Projects\retoPescanova\frontend\node_modules\next\dist\server\require-hook.js:68:28)
    at require (node:internal/modules/helpers:135:16)
    at requirePage (file://C:\Users\Usuario\Documents\Projects\retoPescanova\frontend\node_modules\next\dist\server\require.js:99:80)
    at loadComponentsImpl (file://C:\Users\Usuario\Documents\Projects\retoPescanova\frontend\node_modules\next\dist\server\load-components.js:132:57)
    at async DevServer.findPageComponentsImpl (file://C:\Users\Usuario\Documents\Projects\retoPescanova\frontend\node_modules\next\dist\server\next-server.js:900:36)
    at async DevServer.findPageComponents (file://C:\Users\Usuario\Documents\Projects\retoPescanova\frontend\node_modules\next\dist\server\dev\next-dev-server.js:706:16)
    at async DevServer.renderPageComponent (file://C:\Users\Usuario\Documents\Projects\retoPescanova\frontend\node_modules\next\dist\server\base-server.js:1468:24)
    at async DevServer.renderToResponseImpl (file://C:\Users\Usuario\Documents\Projects\retoPescanova\frontend\node_modules\next\dist\server\base-server.js:1522:32)
    at async DevServer.pipeImpl (file://C:\Users\Usuario\Documents\Projects\retoPescanova\frontend\node_modules\next\dist\server\base-server.js:1026:25)
    at async NextNodeServer.handleCatchallRenderRequest (file://C:\Users\Usuario\Documents\Projects\retoPescanova\frontend\node_modules\next\dist\server\next-server.js:394:17)
    at async DevServer.handleRequestImpl (file://C:\Users\Usuario\Documents\Projects\retoPescanova\frontend\node_modules\next\dist\server\base-server.js:917:17)
    at async (file://C:\Users\Usuario\Documents\Projects\retoPescanova\frontend\node_modules\next\dist\server\dev\next-dev-server.js:400:20)
    at async Span.traceAsyncFn (file://C:\Users\Usuario\Documents\Projects\retoPescanova\frontend\node_modules\next\dist\trace\trace.js:157:20)
    at async DevServer.handleRequest (file://C:\Users\Usuario\Documents\Projects\retoPescanova\frontend\node_modules\next\dist\server\dev\next-dev-server.js:396:24)
    at async invokeRender (file://C:\Users\Usuario\Documents\Projects\retoPescanova\frontend\node_modules\next\dist\server\lib\router-server.js:240:21)
    at async handleRequest (file://C:\Users\Usuario\Documents\Projects\retoPescanova\frontend\node_modules\next\dist\server\lib\router-server.js:437:24)
    at async requestHandlerImpl (file://C:\Users\Usuario\Documents\Projects\retoPescanova\frontend\node_modules\next\dist\server\lib\router-server.js:485:13)
    at async Server.requestListener (file://C:\Users\Usuario\Documents\Projects\retoPescanova\frontend\node_modules\next\dist\server\lib\start-server.js:226:13)
[   98035ms] [LOG] [HMR] connected @ webpack-internal:///(pages-dir-browser)/./node_modules/next/dist/client/dev/hot-reloader/pages/websocket.js:45
[   99767ms] [ERROR] Failed to load resource: the server responded with a status of 404 (Not Found) @ http://localhost:3000/_next/static/webpack/119d7b6dd4a66877.webpack.hot-update.json:0
[   99768ms] [WARNING] [Fast Refresh] performing full reload because your application had an unrecoverable error @ webpack-internal:///(pages-dir-browser)/./node_modules/next/dist/client/dev/hot-reloader/pages/hot-reloader-pages.js:347
[  100105ms] [ERROR] Failed to load resource: the server responded with a status of 500 (Internal Server Error) @ http://localhost:3000/training:0
[  100517ms] [INFO] %cDownload the React DevTools for a better development experience: https://reactjs.org/link/react-devtools font-weight:bold @ webpack-internal:///(pages-dir-browser)/./node_modules/react-dom/cjs/react-dom.development.js:29889
[  100543ms] TypeError: __webpack_modules__[moduleId] is not a function
    at __webpack_require__ (file://C:\Users\Usuario\Documents\Projects\retoPescanova\frontend\.next\server\webpack-runtime.js:25:42)
    at eval (webpack-internal:///(rsc)/./node_modules/next/dist/server/app-render/encryption-utils.js:40:35)
    at <unknown> (rsc)/./node_modules/next/dist/server/app-render/encryption-utils.js (C:\Users\Usuario\Documents\Projects\retoPescanova\frontend\.next\server\vendor-chunks\next.js:1773:1)
    at __webpack_require__ (file://C:\Users\Usuario\Documents\Projects\retoPescanova\frontend\.next\server\webpack-runtime.js:25:42)
    at eval (webpack-internal:///(rsc)/./node_modules/next/dist/build/webpack/loaders/next-app-loader/index.js?name=app%2Ftraining%2Fpage&page=%2Ftraining%2Fpage&appPaths=%2Ftraining%2Fpage&pagePath=private-next-app-dir%2Ftraining%2Fpage.tsx&appDir=C%3A%5CUsers%5CUsuario%5CDocuments%5CProjects%5CretoPescanova%5Cfrontend%5Capp&pageExtensions=tsx&pageExtensions=ts&pageExtensions=jsx&pageExtensions=js&rootDir=C%3A%5CUsers%5CUsuario%5CDocuments%5CProjects%5CretoPescanova%5Cfrontend&isDev=true&tsconfigPath=tsconfig.json&basePath=&assetPrefix=&nextConfigOutput=standalone&preferredRegion=&middlewareConfig=e30%3D&isGlobalNotFoundEnabled=!:28:103)
    at <unknown> (rsc)/./node_modules/next/dist/build/webpack/loaders/next-app-loader/index.js?name=app%2Ftraining%2Fpage&page=%2Ftraining%2Fpage&appPaths=%2Ftraining%2Fpage&pagePath=private-next-app-dir%2Ftraining%2Fpage.tsx&appDir=C%3A%5CUsers%5CUsuario%5CDocuments%5CProjects%5CretoPescanova%5Cfrontend%5Capp&pageExtensions=tsx&pageExtensions=ts&pageExtensions=jsx&pageExtensions=js&rootDir=C%3A%5CUsers%5CUsuario%5CDocuments%5CProjects%5CretoPescanova%5Cfrontend&isDev=true&tsconfigPath=tsconfig.json&basePath=&assetPrefix=&nextConfigOutput=standalone&preferredRegion=&middlewareConfig=e30%3D&isGlobalNotFoundEnabled=! (C:\Users\Usuario\Documents\Projects\retoPescanova\frontend\.next\server\app\training\page.js:66:1)
    at __webpack_require__ (file://C:\Users\Usuario\Documents\Projects\retoPescanova\frontend\.next\server\webpack-runtime.js:25:42)
    at __webpack_exec__ (file://C:\Users\Usuario\Documents\Projects\retoPescanova\frontend\.next\server\app\training\page.js:433:39)
    at <unknown> (file://C:\Users\Usuario\Documents\Projects\retoPescanova\frontend\.next\server\app\training\page.js:434:268)
    at __webpack_require__.X (file://C:\Users\Usuario\Documents\Projects\retoPescanova\frontend\.next\server\webpack-runtime.js:155:21)
    at <unknown> (file://C:\Users\Usuario\Documents\Projects\retoPescanova\frontend\.next\server\app\training\page.js:434:47)
    at Object.<anonymous> (file://C:\Users\Usuario\Documents\Projects\retoPescanova\frontend\.next\server\app\training\page.js:437:3)
    at Module._compile (node:internal/modules/cjs/loader:1730:14)
    at Object..js (node:internal/modules/cjs/loader:1895:10)
    at Module.load (node:internal/modules/cjs/loader:1465:32)
    at Function._load (node:internal/modules/cjs/loader:1282:12)
    at TracingChannel.traceSync (node:diagnostics_channel:322:14)
    at wrapModuleLoad (node:internal/modules/cjs/loader:235:24)
    at Module.<anonymous> (node:internal/modules/cjs/loader:1487:12)
    at mod.require (file://C:\Users\Usuario\Documents\Projects\retoPescanova\frontend\node_modules\next\dist\server\require-hook.js:68:28)
    at require (node:internal/modules/helpers:135:16)
    at requirePage (file://C:\Users\Usuario\Documents\Projects\retoPescanova\frontend\node_modules\next\dist\server\require.js:99:80)
    at loadComponentsImpl (file://C:\Users\Usuario\Documents\Projects\retoPescanova\frontend\node_modules\next\dist\server\load-components.js:132:57)
    at async DevServer.findPageComponentsImpl (file://C:\Users\Usuario\Documents\Projects\retoPescanova\frontend\node_modules\next\dist\server\next-server.js:900:36)
    at async DevServer.findPageComponents (file://C:\Users\Usuario\Documents\Projects\retoPescanova\frontend\node_modules\next\dist\server\dev\next-dev-server.js:706:16)
    at async DevServer.renderPageComponent (file://C:\Users\Usuario\Documents\Projects\retoPescanova\frontend\node_modules\next\dist\server\base-server.js:1468:24)
    at async DevServer.renderToResponseImpl (file://C:\Users\Usuario\Documents\Projects\retoPescanova\frontend\node_modules\next\dist\server\base-server.js:1522:32)
    at async DevServer.pipeImpl (file://C:\Users\Usuario\Documents\Projects\retoPescanova\frontend\node_modules\next\dist\server\base-server.js:1026:25)
    at async NextNodeServer.handleCatchallRenderRequest (file://C:\Users\Usuario\Documents\Projects\retoPescanova\frontend\node_modules\next\dist\server\next-server.js:394:17)
    at async DevServer.handleRequestImpl (file://C:\Users\Usuario\Documents\Projects\retoPescanova\frontend\node_modules\next\dist\server\base-server.js:917:17)
    at async (file://C:\Users\Usuario\Documents\Projects\retoPescanova\frontend\node_modules\next\dist\server\dev\next-dev-server.js:400:20)
    at async Span.traceAsyncFn (file://C:\Users\Usuario\Documents\Projects\retoPescanova\frontend\node_modules\next\dist\trace\trace.js:157:20)
    at async DevServer.handleRequest (file://C:\Users\Usuario\Documents\Projects\retoPescanova\frontend\node_modules\next\dist\server\dev\next-dev-server.js:396:24)
    at async invokeRender (file://C:\Users\Usuario\Documents\Projects\retoPescanova\frontend\node_modules\next\dist\server\lib\router-server.js:240:21)
    at async handleRequest (file://C:\Users\Usuario\Documents\Projects\retoPescanova\frontend\node_modules\next\dist\server\lib\router-server.js:437:24)
    at async requestHandlerImpl (file://C:\Users\Usuario\Documents\Projects\retoPescanova\frontend\node_modules\next\dist\server\lib\router-server.js:485:13)
    at async Server.requestListener (file://C:\Users\Usuario\Documents\Projects\retoPescanova\frontend\node_modules\next\dist\server\lib\start-server.js:226:13)
[  100544ms] [LOG] [HMR] connected @ webpack-internal:///(pages-dir-browser)/./node_modules/next/dist/client/dev/hot-reloader/pages/websocket.js:45
[  101390ms] [ERROR] Failed to load resource: the server responded with a status of 404 (Not Found) @ http://localhost:3000/_next/static/webpack/119d7b6dd4a66877.webpack.hot-update.json:0
[  101390ms] [WARNING] [Fast Refresh] performing full reload because your application had an unrecoverable error @ webpack-internal:///(pages-dir-browser)/./node_modules/next/dist/client/dev/hot-reloader/pages/hot-reloader-pages.js:347
[  101686ms] [ERROR] Failed to load resource: the server responded with a status of 500 (Internal Server Error) @ http://localhost:3000/training:0
[  102267ms] [INFO] %cDownload the React DevTools for a better development experience: https://reactjs.org/link/react-devtools font-weight:bold @ webpack-internal:///(pages-dir-browser)/./node_modules/react-dom/cjs/react-dom.development.js:29889
[  102290ms] TypeError: __webpack_modules__[moduleId] is not a function
    at __webpack_require__ (file://C:\Users\Usuario\Documents\Projects\retoPescanova\frontend\.next\server\webpack-runtime.js:25:42)
    at eval (webpack-internal:///(rsc)/./node_modules/next/dist/server/app-render/encryption-utils.js:40:35)
    at <unknown> (rsc)/./node_modules/next/dist/server/app-render/encryption-utils.js (C:\Users\Usuario\Documents\Projects\retoPescanova\frontend\.next\server\vendor-chunks\next.js:1773:1)
    at __webpack_require__ (file://C:\Users\Usuario\Documents\Projects\retoPescanova\frontend\.next\server\webpack-runtime.js:25:42)
    at eval (webpack-internal:///(rsc)/./node_modules/next/dist/build/webpack/loaders/next-app-loader/index.js?name=app%2Ftraining%2Fpage&page=%2Ftraining%2Fpage&appPaths=%2Ftraining%2Fpage&pagePath=private-next-app-dir%2Ftraining%2Fpage.tsx&appDir=C%3A%5CUsers%5CUsuario%5CDocuments%5CProjects%5CretoPescanova%5Cfrontend%5Capp&pageExtensions=tsx&pageExtensions=ts&pageExtensions=jsx&pageExtensions=js&rootDir=C%3A%5CUsers%5CUsuario%5CDocuments%5CProjects%5CretoPescanova%5Cfrontend&isDev=true&tsconfigPath=tsconfig.json&basePath=&assetPrefix=&nextConfigOutput=standalone&preferredRegion=&middlewareConfig=e30%3D&isGlobalNotFoundEnabled=!:28:103)
    at <unknown> (rsc)/./node_modules/next/dist/build/webpack/loaders/next-app-loader/index.js?name=app%2Ftraining%2Fpage&page=%2Ftraining%2Fpage&appPaths=%2Ftraining%2Fpage&pagePath=private-next-app-dir%2Ftraining%2Fpage.tsx&appDir=C%3A%5CUsers%5CUsuario%5CDocuments%5CProjects%5CretoPescanova%5Cfrontend%5Capp&pageExtensions=tsx&pageExtensions=ts&pageExtensions=jsx&pageExtensions=js&rootDir=C%3A%5CUsers%5CUsuario%5CDocuments%5CProjects%5CretoPescanova%5Cfrontend&isDev=true&tsconfigPath=tsconfig.json&basePath=&assetPrefix=&nextConfigOutput=standalone&preferredRegion=&middlewareConfig=e30%3D&isGlobalNotFoundEnabled=! (C:\Users\Usuario\Documents\Projects\retoPescanova\frontend\.next\server\app\training\page.js:66:1)
    at __webpack_require__ (file://C:\Users\Usuario\Documents\Projects\retoPescanova\frontend\.next\server\webpack-runtime.js:25:42)
    at __webpack_exec__ (file://C:\Users\Usuario\Documents\Projects\retoPescanova\frontend\.next\server\app\training\page.js:433:39)
    at <unknown> (file://C:\Users\Usuario\Documents\Projects\retoPescanova\frontend\.next\server\app\training\page.js:434:268)
    at __webpack_require__.X (file://C:\Users\Usuario\Documents\Projects\retoPescanova\frontend\.next\server\webpack-runtime.js:155:21)
    at <unknown> (file://C:\Users\Usuario\Documents\Projects\retoPescanova\frontend\.next\server\app\training\page.js:434:47)
    at Object.<anonymous> (file://C:\Users\Usuario\Documents\Projects\retoPescanova\frontend\.next\server\app\training\page.js:437:3)
    at Module._compile (node:internal/modules/cjs/loader:1730:14)
    at Object..js (node:internal/modules/cjs/loader:1895:10)
    at Module.load (node:internal/modules/cjs/loader:1465:32)
    at Function._load (node:internal/modules/cjs/loader:1282:12)
    at TracingChannel.traceSync (node:diagnostics_channel:322:14)
    at wrapModuleLoad (node:internal/modules/cjs/loader:235:24)
    at Module.<anonymous> (node:internal/modules/cjs/loader:1487:12)
    at mod.require (file://C:\Users\Usuario\Documents\Projects\retoPescanova\frontend\node_modules\next\dist\server\require-hook.js:68:28)
    at require (node:internal/modules/helpers:135:16)
    at requirePage (file://C:\Users\Usuario\Documents\Projects\retoPescanova\frontend\node_modules\next\dist\server\require.js:99:80)
    at loadComponentsImpl (file://C:\Users\Usuario\Documents\Projects\retoPescanova\frontend\node_modules\next\dist\server\load-components.js:132:57)
    at async DevServer.findPageComponentsImpl (file://C:\Users\Usuario\Documents\Projects\retoPescanova\frontend\node_modules\next\dist\server\next-server.js:900:36)
    at async DevServer.findPageComponents (file://C:\Users\Usuario\Documents\Projects\retoPescanova\frontend\node_modules\next\dist\server\dev\next-dev-server.js:706:16)
    at async DevServer.renderPageComponent (file://C:\Users\Usuario\Documents\Projects\retoPescanova\frontend\node_modules\next\dist\server\base-server.js:1468:24)
    at async DevServer.renderToResponseImpl (file://C:\Users\Usuario\Documents\Projects\retoPescanova\frontend\node_modules\next\dist\server\base-server.js:1522:32)
    at async DevServer.pipeImpl (file://C:\Users\Usuario\Documents\Projects\retoPescanova\frontend\node_modules\next\dist\server\base-server.js:1026:25)
    at async NextNodeServer.handleCatchallRenderRequest (file://C:\Users\Usuario\Documents\Projects\retoPescanova\frontend\node_modules\next\dist\server\next-server.js:394:17)
    at async DevServer.handleRequestImpl (file://C:\Users\Usuario\Documents\Projects\retoPescanova\frontend\node_modules\next\dist\server\base-server.js:917:17)
    at async (file://C:\Users\Usuario\Documents\Projects\retoPescanova\frontend\node_modules\next\dist\server\dev\next-dev-server.js:400:20)
    at async Span.traceAsyncFn (file://C:\Users\Usuario\Documents\Projects\retoPescanova\frontend\node_modules\next\dist\trace\trace.js:157:20)
    at async DevServer.handleRequest (file://C:\Users\Usuario\Documents\Projects\retoPescanova\frontend\node_modules\next\dist\server\dev\next-dev-server.js:396:24)
    at async invokeRender (file://C:\Users\Usuario\Documents\Projects\retoPescanova\frontend\node_modules\next\dist\server\lib\router-server.js:240:21)
    at async handleRequest (file://C:\Users\Usuario\Documents\Projects\retoPescanova\frontend\node_modules\next\dist\server\lib\router-server.js:437:24)
    at async requestHandlerImpl (file://C:\Users\Usuario\Documents\Projects\retoPescanova\frontend\node_modules\next\dist\server\lib\router-server.js:485:13)
    at async Server.requestListener (file://C:\Users\Usuario\Documents\Projects\retoPescanova\frontend\node_modules\next\dist\server\lib\start-server.js:226:13)
[  102291ms] [LOG] [HMR] connected @ webpack-internal:///(pages-dir-browser)/./node_modules/next/dist/client/dev/hot-reloader/pages/websocket.js:45
[  104189ms] [ERROR] Failed to load resource: the server responded with a status of 404 (Not Found) @ http://localhost:3000/_next/static/webpack/119d7b6dd4a66877.webpack.hot-update.json:0
[  104189ms] [WARNING] [Fast Refresh] performing full reload because your application had an unrecoverable error @ webpack-internal:///(pages-dir-browser)/./node_modules/next/dist/client/dev/hot-reloader/pages/hot-reloader-pages.js:347
[  104530ms] [ERROR] Failed to load resource: the server responded with a status of 500 (Internal Server Error) @ http://localhost:3000/training:0
[  104933ms] [INFO] %cDownload the React DevTools for a better development experience: https://reactjs.org/link/react-devtools font-weight:bold @ webpack-internal:///(pages-dir-browser)/./node_modules/react-dom/cjs/react-dom.development.js:29889
[  104960ms] TypeError: __webpack_modules__[moduleId] is not a function
    at __webpack_require__ (file://C:\Users\Usuario\Documents\Projects\retoPescanova\frontend\.next\server\webpack-runtime.js:25:42)
    at eval (webpack-internal:///(rsc)/./node_modules/next/dist/server/app-render/encryption-utils.js:40:35)
    at <unknown> (rsc)/./node_modules/next/dist/server/app-render/encryption-utils.js (C:\Users\Usuario\Documents\Projects\retoPescanova\frontend\.next\server\vendor-chunks\next.js:1773:1)
    at __webpack_require__ (file://C:\Users\Usuario\Documents\Projects\retoPescanova\frontend\.next\server\webpack-runtime.js:25:42)
    at eval (webpack-internal:///(rsc)/./node_modules/next/dist/build/webpack/loaders/next-app-loader/index.js?name=app%2Ftraining%2Fpage&page=%2Ftraining%2Fpage&appPaths=%2Ftraining%2Fpage&pagePath=private-next-app-dir%2Ftraining%2Fpage.tsx&appDir=C%3A%5CUsers%5CUsuario%5CDocuments%5CProjects%5CretoPescanova%5Cfrontend%5Capp&pageExtensions=tsx&pageExtensions=ts&pageExtensions=jsx&pageExtensions=js&rootDir=C%3A%5CUsers%5CUsuario%5CDocuments%5CProjects%5CretoPescanova%5Cfrontend&isDev=true&tsconfigPath=tsconfig.json&basePath=&assetPrefix=&nextConfigOutput=standalone&preferredRegion=&middlewareConfig=e30%3D&isGlobalNotFoundEnabled=!:28:103)
    at <unknown> (rsc)/./node_modules/next/dist/build/webpack/loaders/next-app-loader/index.js?name=app%2Ftraining%2Fpage&page=%2Ftraining%2Fpage&appPaths=%2Ftraining%2Fpage&pagePath=private-next-app-dir%2Ftraining%2Fpage.tsx&appDir=C%3A%5CUsers%5CUsuario%5CDocuments%5CProjects%5CretoPescanova%5Cfrontend%5Capp&pageExtensions=tsx&pageExtensions=ts&pageExtensions=jsx&pageExtensions=js&rootDir=C%3A%5CUsers%5CUsuario%5CDocuments%5CProjects%5CretoPescanova%5Cfrontend&isDev=true&tsconfigPath=tsconfig.json&basePath=&assetPrefix=&nextConfigOutput=standalone&preferredRegion=&middlewareConfig=e30%3D&isGlobalNotFoundEnabled=! (C:\Users\Usuario\Documents\Projects\retoPescanova\frontend\.next\server\app\training\page.js:66:1)
    at __webpack_require__ (file://C:\Users\Usuario\Documents\Projects\retoPescanova\frontend\.next\server\webpack-runtime.js:25:42)
    at __webpack_exec__ (file://C:\Users\Usuario\Documents\Projects\retoPescanova\frontend\.next\server\app\training\page.js:433:39)
    at <unknown> (file://C:\Users\Usuario\Documents\Projects\retoPescanova\frontend\.next\server\app\training\page.js:434:268)
    at __webpack_require__.X (file://C:\Users\Usuario\Documents\Projects\retoPescanova\frontend\.next\server\webpack-runtime.js:155:21)
    at <unknown> (file://C:\Users\Usuario\Documents\Projects\retoPescanova\frontend\.next\server\app\training\page.js:434:47)
    at Object.<anonymous> (file://C:\Users\Usuario\Documents\Projects\retoPescanova\frontend\.next\server\app\training\page.js:437:3)
    at Module._compile (node:internal/modules/cjs/loader:1730:14)
    at Object..js (node:internal/modules/cjs/loader:1895:10)
    at Module.load (node:internal/modules/cjs/loader:1465:32)
    at Function._load (node:internal/modules/cjs/loader:1282:12)
    at TracingChannel.traceSync (node:diagnostics_channel:322:14)
    at wrapModuleLoad (node:internal/modules/cjs/loader:235:24)
    at Module.<anonymous> (node:internal/modules/cjs/loader:1487:12)
    at mod.require (file://C:\Users\Usuario\Documents\Projects\retoPescanova\frontend\node_modules\next\dist\server\require-hook.js:68:28)
    at require (node:internal/modules/helpers:135:16)
    at requirePage (file://C:\Users\Usuario\Documents\Projects\retoPescanova\frontend\node_modules\next\dist\server\require.js:99:80)
    at loadComponentsImpl (file://C:\Users\Usuario\Documents\Projects\retoPescanova\frontend\node_modules\next\dist\server\load-components.js:132:57)
    at async DevServer.findPageComponentsImpl (file://C:\Users\Usuario\Documents\Projects\retoPescanova\frontend\node_modules\next\dist\server\next-server.js:900:36)
    at async DevServer.findPageComponents (file://C:\Users\Usuario\Documents\Projects\retoPescanova\frontend\node_modules\next\dist\server\dev\next-dev-server.js:706:16)
    at async DevServer.renderPageComponent (file://C:\Users\Usuario\Documents\Projects\retoPescanova\frontend\node_modules\next\dist\server\base-server.js:1468:24)
    at async DevServer.renderToResponseImpl (file://C:\Users\Usuario\Documents\Projects\retoPescanova\frontend\node_modules\next\dist\server\base-server.js:1522:32)
    at async DevServer.pipeImpl (file://C:\Users\Usuario\Documents\Projects\retoPescanova\frontend\node_modules\next\dist\server\base-server.js:1026:25)
    at async NextNodeServer.handleCatchallRenderRequest (file://C:\Users\Usuario\Documents\Projects\retoPescanova\frontend\node_modules\next\dist\server\next-server.js:394:17)
    at async DevServer.handleRequestImpl (file://C:\Users\Usuario\Documents\Projects\retoPescanova\frontend\node_modules\next\dist\server\base-server.js:917:17)
    at async (file://C:\Users\Usuario\Documents\Projects\retoPescanova\frontend\node_modules\next\dist\server\dev\next-dev-server.js:400:20)
    at async Span.traceAsyncFn (file://C:\Users\Usuario\Documents\Projects\retoPescanova\frontend\node_modules\next\dist\trace\trace.js:157:20)
    at async DevServer.handleRequest (file://C:\Users\Usuario\Documents\Projects\retoPescanova\frontend\node_modules\next\dist\server\dev\next-dev-server.js:396:24)
    at async invokeRender (file://C:\Users\Usuario\Documents\Projects\retoPescanova\frontend\node_modules\next\dist\server\lib\router-server.js:240:21)
    at async handleRequest (file://C:\Users\Usuario\Documents\Projects\retoPescanova\frontend\node_modules\next\dist\server\lib\router-server.js:437:24)
    at async requestHandlerImpl (file://C:\Users\Usuario\Documents\Projects\retoPescanova\frontend\node_modules\next\dist\server\lib\router-server.js:485:13)
    at async Server.requestListener (file://C:\Users\Usuario\Documents\Projects\retoPescanova\frontend\node_modules\next\dist\server\lib\start-server.js:226:13)
[  104959ms] [LOG] [HMR] connected @ webpack-internal:///(pages-dir-browser)/./node_modules/next/dist/client/dev/hot-reloader/pages/websocket.js:45
[  105802ms] [ERROR] Failed to load resource: the server responded with a status of 404 (Not Found) @ http://localhost:3000/_next/static/webpack/119d7b6dd4a66877.webpack.hot-update.json:0
[  105802ms] [WARNING] [Fast Refresh] performing full reload because your application had an unrecoverable error @ webpack-internal:///(pages-dir-browser)/./node_modules/next/dist/client/dev/hot-reloader/pages/hot-reloader-pages.js:347
[  106101ms] [ERROR] Failed to load resource: the server responded with a status of 500 (Internal Server Error) @ http://localhost:3000/training:0
[  106702ms] [INFO] %cDownload the React DevTools for a better development experience: https://reactjs.org/link/react-devtools font-weight:bold @ webpack-internal:///(pages-dir-browser)/./node_modules/react-dom/cjs/react-dom.development.js:29889
[  106723ms] TypeError: __webpack_modules__[moduleId] is not a function
    at __webpack_require__ (file://C:\Users\Usuario\Documents\Projects\retoPescanova\frontend\.next\server\webpack-runtime.js:25:42)
    at eval (webpack-internal:///(rsc)/./node_modules/next/dist/server/app-render/encryption-utils.js:40:35)
    at <unknown> (rsc)/./node_modules/next/dist/server/app-render/encryption-utils.js (C:\Users\Usuario\Documents\Projects\retoPescanova\frontend\.next\server\vendor-chunks\next.js:1773:1)
    at __webpack_require__ (file://C:\Users\Usuario\Documents\Projects\retoPescanova\frontend\.next\server\webpack-runtime.js:25:42)
    at eval (webpack-internal:///(rsc)/./node_modules/next/dist/build/webpack/loaders/next-app-loader/index.js?name=app%2Ftraining%2Fpage&page=%2Ftraining%2Fpage&appPaths=%2Ftraining%2Fpage&pagePath=private-next-app-dir%2Ftraining%2Fpage.tsx&appDir=C%3A%5CUsers%5CUsuario%5CDocuments%5CProjects%5CretoPescanova%5Cfrontend%5Capp&pageExtensions=tsx&pageExtensions=ts&pageExtensions=jsx&pageExtensions=js&rootDir=C%3A%5CUsers%5CUsuario%5CDocuments%5CProjects%5CretoPescanova%5Cfrontend&isDev=true&tsconfigPath=tsconfig.json&basePath=&assetPrefix=&nextConfigOutput=standalone&preferredRegion=&middlewareConfig=e30%3D&isGlobalNotFoundEnabled=!:28:103)
    at <unknown> (rsc)/./node_modules/next/dist/build/webpack/loaders/next-app-loader/index.js?name=app%2Ftraining%2Fpage&page=%2Ftraining%2Fpage&appPaths=%2Ftraining%2Fpage&pagePath=private-next-app-dir%2Ftraining%2Fpage.tsx&appDir=C%3A%5CUsers%5CUsuario%5CDocuments%5CProjects%5CretoPescanova%5Cfrontend%5Capp&pageExtensions=tsx&pageExtensions=ts&pageExtensions=jsx&pageExtensions=js&rootDir=C%3A%5CUsers%5CUsuario%5CDocuments%5CProjects%5CretoPescanova%5Cfrontend&isDev=true&tsconfigPath=tsconfig.json&basePath=&assetPrefix=&nextConfigOutput=standalone&preferredRegion=&middlewareConfig=e30%3D&isGlobalNotFoundEnabled=! (C:\Users\Usuario\Documents\Projects\retoPescanova\frontend\.next\server\app\training\page.js:66:1)
    at __webpack_require__ (file://C:\Users\Usuario\Documents\Projects\retoPescanova\frontend\.next\server\webpack-runtime.js:25:42)
    at __webpack_exec__ (file://C:\Users\Usuario\Documents\Projects\retoPescanova\frontend\.next\server\app\training\page.js:433:39)
    at <unknown> (file://C:\Users\Usuario\Documents\Projects\retoPescanova\frontend\.next\server\app\training\page.js:434:268)
    at __webpack_require__.X (file://C:\Users\Usuario\Documents\Projects\retoPescanova\frontend\.next\server\webpack-runtime.js:155:21)
    at <unknown> (file://C:\Users\Usuario\Documents\Projects\retoPescanova\frontend\.next\server\app\training\page.js:434:47)
    at Object.<anonymous> (file://C:\Users\Usuario\Documents\Projects\retoPescanova\frontend\.next\server\app\training\page.js:437:3)
    at Module._compile (node:internal/modules/cjs/loader:1730:14)
    at Object..js (node:internal/modules/cjs/loader:1895:10)
    at Module.load (node:internal/modules/cjs/loader:1465:32)
    at Function._load (node:internal/modules/cjs/loader:1282:12)
    at TracingChannel.traceSync (node:diagnostics_channel:322:14)
    at wrapModuleLoad (node:internal/modules/cjs/loader:235:24)
    at Module.<anonymous> (node:internal/modules/cjs/loader:1487:12)
    at mod.require (file://C:\Users\Usuario\Documents\Projects\retoPescanova\frontend\node_modules\next\dist\server\require-hook.js:68:28)
    at require (node:internal/modules/helpers:135:16)
    at requirePage (file://C:\Users\Usuario\Documents\Projects\retoPescanova\frontend\node_modules\next\dist\server\require.js:99:80)
    at loadComponentsImpl (file://C:\Users\Usuario\Documents\Projects\retoPescanova\frontend\node_modules\next\dist\server\load-components.js:132:57)
    at async DevServer.findPageComponentsImpl (file://C:\Users\Usuario\Documents\Projects\retoPescanova\frontend\node_modules\next\dist\server\next-server.js:900:36)
    at async DevServer.findPageComponents (file://C:\Users\Usuario\Documents\Projects\retoPescanova\frontend\node_modules\next\dist\server\dev\next-dev-server.js:706:16)
    at async DevServer.renderPageComponent (file://C:\Users\Usuario\Documents\Projects\retoPescanova\frontend\node_modules\next\dist\server\base-server.js:1468:24)
    at async DevServer.renderToResponseImpl (file://C:\Users\Usuario\Documents\Projects\retoPescanova\frontend\node_modules\next\dist\server\base-server.js:1522:32)
    at async DevServer.pipeImpl (file://C:\Users\Usuario\Documents\Projects\retoPescanova\frontend\node_modules\next\dist\server\base-server.js:1026:25)
    at async NextNodeServer.handleCatchallRenderRequest (file://C:\Users\Usuario\Documents\Projects\retoPescanova\frontend\node_modules\next\dist\server\next-server.js:394:17)
    at async DevServer.handleRequestImpl (file://C:\Users\Usuario\Documents\Projects\retoPescanova\frontend\node_modules\next\dist\server\base-server.js:917:17)
    at async (file://C:\Users\Usuario\Documents\Projects\retoPescanova\frontend\node_modules\next\dist\server\dev\next-dev-server.js:400:20)
    at async Span.traceAsyncFn (file://C:\Users\Usuario\Documents\Projects\retoPescanova\frontend\node_modules\next\dist\trace\trace.js:157:20)
    at async DevServer.handleRequest (file://C:\Users\Usuario\Documents\Projects\retoPescanova\frontend\node_modules\next\dist\server\dev\next-dev-server.js:396:24)
    at async invokeRender (file://C:\Users\Usuario\Documents\Projects\retoPescanova\frontend\node_modules\next\dist\server\lib\router-server.js:240:21)
    at async handleRequest (file://C:\Users\Usuario\Documents\Projects\retoPescanova\frontend\node_modules\next\dist\server\lib\router-server.js:437:24)
    at async requestHandlerImpl (file://C:\Users\Usuario\Documents\Projects\retoPescanova\frontend\node_modules\next\dist\server\lib\router-server.js:485:13)
    at async Server.requestListener (file://C:\Users\Usuario\Documents\Projects\retoPescanova\frontend\node_modules\next\dist\server\lib\start-server.js:226:13)
[  106723ms] [LOG] [HMR] connected @ webpack-internal:///(pages-dir-browser)/./node_modules/next/dist/client/dev/hot-reloader/pages/websocket.js:45
[  108478ms] [ERROR] Failed to load resource: the server responded with a status of 404 (Not Found) @ http://localhost:3000/_next/static/webpack/119d7b6dd4a66877.webpack.hot-update.json:0
[  108478ms] [WARNING] [Fast Refresh] performing full reload because your application had an unrecoverable error @ webpack-internal:///(pages-dir-browser)/./node_modules/next/dist/client/dev/hot-reloader/pages/hot-reloader-pages.js:347
[  108822ms] [ERROR] Failed to load resource: the server responded with a status of 500 (Internal Server Error) @ http://localhost:3000/training:0
[  109237ms] [INFO] %cDownload the React DevTools for a better development experience: https://reactjs.org/link/react-devtools font-weight:bold @ webpack-internal:///(pages-dir-browser)/./node_modules/react-dom/cjs/react-dom.development.js:29889
[  109262ms] TypeError: __webpack_modules__[moduleId] is not a function
    at __webpack_require__ (file://C:\Users\Usuario\Documents\Projects\retoPescanova\frontend\.next\server\webpack-runtime.js:25:42)
    at eval (webpack-internal:///(rsc)/./node_modules/next/dist/server/app-render/encryption-utils.js:40:35)
    at <unknown> (rsc)/./node_modules/next/dist/server/app-render/encryption-utils.js (C:\Users\Usuario\Documents\Projects\retoPescanova\frontend\.next\server\vendor-chunks\next.js:1773:1)
    at __webpack_require__ (file://C:\Users\Usuario\Documents\Projects\retoPescanova\frontend\.next\server\webpack-runtime.js:25:42)
    at eval (webpack-internal:///(rsc)/./node_modules/next/dist/build/webpack/loaders/next-app-loader/index.js?name=app%2Ftraining%2Fpage&page=%2Ftraining%2Fpage&appPaths=%2Ftraining%2Fpage&pagePath=private-next-app-dir%2Ftraining%2Fpage.tsx&appDir=C%3A%5CUsers%5CUsuario%5CDocuments%5CProjects%5CretoPescanova%5Cfrontend%5Capp&pageExtensions=tsx&pageExtensions=ts&pageExtensions=jsx&pageExtensions=js&rootDir=C%3A%5CUsers%5CUsuario%5CDocuments%5CProjects%5CretoPescanova%5Cfrontend&isDev=true&tsconfigPath=tsconfig.json&basePath=&assetPrefix=&nextConfigOutput=standalone&preferredRegion=&middlewareConfig=e30%3D&isGlobalNotFoundEnabled=!:28:103)
    at <unknown> (rsc)/./node_modules/next/dist/build/webpack/loaders/next-app-loader/index.js?name=app%2Ftraining%2Fpage&page=%2Ftraining%2Fpage&appPaths=%2Ftraining%2Fpage&pagePath=private-next-app-dir%2Ftraining%2Fpage.tsx&appDir=C%3A%5CUsers%5CUsuario%5CDocuments%5CProjects%5CretoPescanova%5Cfrontend%5Capp&pageExtensions=tsx&pageExtensions=ts&pageExtensions=jsx&pageExtensions=js&rootDir=C%3A%5CUsers%5CUsuario%5CDocuments%5CProjects%5CretoPescanova%5Cfrontend&isDev=true&tsconfigPath=tsconfig.json&basePath=&assetPrefix=&nextConfigOutput=standalone&preferredRegion=&middlewareConfig=e30%3D&isGlobalNotFoundEnabled=! (C:\Users\Usuario\Documents\Projects\retoPescanova\frontend\.next\server\app\training\page.js:66:1)
    at __webpack_require__ (file://C:\Users\Usuario\Documents\Projects\retoPescanova\frontend\.next\server\webpack-runtime.js:25:42)
    at __webpack_exec__ (file://C:\Users\Usuario\Documents\Projects\retoPescanova\frontend\.next\server\app\training\page.js:433:39)
    at <unknown> (file://C:\Users\Usuario\Documents\Projects\retoPescanova\frontend\.next\server\app\training\page.js:434:268)
    at __webpack_require__.X (file://C:\Users\Usuario\Documents\Projects\retoPescanova\frontend\.next\server\webpack-runtime.js:155:21)
    at <unknown> (file://C:\Users\Usuario\Documents\Projects\retoPescanova\frontend\.next\server\app\training\page.js:434:47)
    at Object.<anonymous> (file://C:\Users\Usuario\Documents\Projects\retoPescanova\frontend\.next\server\app\training\page.js:437:3)
    at Module._compile (node:internal/modules/cjs/loader:1730:14)
    at Object..js (node:internal/modules/cjs/loader:1895:10)
    at Module.load (node:internal/modules/cjs/loader:1465:32)
    at Function._load (node:internal/modules/cjs/loader:1282:12)
    at TracingChannel.traceSync (node:diagnostics_channel:322:14)
    at wrapModuleLoad (node:internal/modules/cjs/loader:235:24)
    at Module.<anonymous> (node:internal/modules/cjs/loader:1487:12)
    at mod.require (file://C:\Users\Usuario\Documents\Projects\retoPescanova\frontend\node_modules\next\dist\server\require-hook.js:68:28)
    at require (node:internal/modules/helpers:135:16)
    at requirePage (file://C:\Users\Usuario\Documents\Projects\retoPescanova\frontend\node_modules\next\dist\server\require.js:99:80)
    at loadComponentsImpl (file://C:\Users\Usuario\Documents\Projects\retoPescanova\frontend\node_modules\next\dist\server\load-components.js:132:57)
    at async DevServer.findPageComponentsImpl (file://C:\Users\Usuario\Documents\Projects\retoPescanova\frontend\node_modules\next\dist\server\next-server.js:900:36)
    at async DevServer.findPageComponents (file://C:\Users\Usuario\Documents\Projects\retoPescanova\frontend\node_modules\next\dist\server\dev\next-dev-server.js:706:16)
    at async DevServer.renderPageComponent (file://C:\Users\Usuario\Documents\Projects\retoPescanova\frontend\node_modules\next\dist\server\base-server.js:1468:24)
    at async DevServer.renderToResponseImpl (file://C:\Users\Usuario\Documents\Projects\retoPescanova\frontend\node_modules\next\dist\server\base-server.js:1522:32)
    at async DevServer.pipeImpl (file://C:\Users\Usuario\Documents\Projects\retoPescanova\frontend\node_modules\next\dist\server\base-server.js:1026:25)
    at async NextNodeServer.handleCatchallRenderRequest (file://C:\Users\Usuario\Documents\Projects\retoPescanova\frontend\node_modules\next\dist\server\next-server.js:394:17)
    at async DevServer.handleRequestImpl (file://C:\Users\Usuario\Documents\Projects\retoPescanova\frontend\node_modules\next\dist\server\base-server.js:917:17)
    at async (file://C:\Users\Usuario\Documents\Projects\retoPescanova\frontend\node_modules\next\dist\server\dev\next-dev-server.js:400:20)
    at async Span.traceAsyncFn (file://C:\Users\Usuario\Documents\Projects\retoPescanova\frontend\node_modules\next\dist\trace\trace.js:157:20)
    at async DevServer.handleRequest (file://C:\Users\Usuario\Documents\Projects\retoPescanova\frontend\node_modules\next\dist\server\dev\next-dev-server.js:396:24)
    at async invokeRender (file://C:\Users\Usuario\Documents\Projects\retoPescanova\frontend\node_modules\next\dist\server\lib\router-server.js:240:21)
    at async handleRequest (file://C:\Users\Usuario\Documents\Projects\retoPescanova\frontend\node_modules\next\dist\server\lib\router-server.js:437:24)
    at async requestHandlerImpl (file://C:\Users\Usuario\Documents\Projects\retoPescanova\frontend\node_modules\next\dist\server\lib\router-server.js:485:13)
    at async Server.requestListener (file://C:\Users\Usuario\Documents\Projects\retoPescanova\frontend\node_modules\next\dist\server\lib\start-server.js:226:13)
[  109262ms] [LOG] [HMR] connected @ webpack-internal:///(pages-dir-browser)/./node_modules/next/dist/client/dev/hot-reloader/pages/websocket.js:45
[  110102ms] [ERROR] Failed to load resource: the server responded with a status of 404 (Not Found) @ http://localhost:3000/_next/static/webpack/119d7b6dd4a66877.webpack.hot-update.json:0
[  110102ms] [WARNING] [Fast Refresh] performing full reload because your application had an unrecoverable error @ webpack-internal:///(pages-dir-browser)/./node_modules/next/dist/client/dev/hot-reloader/pages/hot-reloader-pages.js:347
[  110399ms] [ERROR] Failed to load resource: the server responded with a status of 500 (Internal Server Error) @ http://localhost:3000/training:0
[  110985ms] [INFO] %cDownload the React DevTools for a better development experience: https://reactjs.org/link/react-devtools font-weight:bold @ webpack-internal:///(pages-dir-browser)/./node_modules/react-dom/cjs/react-dom.development.js:29889
[  111009ms] TypeError: __webpack_modules__[moduleId] is not a function
    at __webpack_require__ (file://C:\Users\Usuario\Documents\Projects\retoPescanova\frontend\.next\server\webpack-runtime.js:25:42)
    at eval (webpack-internal:///(rsc)/./node_modules/next/dist/server/app-render/encryption-utils.js:40:35)
    at <unknown> (rsc)/./node_modules/next/dist/server/app-render/encryption-utils.js (C:\Users\Usuario\Documents\Projects\retoPescanova\frontend\.next\server\vendor-chunks\next.js:1773:1)
    at __webpack_require__ (file://C:\Users\Usuario\Documents\Projects\retoPescanova\frontend\.next\server\webpack-runtime.js:25:42)
    at eval (webpack-internal:///(rsc)/./node_modules/next/dist/build/webpack/loaders/next-app-loader/index.js?name=app%2Ftraining%2Fpage&page=%2Ftraining%2Fpage&appPaths=%2Ftraining%2Fpage&pagePath=private-next-app-dir%2Ftraining%2Fpage.tsx&appDir=C%3A%5CUsers%5CUsuario%5CDocuments%5CProjects%5CretoPescanova%5Cfrontend%5Capp&pageExtensions=tsx&pageExtensions=ts&pageExtensions=jsx&pageExtensions=js&rootDir=C%3A%5CUsers%5CUsuario%5CDocuments%5CProjects%5CretoPescanova%5Cfrontend&isDev=true&tsconfigPath=tsconfig.json&basePath=&assetPrefix=&nextConfigOutput=standalone&preferredRegion=&middlewareConfig=e30%3D&isGlobalNotFoundEnabled=!:28:103)
    at <unknown> (rsc)/./node_modules/next/dist/build/webpack/loaders/next-app-loader/index.js?name=app%2Ftraining%2Fpage&page=%2Ftraining%2Fpage&appPaths=%2Ftraining%2Fpage&pagePath=private-next-app-dir%2Ftraining%2Fpage.tsx&appDir=C%3A%5CUsers%5CUsuario%5CDocuments%5CProjects%5CretoPescanova%5Cfrontend%5Capp&pageExtensions=tsx&pageExtensions=ts&pageExtensions=jsx&pageExtensions=js&rootDir=C%3A%5CUsers%5CUsuario%5CDocuments%5CProjects%5CretoPescanova%5Cfrontend&isDev=true&tsconfigPath=tsconfig.json&basePath=&assetPrefix=&nextConfigOutput=standalone&preferredRegion=&middlewareConfig=e30%3D&isGlobalNotFoundEnabled=! (C:\Users\Usuario\Documents\Projects\retoPescanova\frontend\.next\server\app\training\page.js:66:1)
    at __webpack_require__ (file://C:\Users\Usuario\Documents\Projects\retoPescanova\frontend\.next\server\webpack-runtime.js:25:42)
    at __webpack_exec__ (file://C:\Users\Usuario\Documents\Projects\retoPescanova\frontend\.next\server\app\training\page.js:433:39)
    at <unknown> (file://C:\Users\Usuario\Documents\Projects\retoPescanova\frontend\.next\server\app\training\page.js:434:268)
    at __webpack_require__.X (file://C:\Users\Usuario\Documents\Projects\retoPescanova\frontend\.next\server\webpack-runtime.js:155:21)
    at <unknown> (file://C:\Users\Usuario\Documents\Projects\retoPescanova\frontend\.next\server\app\training\page.js:434:47)
    at Object.<anonymous> (file://C:\Users\Usuario\Documents\Projects\retoPescanova\frontend\.next\server\app\training\page.js:437:3)
    at Module._compile (node:internal/modules/cjs/loader:1730:14)
    at Object..js (node:internal/modules/cjs/loader:1895:10)
    at Module.load (node:internal/modules/cjs/loader:1465:32)
    at Function._load (node:internal/modules/cjs/loader:1282:12)
    at TracingChannel.traceSync (node:diagnostics_channel:322:14)
    at wrapModuleLoad (node:internal/modules/cjs/loader:235:24)
    at Module.<anonymous> (node:internal/modules/cjs/loader:1487:12)
    at mod.require (file://C:\Users\Usuario\Documents\Projects\retoPescanova\frontend\node_modules\next\dist\server\require-hook.js:68:28)
    at require (node:internal/modules/helpers:135:16)
    at requirePage (file://C:\Users\Usuario\Documents\Projects\retoPescanova\frontend\node_modules\next\dist\server\require.js:99:80)
    at loadComponentsImpl (file://C:\Users\Usuario\Documents\Projects\retoPescanova\frontend\node_modules\next\dist\server\load-components.js:132:57)
    at async DevServer.findPageComponentsImpl (file://C:\Users\Usuario\Documents\Projects\retoPescanova\frontend\node_modules\next\dist\server\next-server.js:900:36)
    at async DevServer.findPageComponents (file://C:\Users\Usuario\Documents\Projects\retoPescanova\frontend\node_modules\next\dist\server\dev\next-dev-server.js:706:16)
    at async DevServer.renderPageComponent (file://C:\Users\Usuario\Documents\Projects\retoPescanova\frontend\node_modules\next\dist\server\base-server.js:1468:24)
    at async DevServer.renderToResponseImpl (file://C:\Users\Usuario\Documents\Projects\retoPescanova\frontend\node_modules\next\dist\server\base-server.js:1522:32)
    at async DevServer.pipeImpl (file://C:\Users\Usuario\Documents\Projects\retoPescanova\frontend\node_modules\next\dist\server\base-server.js:1026:25)
    at async NextNodeServer.handleCatchallRenderRequest (file://C:\Users\Usuario\Documents\Projects\retoPescanova\frontend\node_modules\next\dist\server\next-server.js:394:17)
    at async DevServer.handleRequestImpl (file://C:\Users\Usuario\Documents\Projects\retoPescanova\frontend\node_modules\next\dist\server\base-server.js:917:17)
    at async (file://C:\Users\Usuario\Documents\Projects\retoPescanova\frontend\node_modules\next\dist\server\dev\next-dev-server.js:400:20)
    at async Span.traceAsyncFn (file://C:\Users\Usuario\Documents\Projects\retoPescanova\frontend\node_modules\next\dist\trace\trace.js:157:20)
    at async DevServer.handleRequest (file://C:\Users\Usuario\Documents\Projects\retoPescanova\frontend\node_modules\next\dist\server\dev\next-dev-server.js:396:24)
    at async invokeRender (file://C:\Users\Usuario\Documents\Projects\retoPescanova\frontend\node_modules\next\dist\server\lib\router-server.js:240:21)
    at async handleRequest (file://C:\Users\Usuario\Documents\Projects\retoPescanova\frontend\node_modules\next\dist\server\lib\router-server.js:437:24)
    at async requestHandlerImpl (file://C:\Users\Usuario\Documents\Projects\retoPescanova\frontend\node_modules\next\dist\server\lib\router-server.js:485:13)
    at async Server.requestListener (file://C:\Users\Usuario\Documents\Projects\retoPescanova\frontend\node_modules\next\dist\server\lib\start-server.js:226:13)
[  111008ms] [LOG] [HMR] connected @ webpack-internal:///(pages-dir-browser)/./node_modules/next/dist/client/dev/hot-reloader/pages/websocket.js:45
[  112765ms] [ERROR] Failed to load resource: the server responded with a status of 404 (Not Found) @ http://localhost:3000/_next/static/webpack/119d7b6dd4a66877.webpack.hot-update.json:0
[  112765ms] [WARNING] [Fast Refresh] performing full reload because your application had an unrecoverable error @ webpack-internal:///(pages-dir-browser)/./node_modules/next/dist/client/dev/hot-reloader/pages/hot-reloader-pages.js:347
[  113112ms] [ERROR] Failed to load resource: the server responded with a status of 500 (Internal Server Error) @ http://localhost:3000/training:0
[  113655ms] [INFO] %cDownload the React DevTools for a better development experience: https://reactjs.org/link/react-devtools font-weight:bold @ webpack-internal:///(pages-dir-browser)/./node_modules/react-dom/cjs/react-dom.development.js:29889
[  113691ms] TypeError: __webpack_modules__[moduleId] is not a function
    at __webpack_require__ (file://C:\Users\Usuario\Documents\Projects\retoPescanova\frontend\.next\server\webpack-runtime.js:25:42)
    at eval (webpack-internal:///(rsc)/./node_modules/next/dist/server/app-render/encryption-utils.js:40:35)
    at <unknown> (rsc)/./node_modules/next/dist/server/app-render/encryption-utils.js (C:\Users\Usuario\Documents\Projects\retoPescanova\frontend\.next\server\vendor-chunks\next.js:1773:1)
    at __webpack_require__ (file://C:\Users\Usuario\Documents\Projects\retoPescanova\frontend\.next\server\webpack-runtime.js:25:42)
    at eval (webpack-internal:///(rsc)/./node_modules/next/dist/build/webpack/loaders/next-app-loader/index.js?name=app%2Ftraining%2Fpage&page=%2Ftraining%2Fpage&appPaths=%2Ftraining%2Fpage&pagePath=private-next-app-dir%2Ftraining%2Fpage.tsx&appDir=C%3A%5CUsers%5CUsuario%5CDocuments%5CProjects%5CretoPescanova%5Cfrontend%5Capp&pageExtensions=tsx&pageExtensions=ts&pageExtensions=jsx&pageExtensions=js&rootDir=C%3A%5CUsers%5CUsuario%5CDocuments%5CProjects%5CretoPescanova%5Cfrontend&isDev=true&tsconfigPath=tsconfig.json&basePath=&assetPrefix=&nextConfigOutput=standalone&preferredRegion=&middlewareConfig=e30%3D&isGlobalNotFoundEnabled=!:28:103)
    at <unknown> (rsc)/./node_modules/next/dist/build/webpack/loaders/next-app-loader/index.js?name=app%2Ftraining%2Fpage&page=%2Ftraining%2Fpage&appPaths=%2Ftraining%2Fpage&pagePath=private-next-app-dir%2Ftraining%2Fpage.tsx&appDir=C%3A%5CUsers%5CUsuario%5CDocuments%5CProjects%5CretoPescanova%5Cfrontend%5Capp&pageExtensions=tsx&pageExtensions=ts&pageExtensions=jsx&pageExtensions=js&rootDir=C%3A%5CUsers%5CUsuario%5CDocuments%5CProjects%5CretoPescanova%5Cfrontend&isDev=true&tsconfigPath=tsconfig.json&basePath=&assetPrefix=&nextConfigOutput=standalone&preferredRegion=&middlewareConfig=e30%3D&isGlobalNotFoundEnabled=! (C:\Users\Usuario\Documents\Projects\retoPescanova\frontend\.next\server\app\training\page.js:66:1)
    at __webpack_require__ (file://C:\Users\Usuario\Documents\Projects\retoPescanova\frontend\.next\server\webpack-runtime.js:25:42)
    at __webpack_exec__ (file://C:\Users\Usuario\Documents\Projects\retoPescanova\frontend\.next\server\app\training\page.js:433:39)
    at <unknown> (file://C:\Users\Usuario\Documents\Projects\retoPescanova\frontend\.next\server\app\training\page.js:434:268)
    at __webpack_require__.X (file://C:\Users\Usuario\Documents\Projects\retoPescanova\frontend\.next\server\webpack-runtime.js:155:21)
    at <unknown> (file://C:\Users\Usuario\Documents\Projects\retoPescanova\frontend\.next\server\app\training\page.js:434:47)
    at Object.<anonymous> (file://C:\Users\Usuario\Documents\Projects\retoPescanova\frontend\.next\server\app\training\page.js:437:3)
    at Module._compile (node:internal/modules/cjs/loader:1730:14)
    at Object..js (node:internal/modules/cjs/loader:1895:10)
    at Module.load (node:internal/modules/cjs/loader:1465:32)
    at Function._load (node:internal/modules/cjs/loader:1282:12)
    at TracingChannel.traceSync (node:diagnostics_channel:322:14)
    at wrapModuleLoad (node:internal/modules/cjs/loader:235:24)
    at Module.<anonymous> (node:internal/modules/cjs/loader:1487:12)
    at mod.require (file://C:\Users\Usuario\Documents\Projects\retoPescanova\frontend\node_modules\next\dist\server\require-hook.js:68:28)
    at require (node:internal/modules/helpers:135:16)
    at requirePage (file://C:\Users\Usuario\Documents\Projects\retoPescanova\frontend\node_modules\next\dist\server\require.js:99:80)
    at loadComponentsImpl (file://C:\Users\Usuario\Documents\Projects\retoPescanova\frontend\node_modules\next\dist\server\load-components.js:132:57)
    at async DevServer.findPageComponentsImpl (file://C:\Users\Usuario\Documents\Projects\retoPescanova\frontend\node_modules\next\dist\server\next-server.js:900:36)
    at async DevServer.findPageComponents (file://C:\Users\Usuario\Documents\Projects\retoPescanova\frontend\node_modules\next\dist\server\dev\next-dev-server.js:706:16)
    at async DevServer.renderPageComponent (file://C:\Users\Usuario\Documents\Projects\retoPescanova\frontend\node_modules\next\dist\server\base-server.js:1468:24)
    at async DevServer.renderToResponseImpl (file://C:\Users\Usuario\Documents\Projects\retoPescanova\frontend\node_modules\next\dist\server\base-server.js:1522:32)
    at async DevServer.pipeImpl (file://C:\Users\Usuario\Documents\Projects\retoPescanova\frontend\node_modules\next\dist\server\base-server.js:1026:25)
    at async NextNodeServer.handleCatchallRenderRequest (file://C:\Users\Usuario\Documents\Projects\retoPescanova\frontend\node_modules\next\dist\server\next-server.js:394:17)
    at async DevServer.handleRequestImpl (file://C:\Users\Usuario\Documents\Projects\retoPescanova\frontend\node_modules\next\dist\server\base-server.js:917:17)
    at async (file://C:\Users\Usuario\Documents\Projects\retoPescanova\frontend\node_modules\next\dist\server\dev\next-dev-server.js:400:20)
    at async Span.traceAsyncFn (file://C:\Users\Usuario\Documents\Projects\retoPescanova\frontend\node_modules\next\dist\trace\trace.js:157:20)
    at async DevServer.handleRequest (file://C:\Users\Usuario\Documents\Projects\retoPescanova\frontend\node_modules\next\dist\server\dev\next-dev-server.js:396:24)
    at async invokeRender (file://C:\Users\Usuario\Documents\Projects\retoPescanova\frontend\node_modules\next\dist\server\lib\router-server.js:240:21)
    at async handleRequest (file://C:\Users\Usuario\Documents\Projects\retoPescanova\frontend\node_modules\next\dist\server\lib\router-server.js:437:24)
    at async requestHandlerImpl (file://C:\Users\Usuario\Documents\Projects\retoPescanova\frontend\node_modules\next\dist\server\lib\router-server.js:485:13)
    at async Server.requestListener (file://C:\Users\Usuario\Documents\Projects\retoPescanova\frontend\node_modules\next\dist\server\lib\start-server.js:226:13)
[  113692ms] [LOG] [HMR] connected @ webpack-internal:///(pages-dir-browser)/./node_modules/next/dist/client/dev/hot-reloader/pages/websocket.js:45
[  115100ms] [ERROR] Failed to load resource: the server responded with a status of 404 (Not Found) @ http://localhost:3000/_next/static/webpack/119d7b6dd4a66877.webpack.hot-update.json:0
[  115100ms] [WARNING] [Fast Refresh] performing full reload because your application had an unrecoverable error @ webpack-internal:///(pages-dir-browser)/./node_modules/next/dist/client/dev/hot-reloader/pages/hot-reloader-pages.js:347
[  115545ms] [ERROR] Failed to load resource: the server responded with a status of 500 (Internal Server Error) @ http://localhost:3000/training:0
[  115914ms] [INFO] %cDownload the React DevTools for a better development experience: https://reactjs.org/link/react-devtools font-weight:bold @ webpack-internal:///(pages-dir-browser)/./node_modules/react-dom/cjs/react-dom.development.js:29889
[  115936ms] TypeError: __webpack_modules__[moduleId] is not a function
    at __webpack_require__ (file://C:\Users\Usuario\Documents\Projects\retoPescanova\frontend\.next\server\webpack-runtime.js:25:42)
    at eval (webpack-internal:///(rsc)/./node_modules/next/dist/server/app-render/encryption-utils.js:40:35)
    at <unknown> (rsc)/./node_modules/next/dist/server/app-render/encryption-utils.js (C:\Users\Usuario\Documents\Projects\retoPescanova\frontend\.next\server\vendor-chunks\next.js:1773:1)
    at __webpack_require__ (file://C:\Users\Usuario\Documents\Projects\retoPescanova\frontend\.next\server\webpack-runtime.js:25:42)
    at eval (webpack-internal:///(rsc)/./node_modules/next/dist/build/webpack/loaders/next-app-loader/index.js?name=app%2Ftraining%2Fpage&page=%2Ftraining%2Fpage&appPaths=%2Ftraining%2Fpage&pagePath=private-next-app-dir%2Ftraining%2Fpage.tsx&appDir=C%3A%5CUsers%5CUsuario%5CDocuments%5CProjects%5CretoPescanova%5Cfrontend%5Capp&pageExtensions=tsx&pageExtensions=ts&pageExtensions=jsx&pageExtensions=js&rootDir=C%3A%5CUsers%5CUsuario%5CDocuments%5CProjects%5CretoPescanova%5Cfrontend&isDev=true&tsconfigPath=tsconfig.json&basePath=&assetPrefix=&nextConfigOutput=standalone&preferredRegion=&middlewareConfig=e30%3D&isGlobalNotFoundEnabled=!:28:103)
    at <unknown> (rsc)/./node_modules/next/dist/build/webpack/loaders/next-app-loader/index.js?name=app%2Ftraining%2Fpage&page=%2Ftraining%2Fpage&appPaths=%2Ftraining%2Fpage&pagePath=private-next-app-dir%2Ftraining%2Fpage.tsx&appDir=C%3A%5CUsers%5CUsuario%5CDocuments%5CProjects%5CretoPescanova%5Cfrontend%5Capp&pageExtensions=tsx&pageExtensions=ts&pageExtensions=jsx&pageExtensions=js&rootDir=C%3A%5CUsers%5CUsuario%5CDocuments%5CProjects%5CretoPescanova%5Cfrontend&isDev=true&tsconfigPath=tsconfig.json&basePath=&assetPrefix=&nextConfigOutput=standalone&preferredRegion=&middlewareConfig=e30%3D&isGlobalNotFoundEnabled=! (C:\Users\Usuario\Documents\Projects\retoPescanova\frontend\.next\server\app\training\page.js:66:1)
    at __webpack_require__ (file://C:\Users\Usuario\Documents\Projects\retoPescanova\frontend\.next\server\webpack-runtime.js:25:42)
    at __webpack_exec__ (file://C:\Users\Usuario\Documents\Projects\retoPescanova\frontend\.next\server\app\training\page.js:433:39)
    at <unknown> (file://C:\Users\Usuario\Documents\Projects\retoPescanova\frontend\.next\server\app\training\page.js:434:268)
    at __webpack_require__.X (file://C:\Users\Usuario\Documents\Projects\retoPescanova\frontend\.next\server\webpack-runtime.js:155:21)
    at <unknown> (file://C:\Users\Usuario\Documents\Projects\retoPescanova\frontend\.next\server\app\training\page.js:434:47)
    at Object.<anonymous> (file://C:\Users\Usuario\Documents\Projects\retoPescanova\frontend\.next\server\app\training\page.js:437:3)
    at Module._compile (node:internal/modules/cjs/loader:1730:14)
    at Object..js (node:internal/modules/cjs/loader:1895:10)
    at Module.load (node:internal/modules/cjs/loader:1465:32)
    at Function._load (node:internal/modules/cjs/loader:1282:12)
    at TracingChannel.traceSync (node:diagnostics_channel:322:14)
    at wrapModuleLoad (node:internal/modules/cjs/loader:235:24)
    at Module.<anonymous> (node:internal/modules/cjs/loader:1487:12)
    at mod.require (file://C:\Users\Usuario\Documents\Projects\retoPescanova\frontend\node_modules\next\dist\server\require-hook.js:68:28)
    at require (node:internal/modules/helpers:135:16)
    at requirePage (file://C:\Users\Usuario\Documents\Projects\retoPescanova\frontend\node_modules\next\dist\server\require.js:99:80)
    at loadComponentsImpl (file://C:\Users\Usuario\Documents\Projects\retoPescanova\frontend\node_modules\next\dist\server\load-components.js:132:57)
    at async DevServer.findPageComponentsImpl (file://C:\Users\Usuario\Documents\Projects\retoPescanova\frontend\node_modules\next\dist\server\next-server.js:900:36)
    at async DevServer.findPageComponents (file://C:\Users\Usuario\Documents\Projects\retoPescanova\frontend\node_modules\next\dist\server\dev\next-dev-server.js:706:16)
    at async DevServer.renderPageComponent (file://C:\Users\Usuario\Documents\Projects\retoPescanova\frontend\node_modules\next\dist\server\base-server.js:1468:24)
    at async DevServer.renderToResponseImpl (file://C:\Users\Usuario\Documents\Projects\retoPescanova\frontend\node_modules\next\dist\server\base-server.js:1522:32)
    at async DevServer.pipeImpl (file://C:\Users\Usuario\Documents\Projects\retoPescanova\frontend\node_modules\next\dist\server\base-server.js:1026:25)
    at async NextNodeServer.handleCatchallRenderRequest (file://C:\Users\Usuario\Documents\Projects\retoPescanova\frontend\node_modules\next\dist\server\next-server.js:394:17)
    at async DevServer.handleRequestImpl (file://C:\Users\Usuario\Documents\Projects\retoPescanova\frontend\node_modules\next\dist\server\base-server.js:917:17)
    at async (file://C:\Users\Usuario\Documents\Projects\retoPescanova\frontend\node_modules\next\dist\server\dev\next-dev-server.js:400:20)
    at async Span.traceAsyncFn (file://C:\Users\Usuario\Documents\Projects\retoPescanova\frontend\node_modules\next\dist\trace\trace.js:157:20)
    at async DevServer.handleRequest (file://C:\Users\Usuario\Documents\Projects\retoPescanova\frontend\node_modules\next\dist\server\dev\next-dev-server.js:396:24)
    at async invokeRender (file://C:\Users\Usuario\Documents\Projects\retoPescanova\frontend\node_modules\next\dist\server\lib\router-server.js:240:21)
    at async handleRequest (file://C:\Users\Usuario\Documents\Projects\retoPescanova\frontend\node_modules\next\dist\server\lib\router-server.js:437:24)
    at async requestHandlerImpl (file://C:\Users\Usuario\Documents\Projects\retoPescanova\frontend\node_modules\next\dist\server\lib\router-server.js:485:13)
    at async Server.requestListener (file://C:\Users\Usuario\Documents\Projects\retoPescanova\frontend\node_modules\next\dist\server\lib\start-server.js:226:13)
[  115937ms] [LOG] [HMR] connected @ webpack-internal:///(pages-dir-browser)/./node_modules/next/dist/client/dev/hot-reloader/pages/websocket.js:45
[  117712ms] [ERROR] Failed to load resource: the server responded with a status of 404 (Not Found) @ http://localhost:3000/_next/static/webpack/119d7b6dd4a66877.webpack.hot-update.json:0
[  117713ms] [WARNING] [Fast Refresh] performing full reload because your application had an unrecoverable error @ webpack-internal:///(pages-dir-browser)/./node_modules/next/dist/client/dev/hot-reloader/pages/hot-reloader-pages.js:347
[  118004ms] [ERROR] Failed to load resource: the server responded with a status of 500 (Internal Server Error) @ http://localhost:3000/training:0
[  118407ms] [INFO] %cDownload the React DevTools for a better development experience: https://reactjs.org/link/react-devtools font-weight:bold @ webpack-internal:///(pages-dir-browser)/./node_modules/react-dom/cjs/react-dom.development.js:29889
[  118431ms] TypeError: __webpack_modules__[moduleId] is not a function
    at __webpack_require__ (file://C:\Users\Usuario\Documents\Projects\retoPescanova\frontend\.next\server\webpack-runtime.js:25:42)
    at eval (webpack-internal:///(rsc)/./node_modules/next/dist/server/app-render/encryption-utils.js:40:35)
    at <unknown> (rsc)/./node_modules/next/dist/server/app-render/encryption-utils.js (C:\Users\Usuario\Documents\Projects\retoPescanova\frontend\.next\server\vendor-chunks\next.js:1773:1)
    at __webpack_require__ (file://C:\Users\Usuario\Documents\Projects\retoPescanova\frontend\.next\server\webpack-runtime.js:25:42)
    at eval (webpack-internal:///(rsc)/./node_modules/next/dist/build/webpack/loaders/next-app-loader/index.js?name=app%2Ftraining%2Fpage&page=%2Ftraining%2Fpage&appPaths=%2Ftraining%2Fpage&pagePath=private-next-app-dir%2Ftraining%2Fpage.tsx&appDir=C%3A%5CUsers%5CUsuario%5CDocuments%5CProjects%5CretoPescanova%5Cfrontend%5Capp&pageExtensions=tsx&pageExtensions=ts&pageExtensions=jsx&pageExtensions=js&rootDir=C%3A%5CUsers%5CUsuario%5CDocuments%5CProjects%5CretoPescanova%5Cfrontend&isDev=true&tsconfigPath=tsconfig.json&basePath=&assetPrefix=&nextConfigOutput=standalone&preferredRegion=&middlewareConfig=e30%3D&isGlobalNotFoundEnabled=!:28:103)
    at <unknown> (rsc)/./node_modules/next/dist/build/webpack/loaders/next-app-loader/index.js?name=app%2Ftraining%2Fpage&page=%2Ftraining%2Fpage&appPaths=%2Ftraining%2Fpage&pagePath=private-next-app-dir%2Ftraining%2Fpage.tsx&appDir=C%3A%5CUsers%5CUsuario%5CDocuments%5CProjects%5CretoPescanova%5Cfrontend%5Capp&pageExtensions=tsx&pageExtensions=ts&pageExtensions=jsx&pageExtensions=js&rootDir=C%3A%5CUsers%5CUsuario%5CDocuments%5CProjects%5CretoPescanova%5Cfrontend&isDev=true&tsconfigPath=tsconfig.json&basePath=&assetPrefix=&nextConfigOutput=standalone&preferredRegion=&middlewareConfig=e30%3D&isGlobalNotFoundEnabled=! (C:\Users\Usuario\Documents\Projects\retoPescanova\frontend\.next\server\app\training\page.js:66:1)
    at __webpack_require__ (file://C:\Users\Usuario\Documents\Projects\retoPescanova\frontend\.next\server\webpack-runtime.js:25:42)
    at __webpack_exec__ (file://C:\Users\Usuario\Documents\Projects\retoPescanova\frontend\.next\server\app\training\page.js:433:39)
    at <unknown> (file://C:\Users\Usuario\Documents\Projects\retoPescanova\frontend\.next\server\app\training\page.js:434:268)
    at __webpack_require__.X (file://C:\Users\Usuario\Documents\Projects\retoPescanova\frontend\.next\server\webpack-runtime.js:155:21)
    at <unknown> (file://C:\Users\Usuario\Documents\Projects\retoPescanova\frontend\.next\server\app\training\page.js:434:47)
    at Object.<anonymous> (file://C:\Users\Usuario\Documents\Projects\retoPescanova\frontend\.next\server\app\training\page.js:437:3)
    at Module._compile (node:internal/modules/cjs/loader:1730:14)
    at Object..js (node:internal/modules/cjs/loader:1895:10)
    at Module.load (node:internal/modules/cjs/loader:1465:32)
    at Function._load (node:internal/modules/cjs/loader:1282:12)
    at TracingChannel.traceSync (node:diagnostics_channel:322:14)
    at wrapModuleLoad (node:internal/modules/cjs/loader:235:24)
    at Module.<anonymous> (node:internal/modules/cjs/loader:1487:12)
    at mod.require (file://C:\Users\Usuario\Documents\Projects\retoPescanova\frontend\node_modules\next\dist\server\require-hook.js:68:28)
    at require (node:internal/modules/helpers:135:16)
    at requirePage (file://C:\Users\Usuario\Documents\Projects\retoPescanova\frontend\node_modules\next\dist\server\require.js:99:80)
    at loadComponentsImpl (file://C:\Users\Usuario\Documents\Projects\retoPescanova\frontend\node_modules\next\dist\server\load-components.js:132:57)
    at async DevServer.findPageComponentsImpl (file://C:\Users\Usuario\Documents\Projects\retoPescanova\frontend\node_modules\next\dist\server\next-server.js:900:36)
    at async DevServer.findPageComponents (file://C:\Users\Usuario\Documents\Projects\retoPescanova\frontend\node_modules\next\dist\server\dev\next-dev-server.js:706:16)
    at async DevServer.renderPageComponent (file://C:\Users\Usuario\Documents\Projects\retoPescanova\frontend\node_modules\next\dist\server\base-server.js:1468:24)
    at async DevServer.renderToResponseImpl (file://C:\Users\Usuario\Documents\Projects\retoPescanova\frontend\node_modules\next\dist\server\base-server.js:1522:32)
    at async DevServer.pipeImpl (file://C:\Users\Usuario\Documents\Projects\retoPescanova\frontend\node_modules\next\dist\server\base-server.js:1026:25)
    at async NextNodeServer.handleCatchallRenderRequest (file://C:\Users\Usuario\Documents\Projects\retoPescanova\frontend\node_modules\next\dist\server\next-server.js:394:17)
    at async DevServer.handleRequestImpl (file://C:\Users\Usuario\Documents\Projects\retoPescanova\frontend\node_modules\next\dist\server\base-server.js:917:17)
    at async (file://C:\Users\Usuario\Documents\Projects\retoPescanova\frontend\node_modules\next\dist\server\dev\next-dev-server.js:400:20)
    at async Span.traceAsyncFn (file://C:\Users\Usuario\Documents\Projects\retoPescanova\frontend\node_modules\next\dist\trace\trace.js:157:20)
    at async DevServer.handleRequest (file://C:\Users\Usuario\Documents\Projects\retoPescanova\frontend\node_modules\next\dist\server\dev\next-dev-server.js:396:24)
    at async invokeRender (file://C:\Users\Usuario\Documents\Projects\retoPescanova\frontend\node_modules\next\dist\server\lib\router-server.js:240:21)
    at async handleRequest (file://C:\Users\Usuario\Documents\Projects\retoPescanova\frontend\node_modules\next\dist\server\lib\router-server.js:437:24)
    at async requestHandlerImpl (file://C:\Users\Usuario\Documents\Projects\retoPescanova\frontend\node_modules\next\dist\server\lib\router-server.js:485:13)
    at async Server.requestListener (file://C:\Users\Usuario\Documents\Projects\retoPescanova\frontend\node_modules\next\dist\server\lib\start-server.js:226:13)
[  118431ms] [LOG] [HMR] connected @ webpack-internal:///(pages-dir-browser)/./node_modules/next/dist/client/dev/hot-reloader/pages/websocket.js:45
[  119041ms] [ERROR] Failed to load resource: the server responded with a status of 404 (Not Found) @ http://localhost:3000/_next/static/webpack/119d7b6dd4a66877.webpack.hot-update.json:0
[  119041ms] [WARNING] [Fast Refresh] performing full reload because your application had an unrecoverable error @ webpack-internal:///(pages-dir-browser)/./node_modules/next/dist/client/dev/hot-reloader/pages/hot-reloader-pages.js:347
[  119329ms] [ERROR] Failed to load resource: the server responded with a status of 500 (Internal Server Error) @ http://localhost:3000/training:0
[  119949ms] [INFO] %cDownload the React DevTools for a better development experience: https://reactjs.org/link/react-devtools font-weight:bold @ webpack-internal:///(pages-dir-browser)/./node_modules/react-dom/cjs/react-dom.development.js:29889
[  119973ms] TypeError: __webpack_modules__[moduleId] is not a function
    at __webpack_require__ (file://C:\Users\Usuario\Documents\Projects\retoPescanova\frontend\.next\server\webpack-runtime.js:25:42)
    at eval (webpack-internal:///(rsc)/./node_modules/next/dist/server/app-render/encryption-utils.js:40:35)
    at <unknown> (rsc)/./node_modules/next/dist/server/app-render/encryption-utils.js (C:\Users\Usuario\Documents\Projects\retoPescanova\frontend\.next\server\vendor-chunks\next.js:1773:1)
    at __webpack_require__ (file://C:\Users\Usuario\Documents\Projects\retoPescanova\frontend\.next\server\webpack-runtime.js:25:42)
    at eval (webpack-internal:///(rsc)/./node_modules/next/dist/build/webpack/loaders/next-app-loader/index.js?name=app%2Ftraining%2Fpage&page=%2Ftraining%2Fpage&appPaths=%2Ftraining%2Fpage&pagePath=private-next-app-dir%2Ftraining%2Fpage.tsx&appDir=C%3A%5CUsers%5CUsuario%5CDocuments%5CProjects%5CretoPescanova%5Cfrontend%5Capp&pageExtensions=tsx&pageExtensions=ts&pageExtensions=jsx&pageExtensions=js&rootDir=C%3A%5CUsers%5CUsuario%5CDocuments%5CProjects%5CretoPescanova%5Cfrontend&isDev=true&tsconfigPath=tsconfig.json&basePath=&assetPrefix=&nextConfigOutput=standalone&preferredRegion=&middlewareConfig=e30%3D&isGlobalNotFoundEnabled=!:28:103)
    at <unknown> (rsc)/./node_modules/next/dist/build/webpack/loaders/next-app-loader/index.js?name=app%2Ftraining%2Fpage&page=%2Ftraining%2Fpage&appPaths=%2Ftraining%2Fpage&pagePath=private-next-app-dir%2Ftraining%2Fpage.tsx&appDir=C%3A%5CUsers%5CUsuario%5CDocuments%5CProjects%5CretoPescanova%5Cfrontend%5Capp&pageExtensions=tsx&pageExtensions=ts&pageExtensions=jsx&pageExtensions=js&rootDir=C%3A%5CUsers%5CUsuario%5CDocuments%5CProjects%5CretoPescanova%5Cfrontend&isDev=true&tsconfigPath=tsconfig.json&basePath=&assetPrefix=&nextConfigOutput=standalone&preferredRegion=&middlewareConfig=e30%3D&isGlobalNotFoundEnabled=! (C:\Users\Usuario\Documents\Projects\retoPescanova\frontend\.next\server\app\training\page.js:66:1)
    at __webpack_require__ (file://C:\Users\Usuario\Documents\Projects\retoPescanova\frontend\.next\server\webpack-runtime.js:25:42)
    at __webpack_exec__ (file://C:\Users\Usuario\Documents\Projects\retoPescanova\frontend\.next\server\app\training\page.js:433:39)
    at <unknown> (file://C:\Users\Usuario\Documents\Projects\retoPescanova\frontend\.next\server\app\training\page.js:434:268)
    at __webpack_require__.X (file://C:\Users\Usuario\Documents\Projects\retoPescanova\frontend\.next\server\webpack-runtime.js:155:21)
    at <unknown> (file://C:\Users\Usuario\Documents\Projects\retoPescanova\frontend\.next\server\app\training\page.js:434:47)
    at Object.<anonymous> (file://C:\Users\Usuario\Documents\Projects\retoPescanova\frontend\.next\server\app\training\page.js:437:3)
    at Module._compile (node:internal/modules/cjs/loader:1730:14)
    at Object..js (node:internal/modules/cjs/loader:1895:10)
    at Module.load (node:internal/modules/cjs/loader:1465:32)
    at Function._load (node:internal/modules/cjs/loader:1282:12)
    at TracingChannel.traceSync (node:diagnostics_channel:322:14)
    at wrapModuleLoad (node:internal/modules/cjs/loader:235:24)
    at Module.<anonymous> (node:internal/modules/cjs/loader:1487:12)
    at mod.require (file://C:\Users\Usuario\Documents\Projects\retoPescanova\frontend\node_modules\next\dist\server\require-hook.js:68:28)
    at require (node:internal/modules/helpers:135:16)
    at requirePage (file://C:\Users\Usuario\Documents\Projects\retoPescanova\frontend\node_modules\next\dist\server\require.js:99:80)
    at loadComponentsImpl (file://C:\Users\Usuario\Documents\Projects\retoPescanova\frontend\node_modules\next\dist\server\load-components.js:132:57)
    at async DevServer.findPageComponentsImpl (file://C:\Users\Usuario\Documents\Projects\retoPescanova\frontend\node_modules\next\dist\server\next-server.js:900:36)
    at async DevServer.findPageComponents (file://C:\Users\Usuario\Documents\Projects\retoPescanova\frontend\node_modules\next\dist\server\dev\next-dev-server.js:706:16)
    at async DevServer.renderPageComponent (file://C:\Users\Usuario\Documents\Projects\retoPescanova\frontend\node_modules\next\dist\server\base-server.js:1468:24)
    at async DevServer.renderToResponseImpl (file://C:\Users\Usuario\Documents\Projects\retoPescanova\frontend\node_modules\next\dist\server\base-server.js:1522:32)
    at async DevServer.pipeImpl (file://C:\Users\Usuario\Documents\Projects\retoPescanova\frontend\node_modules\next\dist\server\base-server.js:1026:25)
    at async NextNodeServer.handleCatchallRenderRequest (file://C:\Users\Usuario\Documents\Projects\retoPescanova\frontend\node_modules\next\dist\server\next-server.js:394:17)
    at async DevServer.handleRequestImpl (file://C:\Users\Usuario\Documents\Projects\retoPescanova\frontend\node_modules\next\dist\server\base-server.js:917:17)
    at async (file://C:\Users\Usuario\Documents\Projects\retoPescanova\frontend\node_modules\next\dist\server\dev\next-dev-server.js:400:20)
    at async Span.traceAsyncFn (file://C:\Users\Usuario\Documents\Projects\retoPescanova\frontend\node_modules\next\dist\trace\trace.js:157:20)
    at async DevServer.handleRequest (file://C:\Users\Usuario\Documents\Projects\retoPescanova\frontend\node_modules\next\dist\server\dev\next-dev-server.js:396:24)
    at async invokeRender (file://C:\Users\Usuario\Documents\Projects\retoPescanova\frontend\node_modules\next\dist\server\lib\router-server.js:240:21)
    at async handleRequest (file://C:\Users\Usuario\Documents\Projects\retoPescanova\frontend\node_modules\next\dist\server\lib\router-server.js:437:24)
    at async requestHandlerImpl (file://C:\Users\Usuario\Documents\Projects\retoPescanova\frontend\node_modules\next\dist\server\lib\router-server.js:485:13)
    at async Server.requestListener (file://C:\Users\Usuario\Documents\Projects\retoPescanova\frontend\node_modules\next\dist\server\lib\start-server.js:226:13)
[  119973ms] [LOG] [HMR] connected @ webpack-internal:///(pages-dir-browser)/./node_modules/next/dist/client/dev/hot-reloader/pages/websocket.js:45
[  121675ms] [ERROR] Failed to load resource: the server responded with a status of 404 (Not Found) @ http://localhost:3000/_next/static/webpack/119d7b6dd4a66877.webpack.hot-update.json:0
[  121676ms] [WARNING] [Fast Refresh] performing full reload because your application had an unrecoverable error @ webpack-internal:///(pages-dir-browser)/./node_modules/next/dist/client/dev/hot-reloader/pages/hot-reloader-pages.js:347
[  121979ms] [ERROR] Failed to load resource: the server responded with a status of 500 (Internal Server Error) @ http://localhost:3000/training:0
[  122375ms] [INFO] %cDownload the React DevTools for a better development experience: https://reactjs.org/link/react-devtools font-weight:bold @ webpack-internal:///(pages-dir-browser)/./node_modules/react-dom/cjs/react-dom.development.js:29889
[  122397ms] TypeError: __webpack_modules__[moduleId] is not a function
    at __webpack_require__ (file://C:\Users\Usuario\Documents\Projects\retoPescanova\frontend\.next\server\webpack-runtime.js:25:42)
    at eval (webpack-internal:///(rsc)/./node_modules/next/dist/server/app-render/encryption-utils.js:40:35)
    at <unknown> (rsc)/./node_modules/next/dist/server/app-render/encryption-utils.js (C:\Users\Usuario\Documents\Projects\retoPescanova\frontend\.next\server\vendor-chunks\next.js:1773:1)
    at __webpack_require__ (file://C:\Users\Usuario\Documents\Projects\retoPescanova\frontend\.next\server\webpack-runtime.js:25:42)
    at eval (webpack-internal:///(rsc)/./node_modules/next/dist/build/webpack/loaders/next-app-loader/index.js?name=app%2Ftraining%2Fpage&page=%2Ftraining%2Fpage&appPaths=%2Ftraining%2Fpage&pagePath=private-next-app-dir%2Ftraining%2Fpage.tsx&appDir=C%3A%5CUsers%5CUsuario%5CDocuments%5CProjects%5CretoPescanova%5Cfrontend%5Capp&pageExtensions=tsx&pageExtensions=ts&pageExtensions=jsx&pageExtensions=js&rootDir=C%3A%5CUsers%5CUsuario%5CDocuments%5CProjects%5CretoPescanova%5Cfrontend&isDev=true&tsconfigPath=tsconfig.json&basePath=&assetPrefix=&nextConfigOutput=standalone&preferredRegion=&middlewareConfig=e30%3D&isGlobalNotFoundEnabled=!:28:103)
    at <unknown> (rsc)/./node_modules/next/dist/build/webpack/loaders/next-app-loader/index.js?name=app%2Ftraining%2Fpage&page=%2Ftraining%2Fpage&appPaths=%2Ftraining%2Fpage&pagePath=private-next-app-dir%2Ftraining%2Fpage.tsx&appDir=C%3A%5CUsers%5CUsuario%5CDocuments%5CProjects%5CretoPescanova%5Cfrontend%5Capp&pageExtensions=tsx&pageExtensions=ts&pageExtensions=jsx&pageExtensions=js&rootDir=C%3A%5CUsers%5CUsuario%5CDocuments%5CProjects%5CretoPescanova%5Cfrontend&isDev=true&tsconfigPath=tsconfig.json&basePath=&assetPrefix=&nextConfigOutput=standalone&preferredRegion=&middlewareConfig=e30%3D&isGlobalNotFoundEnabled=! (C:\Users\Usuario\Documents\Projects\retoPescanova\frontend\.next\server\app\training\page.js:66:1)
    at __webpack_require__ (file://C:\Users\Usuario\Documents\Projects\retoPescanova\frontend\.next\server\webpack-runtime.js:25:42)
    at __webpack_exec__ (file://C:\Users\Usuario\Documents\Projects\retoPescanova\frontend\.next\server\app\training\page.js:433:39)
    at <unknown> (file://C:\Users\Usuario\Documents\Projects\retoPescanova\frontend\.next\server\app\training\page.js:434:268)
    at __webpack_require__.X (file://C:\Users\Usuario\Documents\Projects\retoPescanova\frontend\.next\server\webpack-runtime.js:155:21)
    at <unknown> (file://C:\Users\Usuario\Documents\Projects\retoPescanova\frontend\.next\server\app\training\page.js:434:47)
    at Object.<anonymous> (file://C:\Users\Usuario\Documents\Projects\retoPescanova\frontend\.next\server\app\training\page.js:437:3)
    at Module._compile (node:internal/modules/cjs/loader:1730:14)
    at Object..js (node:internal/modules/cjs/loader:1895:10)
    at Module.load (node:internal/modules/cjs/loader:1465:32)
    at Function._load (node:internal/modules/cjs/loader:1282:12)
    at TracingChannel.traceSync (node:diagnostics_channel:322:14)
    at wrapModuleLoad (node:internal/modules/cjs/loader:235:24)
    at Module.<anonymous> (node:internal/modules/cjs/loader:1487:12)
    at mod.require (file://C:\Users\Usuario\Documents\Projects\retoPescanova\frontend\node_modules\next\dist\server\require-hook.js:68:28)
    at require (node:internal/modules/helpers:135:16)
    at requirePage (file://C:\Users\Usuario\Documents\Projects\retoPescanova\frontend\node_modules\next\dist\server\require.js:99:80)
    at loadComponentsImpl (file://C:\Users\Usuario\Documents\Projects\retoPescanova\frontend\node_modules\next\dist\server\load-components.js:132:57)
    at async DevServer.findPageComponentsImpl (file://C:\Users\Usuario\Documents\Projects\retoPescanova\frontend\node_modules\next\dist\server\next-server.js:900:36)
    at async DevServer.findPageComponents (file://C:\Users\Usuario\Documents\Projects\retoPescanova\frontend\node_modules\next\dist\server\dev\next-dev-server.js:706:16)
    at async DevServer.renderPageComponent (file://C:\Users\Usuario\Documents\Projects\retoPescanova\frontend\node_modules\next\dist\server\base-server.js:1468:24)
    at async DevServer.renderToResponseImpl (file://C:\Users\Usuario\Documents\Projects\retoPescanova\frontend\node_modules\next\dist\server\base-server.js:1522:32)
    at async DevServer.pipeImpl (file://C:\Users\Usuario\Documents\Projects\retoPescanova\frontend\node_modules\next\dist\server\base-server.js:1026:25)
    at async NextNodeServer.handleCatchallRenderRequest (file://C:\Users\Usuario\Documents\Projects\retoPescanova\frontend\node_modules\next\dist\server\next-server.js:394:17)
    at async DevServer.handleRequestImpl (file://C:\Users\Usuario\Documents\Projects\retoPescanova\frontend\node_modules\next\dist\server\base-server.js:917:17)
    at async (file://C:\Users\Usuario\Documents\Projects\retoPescanova\frontend\node_modules\next\dist\server\dev\next-dev-server.js:400:20)
    at async Span.traceAsyncFn (file://C:\Users\Usuario\Documents\Projects\retoPescanova\frontend\node_modules\next\dist\trace\trace.js:157:20)
    at async DevServer.handleRequest (file://C:\Users\Usuario\Documents\Projects\retoPescanova\frontend\node_modules\next\dist\server\dev\next-dev-server.js:396:24)
    at async invokeRender (file://C:\Users\Usuario\Documents\Projects\retoPescanova\frontend\node_modules\next\dist\server\lib\router-server.js:240:21)
    at async handleRequest (file://C:\Users\Usuario\Documents\Projects\retoPescanova\frontend\node_modules\next\dist\server\lib\router-server.js:437:24)
    at async requestHandlerImpl (file://C:\Users\Usuario\Documents\Projects\retoPescanova\frontend\node_modules\next\dist\server\lib\router-server.js:485:13)
    at async Server.requestListener (file://C:\Users\Usuario\Documents\Projects\retoPescanova\frontend\node_modules\next\dist\server\lib\start-server.js:226:13)
[  122398ms] [LOG] [HMR] connected @ webpack-internal:///(pages-dir-browser)/./node_modules/next/dist/client/dev/hot-reloader/pages/websocket.js:45
[  122968ms] [ERROR] Failed to load resource: the server responded with a status of 404 (Not Found) @ http://localhost:3000/_next/static/webpack/119d7b6dd4a66877.webpack.hot-update.json:0
[  122969ms] [WARNING] [Fast Refresh] performing full reload because your application had an unrecoverable error @ webpack-internal:///(pages-dir-browser)/./node_modules/next/dist/client/dev/hot-reloader/pages/hot-reloader-pages.js:347
[  123254ms] [ERROR] Failed to load resource: the server responded with a status of 500 (Internal Server Error) @ http://localhost:3000/training:0
[  123857ms] [INFO] %cDownload the React DevTools for a better development experience: https://reactjs.org/link/react-devtools font-weight:bold @ webpack-internal:///(pages-dir-browser)/./node_modules/react-dom/cjs/react-dom.development.js:29889
[  123888ms] TypeError: __webpack_modules__[moduleId] is not a function
    at __webpack_require__ (file://C:\Users\Usuario\Documents\Projects\retoPescanova\frontend\.next\server\webpack-runtime.js:25:42)
    at eval (webpack-internal:///(rsc)/./node_modules/next/dist/server/app-render/encryption-utils.js:40:35)
    at <unknown> (rsc)/./node_modules/next/dist/server/app-render/encryption-utils.js (C:\Users\Usuario\Documents\Projects\retoPescanova\frontend\.next\server\vendor-chunks\next.js:1773:1)
    at __webpack_require__ (file://C:\Users\Usuario\Documents\Projects\retoPescanova\frontend\.next\server\webpack-runtime.js:25:42)
    at eval (webpack-internal:///(rsc)/./node_modules/next/dist/build/webpack/loaders/next-app-loader/index.js?name=app%2Ftraining%2Fpage&page=%2Ftraining%2Fpage&appPaths=%2Ftraining%2Fpage&pagePath=private-next-app-dir%2Ftraining%2Fpage.tsx&appDir=C%3A%5CUsers%5CUsuario%5CDocuments%5CProjects%5CretoPescanova%5Cfrontend%5Capp&pageExtensions=tsx&pageExtensions=ts&pageExtensions=jsx&pageExtensions=js&rootDir=C%3A%5CUsers%5CUsuario%5CDocuments%5CProjects%5CretoPescanova%5Cfrontend&isDev=true&tsconfigPath=tsconfig.json&basePath=&assetPrefix=&nextConfigOutput=standalone&preferredRegion=&middlewareConfig=e30%3D&isGlobalNotFoundEnabled=!:28:103)
    at <unknown> (rsc)/./node_modules/next/dist/build/webpack/loaders/next-app-loader/index.js?name=app%2Ftraining%2Fpage&page=%2Ftraining%2Fpage&appPaths=%2Ftraining%2Fpage&pagePath=private-next-app-dir%2Ftraining%2Fpage.tsx&appDir=C%3A%5CUsers%5CUsuario%5CDocuments%5CProjects%5CretoPescanova%5Cfrontend%5Capp&pageExtensions=tsx&pageExtensions=ts&pageExtensions=jsx&pageExtensions=js&rootDir=C%3A%5CUsers%5CUsuario%5CDocuments%5CProjects%5CretoPescanova%5Cfrontend&isDev=true&tsconfigPath=tsconfig.json&basePath=&assetPrefix=&nextConfigOutput=standalone&preferredRegion=&middlewareConfig=e30%3D&isGlobalNotFoundEnabled=! (C:\Users\Usuario\Documents\Projects\retoPescanova\frontend\.next\server\app\training\page.js:66:1)
    at __webpack_require__ (file://C:\Users\Usuario\Documents\Projects\retoPescanova\frontend\.next\server\webpack-runtime.js:25:42)
    at __webpack_exec__ (file://C:\Users\Usuario\Documents\Projects\retoPescanova\frontend\.next\server\app\training\page.js:433:39)
    at <unknown> (file://C:\Users\Usuario\Documents\Projects\retoPescanova\frontend\.next\server\app\training\page.js:434:268)
    at __webpack_require__.X (file://C:\Users\Usuario\Documents\Projects\retoPescanova\frontend\.next\server\webpack-runtime.js:155:21)
    at <unknown> (file://C:\Users\Usuario\Documents\Projects\retoPescanova\frontend\.next\server\app\training\page.js:434:47)
    at Object.<anonymous> (file://C:\Users\Usuario\Documents\Projects\retoPescanova\frontend\.next\server\app\training\page.js:437:3)
    at Module._compile (node:internal/modules/cjs/loader:1730:14)
    at Object..js (node:internal/modules/cjs/loader:1895:10)
    at Module.load (node:internal/modules/cjs/loader:1465:32)
    at Function._load (node:internal/modules/cjs/loader:1282:12)
    at TracingChannel.traceSync (node:diagnostics_channel:322:14)
    at wrapModuleLoad (node:internal/modules/cjs/loader:235:24)
    at Module.<anonymous> (node:internal/modules/cjs/loader:1487:12)
    at mod.require (file://C:\Users\Usuario\Documents\Projects\retoPescanova\frontend\node_modules\next\dist\server\require-hook.js:68:28)
    at require (node:internal/modules/helpers:135:16)
    at requirePage (file://C:\Users\Usuario\Documents\Projects\retoPescanova\frontend\node_modules\next\dist\server\require.js:99:80)
    at loadComponentsImpl (file://C:\Users\Usuario\Documents\Projects\retoPescanova\frontend\node_modules\next\dist\server\load-components.js:132:57)
    at async DevServer.findPageComponentsImpl (file://C:\Users\Usuario\Documents\Projects\retoPescanova\frontend\node_modules\next\dist\server\next-server.js:900:36)
    at async DevServer.findPageComponents (file://C:\Users\Usuario\Documents\Projects\retoPescanova\frontend\node_modules\next\dist\server\dev\next-dev-server.js:706:16)
    at async DevServer.renderPageComponent (file://C:\Users\Usuario\Documents\Projects\retoPescanova\frontend\node_modules\next\dist\server\base-server.js:1468:24)
    at async DevServer.renderToResponseImpl (file://C:\Users\Usuario\Documents\Projects\retoPescanova\frontend\node_modules\next\dist\server\base-server.js:1522:32)
    at async DevServer.pipeImpl (file://C:\Users\Usuario\Documents\Projects\retoPescanova\frontend\node_modules\next\dist\server\base-server.js:1026:25)
    at async NextNodeServer.handleCatchallRenderRequest (file://C:\Users\Usuario\Documents\Projects\retoPescanova\frontend\node_modules\next\dist\server\next-server.js:394:17)
    at async DevServer.handleRequestImpl (file://C:\Users\Usuario\Documents\Projects\retoPescanova\frontend\node_modules\next\dist\server\base-server.js:917:17)
    at async (file://C:\Users\Usuario\Documents\Projects\retoPescanova\frontend\node_modules\next\dist\server\dev\next-dev-server.js:400:20)
    at async Span.traceAsyncFn (file://C:\Users\Usuario\Documents\Projects\retoPescanova\frontend\node_modules\next\dist\trace\trace.js:157:20)
    at async DevServer.handleRequest (file://C:\Users\Usuario\Documents\Projects\retoPescanova\frontend\node_modules\next\dist\server\dev\next-dev-server.js:396:24)
    at async invokeRender (file://C:\Users\Usuario\Documents\Projects\retoPescanova\frontend\node_modules\next\dist\server\lib\router-server.js:240:21)
    at async handleRequest (file://C:\Users\Usuario\Documents\Projects\retoPescanova\frontend\node_modules\next\dist\server\lib\router-server.js:437:24)
    at async requestHandlerImpl (file://C:\Users\Usuario\Documents\Projects\retoPescanova\frontend\node_modules\next\dist\server\lib\router-server.js:485:13)
    at async Server.requestListener (file://C:\Users\Usuario\Documents\Projects\retoPescanova\frontend\node_modules\next\dist\server\lib\start-server.js:226:13)
[  123889ms] [LOG] [HMR] connected @ webpack-internal:///(pages-dir-browser)/./node_modules/next/dist/client/dev/hot-reloader/pages/websocket.js:45
[  125585ms] [ERROR] Failed to load resource: the server responded with a status of 404 (Not Found) @ http://localhost:3000/_next/static/webpack/119d7b6dd4a66877.webpack.hot-update.json:0
[  125585ms] [WARNING] [Fast Refresh] performing full reload because your application had an unrecoverable error @ webpack-internal:///(pages-dir-browser)/./node_modules/next/dist/client/dev/hot-reloader/pages/hot-reloader-pages.js:347
[  125888ms] [ERROR] Failed to load resource: the server responded with a status of 500 (Internal Server Error) @ http://localhost:3000/training:0
[  126310ms] [INFO] %cDownload the React DevTools for a better development experience: https://reactjs.org/link/react-devtools font-weight:bold @ webpack-internal:///(pages-dir-browser)/./node_modules/react-dom/cjs/react-dom.development.js:29889
[  126335ms] TypeError: __webpack_modules__[moduleId] is not a function
    at __webpack_require__ (file://C:\Users\Usuario\Documents\Projects\retoPescanova\frontend\.next\server\webpack-runtime.js:25:42)
    at eval (webpack-internal:///(rsc)/./node_modules/next/dist/server/app-render/encryption-utils.js:40:35)
    at <unknown> (rsc)/./node_modules/next/dist/server/app-render/encryption-utils.js (C:\Users\Usuario\Documents\Projects\retoPescanova\frontend\.next\server\vendor-chunks\next.js:1773:1)
    at __webpack_require__ (file://C:\Users\Usuario\Documents\Projects\retoPescanova\frontend\.next\server\webpack-runtime.js:25:42)
    at eval (webpack-internal:///(rsc)/./node_modules/next/dist/build/webpack/loaders/next-app-loader/index.js?name=app%2Ftraining%2Fpage&page=%2Ftraining%2Fpage&appPaths=%2Ftraining%2Fpage&pagePath=private-next-app-dir%2Ftraining%2Fpage.tsx&appDir=C%3A%5CUsers%5CUsuario%5CDocuments%5CProjects%5CretoPescanova%5Cfrontend%5Capp&pageExtensions=tsx&pageExtensions=ts&pageExtensions=jsx&pageExtensions=js&rootDir=C%3A%5CUsers%5CUsuario%5CDocuments%5CProjects%5CretoPescanova%5Cfrontend&isDev=true&tsconfigPath=tsconfig.json&basePath=&assetPrefix=&nextConfigOutput=standalone&preferredRegion=&middlewareConfig=e30%3D&isGlobalNotFoundEnabled=!:28:103)
    at <unknown> (rsc)/./node_modules/next/dist/build/webpack/loaders/next-app-loader/index.js?name=app%2Ftraining%2Fpage&page=%2Ftraining%2Fpage&appPaths=%2Ftraining%2Fpage&pagePath=private-next-app-dir%2Ftraining%2Fpage.tsx&appDir=C%3A%5CUsers%5CUsuario%5CDocuments%5CProjects%5CretoPescanova%5Cfrontend%5Capp&pageExtensions=tsx&pageExtensions=ts&pageExtensions=jsx&pageExtensions=js&rootDir=C%3A%5CUsers%5CUsuario%5CDocuments%5CProjects%5CretoPescanova%5Cfrontend&isDev=true&tsconfigPath=tsconfig.json&basePath=&assetPrefix=&nextConfigOutput=standalone&preferredRegion=&middlewareConfig=e30%3D&isGlobalNotFoundEnabled=! (C:\Users\Usuario\Documents\Projects\retoPescanova\frontend\.next\server\app\training\page.js:66:1)
    at __webpack_require__ (file://C:\Users\Usuario\Documents\Projects\retoPescanova\frontend\.next\server\webpack-runtime.js:25:42)
    at __webpack_exec__ (file://C:\Users\Usuario\Documents\Projects\retoPescanova\frontend\.next\server\app\training\page.js:433:39)
    at <unknown> (file://C:\Users\Usuario\Documents\Projects\retoPescanova\frontend\.next\server\app\training\page.js:434:268)
    at __webpack_require__.X (file://C:\Users\Usuario\Documents\Projects\retoPescanova\frontend\.next\server\webpack-runtime.js:155:21)
    at <unknown> (file://C:\Users\Usuario\Documents\Projects\retoPescanova\frontend\.next\server\app\training\page.js:434:47)
    at Object.<anonymous> (file://C:\Users\Usuario\Documents\Projects\retoPescanova\frontend\.next\server\app\training\page.js:437:3)
    at Module._compile (node:internal/modules/cjs/loader:1730:14)
    at Object..js (node:internal/modules/cjs/loader:1895:10)
    at Module.load (node:internal/modules/cjs/loader:1465:32)
    at Function._load (node:internal/modules/cjs/loader:1282:12)
    at TracingChannel.traceSync (node:diagnostics_channel:322:14)
    at wrapModuleLoad (node:internal/modules/cjs/loader:235:24)
    at Module.<anonymous> (node:internal/modules/cjs/loader:1487:12)
    at mod.require (file://C:\Users\Usuario\Documents\Projects\retoPescanova\frontend\node_modules\next\dist\server\require-hook.js:68:28)
    at require (node:internal/modules/helpers:135:16)
    at requirePage (file://C:\Users\Usuario\Documents\Projects\retoPescanova\frontend\node_modules\next\dist\server\require.js:99:80)
    at loadComponentsImpl (file://C:\Users\Usuario\Documents\Projects\retoPescanova\frontend\node_modules\next\dist\server\load-components.js:132:57)
    at async DevServer.findPageComponentsImpl (file://C:\Users\Usuario\Documents\Projects\retoPescanova\frontend\node_modules\next\dist\server\next-server.js:900:36)
    at async DevServer.findPageComponents (file://C:\Users\Usuario\Documents\Projects\retoPescanova\frontend\node_modules\next\dist\server\dev\next-dev-server.js:706:16)
    at async DevServer.renderPageComponent (file://C:\Users\Usuario\Documents\Projects\retoPescanova\frontend\node_modules\next\dist\server\base-server.js:1468:24)
    at async DevServer.renderToResponseImpl (file://C:\Users\Usuario\Documents\Projects\retoPescanova\frontend\node_modules\next\dist\server\base-server.js:1522:32)
    at async DevServer.pipeImpl (file://C:\Users\Usuario\Documents\Projects\retoPescanova\frontend\node_modules\next\dist\server\base-server.js:1026:25)
    at async NextNodeServer.handleCatchallRenderRequest (file://C:\Users\Usuario\Documents\Projects\retoPescanova\frontend\node_modules\next\dist\server\next-server.js:394:17)
    at async DevServer.handleRequestImpl (file://C:\Users\Usuario\Documents\Projects\retoPescanova\frontend\node_modules\next\dist\server\base-server.js:917:17)
    at async (file://C:\Users\Usuario\Documents\Projects\retoPescanova\frontend\node_modules\next\dist\server\dev\next-dev-server.js:400:20)
    at async Span.traceAsyncFn (file://C:\Users\Usuario\Documents\Projects\retoPescanova\frontend\node_modules\next\dist\trace\trace.js:157:20)
    at async DevServer.handleRequest (file://C:\Users\Usuario\Documents\Projects\retoPescanova\frontend\node_modules\next\dist\server\dev\next-dev-server.js:396:24)
    at async invokeRender (file://C:\Users\Usuario\Documents\Projects\retoPescanova\frontend\node_modules\next\dist\server\lib\router-server.js:240:21)
    at async handleRequest (file://C:\Users\Usuario\Documents\Projects\retoPescanova\frontend\node_modules\next\dist\server\lib\router-server.js:437:24)
    at async requestHandlerImpl (file://C:\Users\Usuario\Documents\Projects\retoPescanova\frontend\node_modules\next\dist\server\lib\router-server.js:485:13)
    at async Server.requestListener (file://C:\Users\Usuario\Documents\Projects\retoPescanova\frontend\node_modules\next\dist\server\lib\start-server.js:226:13)
[  126335ms] [LOG] [HMR] connected @ webpack-internal:///(pages-dir-browser)/./node_modules/next/dist/client/dev/hot-reloader/pages/websocket.js:45
[  126892ms] [ERROR] Failed to load resource: the server responded with a status of 404 (Not Found) @ http://localhost:3000/_next/static/webpack/119d7b6dd4a66877.webpack.hot-update.json:0
[  126893ms] [WARNING] [Fast Refresh] performing full reload because your application had an unrecoverable error @ webpack-internal:///(pages-dir-browser)/./node_modules/next/dist/client/dev/hot-reloader/pages/hot-reloader-pages.js:347
[  127188ms] [ERROR] Failed to load resource: the server responded with a status of 500 (Internal Server Error) @ http://localhost:3000/training:0
[  127782ms] [INFO] %cDownload the React DevTools for a better development experience: https://reactjs.org/link/react-devtools font-weight:bold @ webpack-internal:///(pages-dir-browser)/./node_modules/react-dom/cjs/react-dom.development.js:29889
[  127804ms] TypeError: __webpack_modules__[moduleId] is not a function
    at __webpack_require__ (file://C:\Users\Usuario\Documents\Projects\retoPescanova\frontend\.next\server\webpack-runtime.js:25:42)
    at eval (webpack-internal:///(rsc)/./node_modules/next/dist/server/app-render/encryption-utils.js:40:35)
    at <unknown> (rsc)/./node_modules/next/dist/server/app-render/encryption-utils.js (C:\Users\Usuario\Documents\Projects\retoPescanova\frontend\.next\server\vendor-chunks\next.js:1773:1)
    at __webpack_require__ (file://C:\Users\Usuario\Documents\Projects\retoPescanova\frontend\.next\server\webpack-runtime.js:25:42)
    at eval (webpack-internal:///(rsc)/./node_modules/next/dist/build/webpack/loaders/next-app-loader/index.js?name=app%2Ftraining%2Fpage&page=%2Ftraining%2Fpage&appPaths=%2Ftraining%2Fpage&pagePath=private-next-app-dir%2Ftraining%2Fpage.tsx&appDir=C%3A%5CUsers%5CUsuario%5CDocuments%5CProjects%5CretoPescanova%5Cfrontend%5Capp&pageExtensions=tsx&pageExtensions=ts&pageExtensions=jsx&pageExtensions=js&rootDir=C%3A%5CUsers%5CUsuario%5CDocuments%5CProjects%5CretoPescanova%5Cfrontend&isDev=true&tsconfigPath=tsconfig.json&basePath=&assetPrefix=&nextConfigOutput=standalone&preferredRegion=&middlewareConfig=e30%3D&isGlobalNotFoundEnabled=!:28:103)
    at <unknown> (rsc)/./node_modules/next/dist/build/webpack/loaders/next-app-loader/index.js?name=app%2Ftraining%2Fpage&page=%2Ftraining%2Fpage&appPaths=%2Ftraining%2Fpage&pagePath=private-next-app-dir%2Ftraining%2Fpage.tsx&appDir=C%3A%5CUsers%5CUsuario%5CDocuments%5CProjects%5CretoPescanova%5Cfrontend%5Capp&pageExtensions=tsx&pageExtensions=ts&pageExtensions=jsx&pageExtensions=js&rootDir=C%3A%5CUsers%5CUsuario%5CDocuments%5CProjects%5CretoPescanova%5Cfrontend&isDev=true&tsconfigPath=tsconfig.json&basePath=&assetPrefix=&nextConfigOutput=standalone&preferredRegion=&middlewareConfig=e30%3D&isGlobalNotFoundEnabled=! (C:\Users\Usuario\Documents\Projects\retoPescanova\frontend\.next\server\app\training\page.js:66:1)
    at __webpack_require__ (file://C:\Users\Usuario\Documents\Projects\retoPescanova\frontend\.next\server\webpack-runtime.js:25:42)
    at __webpack_exec__ (file://C:\Users\Usuario\Documents\Projects\retoPescanova\frontend\.next\server\app\training\page.js:433:39)
    at <unknown> (file://C:\Users\Usuario\Documents\Projects\retoPescanova\frontend\.next\server\app\training\page.js:434:268)
    at __webpack_require__.X (file://C:\Users\Usuario\Documents\Projects\retoPescanova\frontend\.next\server\webpack-runtime.js:155:21)
    at <unknown> (file://C:\Users\Usuario\Documents\Projects\retoPescanova\frontend\.next\server\app\training\page.js:434:47)
    at Object.<anonymous> (file://C:\Users\Usuario\Documents\Projects\retoPescanova\frontend\.next\server\app\training\page.js:437:3)
    at Module._compile (node:internal/modules/cjs/loader:1730:14)
    at Object..js (node:internal/modules/cjs/loader:1895:10)
    at Module.load (node:internal/modules/cjs/loader:1465:32)
    at Function._load (node:internal/modules/cjs/loader:1282:12)
    at TracingChannel.traceSync (node:diagnostics_channel:322:14)
    at wrapModuleLoad (node:internal/modules/cjs/loader:235:24)
    at Module.<anonymous> (node:internal/modules/cjs/loader:1487:12)
    at mod.require (file://C:\Users\Usuario\Documents\Projects\retoPescanova\frontend\node_modules\next\dist\server\require-hook.js:68:28)
    at require (node:internal/modules/helpers:135:16)
    at requirePage (file://C:\Users\Usuario\Documents\Projects\retoPescanova\frontend\node_modules\next\dist\server\require.js:99:80)
    at loadComponentsImpl (file://C:\Users\Usuario\Documents\Projects\retoPescanova\frontend\node_modules\next\dist\server\load-components.js:132:57)
    at async DevServer.findPageComponentsImpl (file://C:\Users\Usuario\Documents\Projects\retoPescanova\frontend\node_modules\next\dist\server\next-server.js:900:36)
    at async DevServer.findPageComponents (file://C:\Users\Usuario\Documents\Projects\retoPescanova\frontend\node_modules\next\dist\server\dev\next-dev-server.js:706:16)
    at async DevServer.renderPageComponent (file://C:\Users\Usuario\Documents\Projects\retoPescanova\frontend\node_modules\next\dist\server\base-server.js:1468:24)
    at async DevServer.renderToResponseImpl (file://C:\Users\Usuario\Documents\Projects\retoPescanova\frontend\node_modules\next\dist\server\base-server.js:1522:32)
    at async DevServer.pipeImpl (file://C:\Users\Usuario\Documents\Projects\retoPescanova\frontend\node_modules\next\dist\server\base-server.js:1026:25)
    at async NextNodeServer.handleCatchallRenderRequest (file://C:\Users\Usuario\Documents\Projects\retoPescanova\frontend\node_modules\next\dist\server\next-server.js:394:17)
    at async DevServer.handleRequestImpl (file://C:\Users\Usuario\Documents\Projects\retoPescanova\frontend\node_modules\next\dist\server\base-server.js:917:17)
    at async (file://C:\Users\Usuario\Documents\Projects\retoPescanova\frontend\node_modules\next\dist\server\dev\next-dev-server.js:400:20)
    at async Span.traceAsyncFn (file://C:\Users\Usuario\Documents\Projects\retoPescanova\frontend\node_modules\next\dist\trace\trace.js:157:20)
    at async DevServer.handleRequest (file://C:\Users\Usuario\Documents\Projects\retoPescanova\frontend\node_modules\next\dist\server\dev\next-dev-server.js:396:24)
    at async invokeRender (file://C:\Users\Usuario\Documents\Projects\retoPescanova\frontend\node_modules\next\dist\server\lib\router-server.js:240:21)
    at async handleRequest (file://C:\Users\Usuario\Documents\Projects\retoPescanova\frontend\node_modules\next\dist\server\lib\router-server.js:437:24)
    at async requestHandlerImpl (file://C:\Users\Usuario\Documents\Projects\retoPescanova\frontend\node_modules\next\dist\server\lib\router-server.js:485:13)
    at async Server.requestListener (file://C:\Users\Usuario\Documents\Projects\retoPescanova\frontend\node_modules\next\dist\server\lib\start-server.js:226:13)
[  127806ms] [LOG] [HMR] connected @ webpack-internal:///(pages-dir-browser)/./node_modules/next/dist/client/dev/hot-reloader/pages/websocket.js:45
[  129649ms] [ERROR] Failed to load resource: the server responded with a status of 404 (Not Found) @ http://localhost:3000/_next/static/webpack/119d7b6dd4a66877.webpack.hot-update.json:0
[  129649ms] [WARNING] [Fast Refresh] performing full reload because your application had an unrecoverable error @ webpack-internal:///(pages-dir-browser)/./node_modules/next/dist/client/dev/hot-reloader/pages/hot-reloader-pages.js:347
[  129942ms] [ERROR] Failed to load resource: the server responded with a status of 500 (Internal Server Error) @ http://localhost:3000/training:0
[  130372ms] [INFO] %cDownload the React DevTools for a better development experience: https://reactjs.org/link/react-devtools font-weight:bold @ webpack-internal:///(pages-dir-browser)/./node_modules/react-dom/cjs/react-dom.development.js:29889
[  130398ms] TypeError: __webpack_modules__[moduleId] is not a function
    at __webpack_require__ (file://C:\Users\Usuario\Documents\Projects\retoPescanova\frontend\.next\server\webpack-runtime.js:25:42)
    at eval (webpack-internal:///(rsc)/./node_modules/next/dist/server/app-render/encryption-utils.js:40:35)
    at <unknown> (rsc)/./node_modules/next/dist/server/app-render/encryption-utils.js (C:\Users\Usuario\Documents\Projects\retoPescanova\frontend\.next\server\vendor-chunks\next.js:1773:1)
    at __webpack_require__ (file://C:\Users\Usuario\Documents\Projects\retoPescanova\frontend\.next\server\webpack-runtime.js:25:42)
    at eval (webpack-internal:///(rsc)/./node_modules/next/dist/build/webpack/loaders/next-app-loader/index.js?name=app%2Ftraining%2Fpage&page=%2Ftraining%2Fpage&appPaths=%2Ftraining%2Fpage&pagePath=private-next-app-dir%2Ftraining%2Fpage.tsx&appDir=C%3A%5CUsers%5CUsuario%5CDocuments%5CProjects%5CretoPescanova%5Cfrontend%5Capp&pageExtensions=tsx&pageExtensions=ts&pageExtensions=jsx&pageExtensions=js&rootDir=C%3A%5CUsers%5CUsuario%5CDocuments%5CProjects%5CretoPescanova%5Cfrontend&isDev=true&tsconfigPath=tsconfig.json&basePath=&assetPrefix=&nextConfigOutput=standalone&preferredRegion=&middlewareConfig=e30%3D&isGlobalNotFoundEnabled=!:28:103)
    at <unknown> (rsc)/./node_modules/next/dist/build/webpack/loaders/next-app-loader/index.js?name=app%2Ftraining%2Fpage&page=%2Ftraining%2Fpage&appPaths=%2Ftraining%2Fpage&pagePath=private-next-app-dir%2Ftraining%2Fpage.tsx&appDir=C%3A%5CUsers%5CUsuario%5CDocuments%5CProjects%5CretoPescanova%5Cfrontend%5Capp&pageExtensions=tsx&pageExtensions=ts&pageExtensions=jsx&pageExtensions=js&rootDir=C%3A%5CUsers%5CUsuario%5CDocuments%5CProjects%5CretoPescanova%5Cfrontend&isDev=true&tsconfigPath=tsconfig.json&basePath=&assetPrefix=&nextConfigOutput=standalone&preferredRegion=&middlewareConfig=e30%3D&isGlobalNotFoundEnabled=! (C:\Users\Usuario\Documents\Projects\retoPescanova\frontend\.next\server\app\training\page.js:66:1)
    at __webpack_require__ (file://C:\Users\Usuario\Documents\Projects\retoPescanova\frontend\.next\server\webpack-runtime.js:25:42)
    at __webpack_exec__ (file://C:\Users\Usuario\Documents\Projects\retoPescanova\frontend\.next\server\app\training\page.js:433:39)
    at <unknown> (file://C:\Users\Usuario\Documents\Projects\retoPescanova\frontend\.next\server\app\training\page.js:434:268)
    at __webpack_require__.X (file://C:\Users\Usuario\Documents\Projects\retoPescanova\frontend\.next\server\webpack-runtime.js:155:21)
    at <unknown> (file://C:\Users\Usuario\Documents\Projects\retoPescanova\frontend\.next\server\app\training\page.js:434:47)
    at Object.<anonymous> (file://C:\Users\Usuario\Documents\Projects\retoPescanova\frontend\.next\server\app\training\page.js:437:3)
    at Module._compile (node:internal/modules/cjs/loader:1730:14)
    at Object..js (node:internal/modules/cjs/loader:1895:10)
    at Module.load (node:internal/modules/cjs/loader:1465:32)
    at Function._load (node:internal/modules/cjs/loader:1282:12)
    at TracingChannel.traceSync (node:diagnostics_channel:322:14)
    at wrapModuleLoad (node:internal/modules/cjs/loader:235:24)
    at Module.<anonymous> (node:internal/modules/cjs/loader:1487:12)
    at mod.require (file://C:\Users\Usuario\Documents\Projects\retoPescanova\frontend\node_modules\next\dist\server\require-hook.js:68:28)
    at require (node:internal/modules/helpers:135:16)
    at requirePage (file://C:\Users\Usuario\Documents\Projects\retoPescanova\frontend\node_modules\next\dist\server\require.js:99:80)
    at loadComponentsImpl (file://C:\Users\Usuario\Documents\Projects\retoPescanova\frontend\node_modules\next\dist\server\load-components.js:132:57)
    at async DevServer.findPageComponentsImpl (file://C:\Users\Usuario\Documents\Projects\retoPescanova\frontend\node_modules\next\dist\server\next-server.js:900:36)
    at async DevServer.findPageComponents (file://C:\Users\Usuario\Documents\Projects\retoPescanova\frontend\node_modules\next\dist\server\dev\next-dev-server.js:706:16)
    at async DevServer.renderPageComponent (file://C:\Users\Usuario\Documents\Projects\retoPescanova\frontend\node_modules\next\dist\server\base-server.js:1468:24)
    at async DevServer.renderToResponseImpl (file://C:\Users\Usuario\Documents\Projects\retoPescanova\frontend\node_modules\next\dist\server\base-server.js:1522:32)
    at async DevServer.pipeImpl (file://C:\Users\Usuario\Documents\Projects\retoPescanova\frontend\node_modules\next\dist\server\base-server.js:1026:25)
    at async NextNodeServer.handleCatchallRenderRequest (file://C:\Users\Usuario\Documents\Projects\retoPescanova\frontend\node_modules\next\dist\server\next-server.js:394:17)
    at async DevServer.handleRequestImpl (file://C:\Users\Usuario\Documents\Projects\retoPescanova\frontend\node_modules\next\dist\server\base-server.js:917:17)
    at async (file://C:\Users\Usuario\Documents\Projects\retoPescanova\frontend\node_modules\next\dist\server\dev\next-dev-server.js:400:20)
    at async Span.traceAsyncFn (file://C:\Users\Usuario\Documents\Projects\retoPescanova\frontend\node_modules\next\dist\trace\trace.js:157:20)
    at async DevServer.handleRequest (file://C:\Users\Usuario\Documents\Projects\retoPescanova\frontend\node_modules\next\dist\server\dev\next-dev-server.js:396:24)
    at async invokeRender (file://C:\Users\Usuario\Documents\Projects\retoPescanova\frontend\node_modules\next\dist\server\lib\router-server.js:240:21)
    at async handleRequest (file://C:\Users\Usuario\Documents\Projects\retoPescanova\frontend\node_modules\next\dist\server\lib\router-server.js:437:24)
    at async requestHandlerImpl (file://C:\Users\Usuario\Documents\Projects\retoPescanova\frontend\node_modules\next\dist\server\lib\router-server.js:485:13)
    at async Server.requestListener (file://C:\Users\Usuario\Documents\Projects\retoPescanova\frontend\node_modules\next\dist\server\lib\start-server.js:226:13)
[  130398ms] [LOG] [HMR] connected @ webpack-internal:///(pages-dir-browser)/./node_modules/next/dist/client/dev/hot-reloader/pages/websocket.js:45
[  130969ms] [ERROR] Failed to load resource: the server responded with a status of 404 (Not Found) @ http://localhost:3000/_next/static/webpack/119d7b6dd4a66877.webpack.hot-update.json:0
[  130969ms] [WARNING] [Fast Refresh] performing full reload because your application had an unrecoverable error @ webpack-internal:///(pages-dir-browser)/./node_modules/next/dist/client/dev/hot-reloader/pages/hot-reloader-pages.js:347
[  131271ms] [ERROR] Failed to load resource: the server responded with a status of 500 (Internal Server Error) @ http://localhost:3000/training:0
[  131877ms] [INFO] %cDownload the React DevTools for a better development experience: https://reactjs.org/link/react-devtools font-weight:bold @ webpack-internal:///(pages-dir-browser)/./node_modules/react-dom/cjs/react-dom.development.js:29889
[  131901ms] TypeError: __webpack_modules__[moduleId] is not a function
    at __webpack_require__ (file://C:\Users\Usuario\Documents\Projects\retoPescanova\frontend\.next\server\webpack-runtime.js:25:42)
    at eval (webpack-internal:///(rsc)/./node_modules/next/dist/server/app-render/encryption-utils.js:40:35)
    at <unknown> (rsc)/./node_modules/next/dist/server/app-render/encryption-utils.js (C:\Users\Usuario\Documents\Projects\retoPescanova\frontend\.next\server\vendor-chunks\next.js:1773:1)
    at __webpack_require__ (file://C:\Users\Usuario\Documents\Projects\retoPescanova\frontend\.next\server\webpack-runtime.js:25:42)
    at eval (webpack-internal:///(rsc)/./node_modules/next/dist/build/webpack/loaders/next-app-loader/index.js?name=app%2Ftraining%2Fpage&page=%2Ftraining%2Fpage&appPaths=%2Ftraining%2Fpage&pagePath=private-next-app-dir%2Ftraining%2Fpage.tsx&appDir=C%3A%5CUsers%5CUsuario%5CDocuments%5CProjects%5CretoPescanova%5Cfrontend%5Capp&pageExtensions=tsx&pageExtensions=ts&pageExtensions=jsx&pageExtensions=js&rootDir=C%3A%5CUsers%5CUsuario%5CDocuments%5CProjects%5CretoPescanova%5Cfrontend&isDev=true&tsconfigPath=tsconfig.json&basePath=&assetPrefix=&nextConfigOutput=standalone&preferredRegion=&middlewareConfig=e30%3D&isGlobalNotFoundEnabled=!:28:103)
    at <unknown> (rsc)/./node_modules/next/dist/build/webpack/loaders/next-app-loader/index.js?name=app%2Ftraining%2Fpage&page=%2Ftraining%2Fpage&appPaths=%2Ftraining%2Fpage&pagePath=private-next-app-dir%2Ftraining%2Fpage.tsx&appDir=C%3A%5CUsers%5CUsuario%5CDocuments%5CProjects%5CretoPescanova%5Cfrontend%5Capp&pageExtensions=tsx&pageExtensions=ts&pageExtensions=jsx&pageExtensions=js&rootDir=C%3A%5CUsers%5CUsuario%5CDocuments%5CProjects%5CretoPescanova%5Cfrontend&isDev=true&tsconfigPath=tsconfig.json&basePath=&assetPrefix=&nextConfigOutput=standalone&preferredRegion=&middlewareConfig=e30%3D&isGlobalNotFoundEnabled=! (C:\Users\Usuario\Documents\Projects\retoPescanova\frontend\.next\server\app\training\page.js:66:1)
    at __webpack_require__ (file://C:\Users\Usuario\Documents\Projects\retoPescanova\frontend\.next\server\webpack-runtime.js:25:42)
    at __webpack_exec__ (file://C:\Users\Usuario\Documents\Projects\retoPescanova\frontend\.next\server\app\training\page.js:433:39)
    at <unknown> (file://C:\Users\Usuario\Documents\Projects\retoPescanova\frontend\.next\server\app\training\page.js:434:268)
    at __webpack_require__.X (file://C:\Users\Usuario\Documents\Projects\retoPescanova\frontend\.next\server\webpack-runtime.js:155:21)
    at <unknown> (file://C:\Users\Usuario\Documents\Projects\retoPescanova\frontend\.next\server\app\training\page.js:434:47)
    at Object.<anonymous> (file://C:\Users\Usuario\Documents\Projects\retoPescanova\frontend\.next\server\app\training\page.js:437:3)
    at Module._compile (node:internal/modules/cjs/loader:1730:14)
    at Object..js (node:internal/modules/cjs/loader:1895:10)
    at Module.load (node:internal/modules/cjs/loader:1465:32)
    at Function._load (node:internal/modules/cjs/loader:1282:12)
    at TracingChannel.traceSync (node:diagnostics_channel:322:14)
    at wrapModuleLoad (node:internal/modules/cjs/loader:235:24)
    at Module.<anonymous> (node:internal/modules/cjs/loader:1487:12)
    at mod.require (file://C:\Users\Usuario\Documents\Projects\retoPescanova\frontend\node_modules\next\dist\server\require-hook.js:68:28)
    at require (node:internal/modules/helpers:135:16)
    at requirePage (file://C:\Users\Usuario\Documents\Projects\retoPescanova\frontend\node_modules\next\dist\server\require.js:99:80)
    at loadComponentsImpl (file://C:\Users\Usuario\Documents\Projects\retoPescanova\frontend\node_modules\next\dist\server\load-components.js:132:57)
    at async DevServer.findPageComponentsImpl (file://C:\Users\Usuario\Documents\Projects\retoPescanova\frontend\node_modules\next\dist\server\next-server.js:900:36)
    at async DevServer.findPageComponents (file://C:\Users\Usuario\Documents\Projects\retoPescanova\frontend\node_modules\next\dist\server\dev\next-dev-server.js:706:16)
    at async DevServer.renderPageComponent (file://C:\Users\Usuario\Documents\Projects\retoPescanova\frontend\node_modules\next\dist\server\base-server.js:1468:24)
    at async DevServer.renderToResponseImpl (file://C:\Users\Usuario\Documents\Projects\retoPescanova\frontend\node_modules\next\dist\server\base-server.js:1522:32)
    at async DevServer.pipeImpl (file://C:\Users\Usuario\Documents\Projects\retoPescanova\frontend\node_modules\next\dist\server\base-server.js:1026:25)
    at async NextNodeServer.handleCatchallRenderRequest (file://C:\Users\Usuario\Documents\Projects\retoPescanova\frontend\node_modules\next\dist\server\next-server.js:394:17)
    at async DevServer.handleRequestImpl (file://C:\Users\Usuario\Documents\Projects\retoPescanova\frontend\node_modules\next\dist\server\base-server.js:917:17)
    at async (file://C:\Users\Usuario\Documents\Projects\retoPescanova\frontend\node_modules\next\dist\server\dev\next-dev-server.js:400:20)
    at async Span.traceAsyncFn (file://C:\Users\Usuario\Documents\Projects\retoPescanova\frontend\node_modules\next\dist\trace\trace.js:157:20)
    at async DevServer.handleRequest (file://C:\Users\Usuario\Documents\Projects\retoPescanova\frontend\node_modules\next\dist\server\dev\next-dev-server.js:396:24)
    at async invokeRender (file://C:\Users\Usuario\Documents\Projects\retoPescanova\frontend\node_modules\next\dist\server\lib\router-server.js:240:21)
    at async handleRequest (file://C:\Users\Usuario\Documents\Projects\retoPescanova\frontend\node_modules\next\dist\server\lib\router-server.js:437:24)
    at async requestHandlerImpl (file://C:\Users\Usuario\Documents\Projects\retoPescanova\frontend\node_modules\next\dist\server\lib\router-server.js:485:13)
    at async Server.requestListener (file://C:\Users\Usuario\Documents\Projects\retoPescanova\frontend\node_modules\next\dist\server\lib\start-server.js:226:13)
[  131901ms] [LOG] [HMR] connected @ webpack-internal:///(pages-dir-browser)/./node_modules/next/dist/client/dev/hot-reloader/pages/websocket.js:45
[  133737ms] [ERROR] Failed to load resource: the server responded with a status of 404 (Not Found) @ http://localhost:3000/_next/static/webpack/119d7b6dd4a66877.webpack.hot-update.json:0
[  133737ms] [WARNING] [Fast Refresh] performing full reload because your application had an unrecoverable error @ webpack-internal:///(pages-dir-browser)/./node_modules/next/dist/client/dev/hot-reloader/pages/hot-reloader-pages.js:347
[  134024ms] [ERROR] Failed to load resource: the server responded with a status of 500 (Internal Server Error) @ http://localhost:3000/training:0
[  134430ms] [INFO] %cDownload the React DevTools for a better development experience: https://reactjs.org/link/react-devtools font-weight:bold @ webpack-internal:///(pages-dir-browser)/./node_modules/react-dom/cjs/react-dom.development.js:29889
[  134455ms] TypeError: __webpack_modules__[moduleId] is not a function
    at __webpack_require__ (file://C:\Users\Usuario\Documents\Projects\retoPescanova\frontend\.next\server\webpack-runtime.js:25:42)
    at eval (webpack-internal:///(rsc)/./node_modules/next/dist/server/app-render/encryption-utils.js:40:35)
    at <unknown> (rsc)/./node_modules/next/dist/server/app-render/encryption-utils.js (C:\Users\Usuario\Documents\Projects\retoPescanova\frontend\.next\server\vendor-chunks\next.js:1773:1)
    at __webpack_require__ (file://C:\Users\Usuario\Documents\Projects\retoPescanova\frontend\.next\server\webpack-runtime.js:25:42)
    at eval (webpack-internal:///(rsc)/./node_modules/next/dist/build/webpack/loaders/next-app-loader/index.js?name=app%2Ftraining%2Fpage&page=%2Ftraining%2Fpage&appPaths=%2Ftraining%2Fpage&pagePath=private-next-app-dir%2Ftraining%2Fpage.tsx&appDir=C%3A%5CUsers%5CUsuario%5CDocuments%5CProjects%5CretoPescanova%5Cfrontend%5Capp&pageExtensions=tsx&pageExtensions=ts&pageExtensions=jsx&pageExtensions=js&rootDir=C%3A%5CUsers%5CUsuario%5CDocuments%5CProjects%5CretoPescanova%5Cfrontend&isDev=true&tsconfigPath=tsconfig.json&basePath=&assetPrefix=&nextConfigOutput=standalone&preferredRegion=&middlewareConfig=e30%3D&isGlobalNotFoundEnabled=!:28:103)
    at <unknown> (rsc)/./node_modules/next/dist/build/webpack/loaders/next-app-loader/index.js?name=app%2Ftraining%2Fpage&page=%2Ftraining%2Fpage&appPaths=%2Ftraining%2Fpage&pagePath=private-next-app-dir%2Ftraining%2Fpage.tsx&appDir=C%3A%5CUsers%5CUsuario%5CDocuments%5CProjects%5CretoPescanova%5Cfrontend%5Capp&pageExtensions=tsx&pageExtensions=ts&pageExtensions=jsx&pageExtensions=js&rootDir=C%3A%5CUsers%5CUsuario%5CDocuments%5CProjects%5CretoPescanova%5Cfrontend&isDev=true&tsconfigPath=tsconfig.json&basePath=&assetPrefix=&nextConfigOutput=standalone&preferredRegion=&middlewareConfig=e30%3D&isGlobalNotFoundEnabled=! (C:\Users\Usuario\Documents\Projects\retoPescanova\frontend\.next\server\app\training\page.js:66:1)
    at __webpack_require__ (file://C:\Users\Usuario\Documents\Projects\retoPescanova\frontend\.next\server\webpack-runtime.js:25:42)
    at __webpack_exec__ (file://C:\Users\Usuario\Documents\Projects\retoPescanova\frontend\.next\server\app\training\page.js:433:39)
    at <unknown> (file://C:\Users\Usuario\Documents\Projects\retoPescanova\frontend\.next\server\app\training\page.js:434:268)
    at __webpack_require__.X (file://C:\Users\Usuario\Documents\Projects\retoPescanova\frontend\.next\server\webpack-runtime.js:155:21)
    at <unknown> (file://C:\Users\Usuario\Documents\Projects\retoPescanova\frontend\.next\server\app\training\page.js:434:47)
    at Object.<anonymous> (file://C:\Users\Usuario\Documents\Projects\retoPescanova\frontend\.next\server\app\training\page.js:437:3)
    at Module._compile (node:internal/modules/cjs/loader:1730:14)
    at Object..js (node:internal/modules/cjs/loader:1895:10)
    at Module.load (node:internal/modules/cjs/loader:1465:32)
    at Function._load (node:internal/modules/cjs/loader:1282:12)
    at TracingChannel.traceSync (node:diagnostics_channel:322:14)
    at wrapModuleLoad (node:internal/modules/cjs/loader:235:24)
    at Module.<anonymous> (node:internal/modules/cjs/loader:1487:12)
    at mod.require (file://C:\Users\Usuario\Documents\Projects\retoPescanova\frontend\node_modules\next\dist\server\require-hook.js:68:28)
    at require (node:internal/modules/helpers:135:16)
    at requirePage (file://C:\Users\Usuario\Documents\Projects\retoPescanova\frontend\node_modules\next\dist\server\require.js:99:80)
    at loadComponentsImpl (file://C:\Users\Usuario\Documents\Projects\retoPescanova\frontend\node_modules\next\dist\server\load-components.js:132:57)
    at async DevServer.findPageComponentsImpl (file://C:\Users\Usuario\Documents\Projects\retoPescanova\frontend\node_modules\next\dist\server\next-server.js:900:36)
    at async DevServer.findPageComponents (file://C:\Users\Usuario\Documents\Projects\retoPescanova\frontend\node_modules\next\dist\server\dev\next-dev-server.js:706:16)
    at async DevServer.renderPageComponent (file://C:\Users\Usuario\Documents\Projects\retoPescanova\frontend\node_modules\next\dist\server\base-server.js:1468:24)
    at async DevServer.renderToResponseImpl (file://C:\Users\Usuario\Documents\Projects\retoPescanova\frontend\node_modules\next\dist\server\base-server.js:1522:32)
    at async DevServer.pipeImpl (file://C:\Users\Usuario\Documents\Projects\retoPescanova\frontend\node_modules\next\dist\server\base-server.js:1026:25)
    at async NextNodeServer.handleCatchallRenderRequest (file://C:\Users\Usuario\Documents\Projects\retoPescanova\frontend\node_modules\next\dist\server\next-server.js:394:17)
    at async DevServer.handleRequestImpl (file://C:\Users\Usuario\Documents\Projects\retoPescanova\frontend\node_modules\next\dist\server\base-server.js:917:17)
    at async (file://C:\Users\Usuario\Documents\Projects\retoPescanova\frontend\node_modules\next\dist\server\dev\next-dev-server.js:400:20)
    at async Span.traceAsyncFn (file://C:\Users\Usuario\Documents\Projects\retoPescanova\frontend\node_modules\next\dist\trace\trace.js:157:20)
    at async DevServer.handleRequest (file://C:\Users\Usuario\Documents\Projects\retoPescanova\frontend\node_modules\next\dist\server\dev\next-dev-server.js:396:24)
    at async invokeRender (file://C:\Users\Usuario\Documents\Projects\retoPescanova\frontend\node_modules\next\dist\server\lib\router-server.js:240:21)
    at async handleRequest (file://C:\Users\Usuario\Documents\Projects\retoPescanova\frontend\node_modules\next\dist\server\lib\router-server.js:437:24)
    at async requestHandlerImpl (file://C:\Users\Usuario\Documents\Projects\retoPescanova\frontend\node_modules\next\dist\server\lib\router-server.js:485:13)
    at async Server.requestListener (file://C:\Users\Usuario\Documents\Projects\retoPescanova\frontend\node_modules\next\dist\server\lib\start-server.js:226:13)
[  134454ms] [LOG] [HMR] connected @ webpack-internal:///(pages-dir-browser)/./node_modules/next/dist/client/dev/hot-reloader/pages/websocket.js:45
[  135016ms] [ERROR] Failed to load resource: the server responded with a status of 404 (Not Found) @ http://localhost:3000/_next/static/webpack/119d7b6dd4a66877.webpack.hot-update.json:0
[  135016ms] [WARNING] [Fast Refresh] performing full reload because your application had an unrecoverable error @ webpack-internal:///(pages-dir-browser)/./node_modules/next/dist/client/dev/hot-reloader/pages/hot-reloader-pages.js:347
[  135308ms] [ERROR] Failed to load resource: the server responded with a status of 500 (Internal Server Error) @ http://localhost:3000/training:0
[  135910ms] [INFO] %cDownload the React DevTools for a better development experience: https://reactjs.org/link/react-devtools font-weight:bold @ webpack-internal:///(pages-dir-browser)/./node_modules/react-dom/cjs/react-dom.development.js:29889
[  135937ms] TypeError: __webpack_modules__[moduleId] is not a function
    at __webpack_require__ (file://C:\Users\Usuario\Documents\Projects\retoPescanova\frontend\.next\server\webpack-runtime.js:25:42)
    at eval (webpack-internal:///(rsc)/./node_modules/next/dist/server/app-render/encryption-utils.js:40:35)
    at <unknown> (rsc)/./node_modules/next/dist/server/app-render/encryption-utils.js (C:\Users\Usuario\Documents\Projects\retoPescanova\frontend\.next\server\vendor-chunks\next.js:1773:1)
    at __webpack_require__ (file://C:\Users\Usuario\Documents\Projects\retoPescanova\frontend\.next\server\webpack-runtime.js:25:42)
    at eval (webpack-internal:///(rsc)/./node_modules/next/dist/build/webpack/loaders/next-app-loader/index.js?name=app%2Ftraining%2Fpage&page=%2Ftraining%2Fpage&appPaths=%2Ftraining%2Fpage&pagePath=private-next-app-dir%2Ftraining%2Fpage.tsx&appDir=C%3A%5CUsers%5CUsuario%5CDocuments%5CProjects%5CretoPescanova%5Cfrontend%5Capp&pageExtensions=tsx&pageExtensions=ts&pageExtensions=jsx&pageExtensions=js&rootDir=C%3A%5CUsers%5CUsuario%5CDocuments%5CProjects%5CretoPescanova%5Cfrontend&isDev=true&tsconfigPath=tsconfig.json&basePath=&assetPrefix=&nextConfigOutput=standalone&preferredRegion=&middlewareConfig=e30%3D&isGlobalNotFoundEnabled=!:28:103)
    at <unknown> (rsc)/./node_modules/next/dist/build/webpack/loaders/next-app-loader/index.js?name=app%2Ftraining%2Fpage&page=%2Ftraining%2Fpage&appPaths=%2Ftraining%2Fpage&pagePath=private-next-app-dir%2Ftraining%2Fpage.tsx&appDir=C%3A%5CUsers%5CUsuario%5CDocuments%5CProjects%5CretoPescanova%5Cfrontend%5Capp&pageExtensions=tsx&pageExtensions=ts&pageExtensions=jsx&pageExtensions=js&rootDir=C%3A%5CUsers%5CUsuario%5CDocuments%5CProjects%5CretoPescanova%5Cfrontend&isDev=true&tsconfigPath=tsconfig.json&basePath=&assetPrefix=&nextConfigOutput=standalone&preferredRegion=&middlewareConfig=e30%3D&isGlobalNotFoundEnabled=! (C:\Users\Usuario\Documents\Projects\retoPescanova\frontend\.next\server\app\training\page.js:66:1)
    at __webpack_require__ (file://C:\Users\Usuario\Documents\Projects\retoPescanova\frontend\.next\server\webpack-runtime.js:25:42)
    at __webpack_exec__ (file://C:\Users\Usuario\Documents\Projects\retoPescanova\frontend\.next\server\app\training\page.js:433:39)
    at <unknown> (file://C:\Users\Usuario\Documents\Projects\retoPescanova\frontend\.next\server\app\training\page.js:434:268)
    at __webpack_require__.X (file://C:\Users\Usuario\Documents\Projects\retoPescanova\frontend\.next\server\webpack-runtime.js:155:21)
    at <unknown> (file://C:\Users\Usuario\Documents\Projects\retoPescanova\frontend\.next\server\app\training\page.js:434:47)
    at Object.<anonymous> (file://C:\Users\Usuario\Documents\Projects\retoPescanova\frontend\.next\server\app\training\page.js:437:3)
    at Module._compile (node:internal/modules/cjs/loader:1730:14)
    at Object..js (node:internal/modules/cjs/loader:1895:10)
    at Module.load (node:internal/modules/cjs/loader:1465:32)
    at Function._load (node:internal/modules/cjs/loader:1282:12)
    at TracingChannel.traceSync (node:diagnostics_channel:322:14)
    at wrapModuleLoad (node:internal/modules/cjs/loader:235:24)
    at Module.<anonymous> (node:internal/modules/cjs/loader:1487:12)
    at mod.require (file://C:\Users\Usuario\Documents\Projects\retoPescanova\frontend\node_modules\next\dist\server\require-hook.js:68:28)
    at require (node:internal/modules/helpers:135:16)
    at requirePage (file://C:\Users\Usuario\Documents\Projects\retoPescanova\frontend\node_modules\next\dist\server\require.js:99:80)
    at loadComponentsImpl (file://C:\Users\Usuario\Documents\Projects\retoPescanova\frontend\node_modules\next\dist\server\load-components.js:132:57)
    at async DevServer.findPageComponentsImpl (file://C:\Users\Usuario\Documents\Projects\retoPescanova\frontend\node_modules\next\dist\server\next-server.js:900:36)
    at async DevServer.findPageComponents (file://C:\Users\Usuario\Documents\Projects\retoPescanova\frontend\node_modules\next\dist\server\dev\next-dev-server.js:706:16)
    at async DevServer.renderPageComponent (file://C:\Users\Usuario\Documents\Projects\retoPescanova\frontend\node_modules\next\dist\server\base-server.js:1468:24)
    at async DevServer.renderToResponseImpl (file://C:\Users\Usuario\Documents\Projects\retoPescanova\frontend\node_modules\next\dist\server\base-server.js:1522:32)
    at async DevServer.pipeImpl (file://C:\Users\Usuario\Documents\Projects\retoPescanova\frontend\node_modules\next\dist\server\base-server.js:1026:25)
    at async NextNodeServer.handleCatchallRenderRequest (file://C:\Users\Usuario\Documents\Projects\retoPescanova\frontend\node_modules\next\dist\server\next-server.js:394:17)
    at async DevServer.handleRequestImpl (file://C:\Users\Usuario\Documents\Projects\retoPescanova\frontend\node_modules\next\dist\server\base-server.js:917:17)
    at async (file://C:\Users\Usuario\Documents\Projects\retoPescanova\frontend\node_modules\next\dist\server\dev\next-dev-server.js:400:20)
    at async Span.traceAsyncFn (file://C:\Users\Usuario\Documents\Projects\retoPescanova\frontend\node_modules\next\dist\trace\trace.js:157:20)
    at async DevServer.handleRequest (file://C:\Users\Usuario\Documents\Projects\retoPescanova\frontend\node_modules\next\dist\server\dev\next-dev-server.js:396:24)
    at async invokeRender (file://C:\Users\Usuario\Documents\Projects\retoPescanova\frontend\node_modules\next\dist\server\lib\router-server.js:240:21)
    at async handleRequest (file://C:\Users\Usuario\Documents\Projects\retoPescanova\frontend\node_modules\next\dist\server\lib\router-server.js:437:24)
    at async requestHandlerImpl (file://C:\Users\Usuario\Documents\Projects\retoPescanova\frontend\node_modules\next\dist\server\lib\router-server.js:485:13)
    at async Server.requestListener (file://C:\Users\Usuario\Documents\Projects\retoPescanova\frontend\node_modules\next\dist\server\lib\start-server.js:226:13)
[  135937ms] [LOG] [HMR] connected @ webpack-internal:///(pages-dir-browser)/./node_modules/next/dist/client/dev/hot-reloader/pages/websocket.js:45
[  137617ms] [ERROR] Failed to load resource: the server responded with a status of 404 (Not Found) @ http://localhost:3000/_next/static/webpack/119d7b6dd4a66877.webpack.hot-update.json:0
[  137618ms] [WARNING] [Fast Refresh] performing full reload because your application had an unrecoverable error @ webpack-internal:///(pages-dir-browser)/./node_modules/next/dist/client/dev/hot-reloader/pages/hot-reloader-pages.js:347
[  137911ms] [ERROR] Failed to load resource: the server responded with a status of 500 (Internal Server Error) @ http://localhost:3000/training:0
[  138373ms] [INFO] %cDownload the React DevTools for a better development experience: https://reactjs.org/link/react-devtools font-weight:bold @ webpack-internal:///(pages-dir-browser)/./node_modules/react-dom/cjs/react-dom.development.js:29889
[  138400ms] TypeError: __webpack_modules__[moduleId] is not a function
    at __webpack_require__ (file://C:\Users\Usuario\Documents\Projects\retoPescanova\frontend\.next\server\webpack-runtime.js:25:42)
    at eval (webpack-internal:///(rsc)/./node_modules/next/dist/server/app-render/encryption-utils.js:40:35)
    at <unknown> (rsc)/./node_modules/next/dist/server/app-render/encryption-utils.js (C:\Users\Usuario\Documents\Projects\retoPescanova\frontend\.next\server\vendor-chunks\next.js:1773:1)
    at __webpack_require__ (file://C:\Users\Usuario\Documents\Projects\retoPescanova\frontend\.next\server\webpack-runtime.js:25:42)
    at eval (webpack-internal:///(rsc)/./node_modules/next/dist/build/webpack/loaders/next-app-loader/index.js?name=app%2Ftraining%2Fpage&page=%2Ftraining%2Fpage&appPaths=%2Ftraining%2Fpage&pagePath=private-next-app-dir%2Ftraining%2Fpage.tsx&appDir=C%3A%5CUsers%5CUsuario%5CDocuments%5CProjects%5CretoPescanova%5Cfrontend%5Capp&pageExtensions=tsx&pageExtensions=ts&pageExtensions=jsx&pageExtensions=js&rootDir=C%3A%5CUsers%5CUsuario%5CDocuments%5CProjects%5CretoPescanova%5Cfrontend&isDev=true&tsconfigPath=tsconfig.json&basePath=&assetPrefix=&nextConfigOutput=standalone&preferredRegion=&middlewareConfig=e30%3D&isGlobalNotFoundEnabled=!:28:103)
    at <unknown> (rsc)/./node_modules/next/dist/build/webpack/loaders/next-app-loader/index.js?name=app%2Ftraining%2Fpage&page=%2Ftraining%2Fpage&appPaths=%2Ftraining%2Fpage&pagePath=private-next-app-dir%2Ftraining%2Fpage.tsx&appDir=C%3A%5CUsers%5CUsuario%5CDocuments%5CProjects%5CretoPescanova%5Cfrontend%5Capp&pageExtensions=tsx&pageExtensions=ts&pageExtensions=jsx&pageExtensions=js&rootDir=C%3A%5CUsers%5CUsuario%5CDocuments%5CProjects%5CretoPescanova%5Cfrontend&isDev=true&tsconfigPath=tsconfig.json&basePath=&assetPrefix=&nextConfigOutput=standalone&preferredRegion=&middlewareConfig=e30%3D&isGlobalNotFoundEnabled=! (C:\Users\Usuario\Documents\Projects\retoPescanova\frontend\.next\server\app\training\page.js:66:1)
    at __webpack_require__ (file://C:\Users\Usuario\Documents\Projects\retoPescanova\frontend\.next\server\webpack-runtime.js:25:42)
    at __webpack_exec__ (file://C:\Users\Usuario\Documents\Projects\retoPescanova\frontend\.next\server\app\training\page.js:433:39)
    at <unknown> (file://C:\Users\Usuario\Documents\Projects\retoPescanova\frontend\.next\server\app\training\page.js:434:268)
    at __webpack_require__.X (file://C:\Users\Usuario\Documents\Projects\retoPescanova\frontend\.next\server\webpack-runtime.js:155:21)
    at <unknown> (file://C:\Users\Usuario\Documents\Projects\retoPescanova\frontend\.next\server\app\training\page.js:434:47)
    at Object.<anonymous> (file://C:\Users\Usuario\Documents\Projects\retoPescanova\frontend\.next\server\app\training\page.js:437:3)
    at Module._compile (node:internal/modules/cjs/loader:1730:14)
    at Object..js (node:internal/modules/cjs/loader:1895:10)
    at Module.load (node:internal/modules/cjs/loader:1465:32)
    at Function._load (node:internal/modules/cjs/loader:1282:12)
    at TracingChannel.traceSync (node:diagnostics_channel:322:14)
    at wrapModuleLoad (node:internal/modules/cjs/loader:235:24)
    at Module.<anonymous> (node:internal/modules/cjs/loader:1487:12)
    at mod.require (file://C:\Users\Usuario\Documents\Projects\retoPescanova\frontend\node_modules\next\dist\server\require-hook.js:68:28)
    at require (node:internal/modules/helpers:135:16)
    at requirePage (file://C:\Users\Usuario\Documents\Projects\retoPescanova\frontend\node_modules\next\dist\server\require.js:99:80)
    at loadComponentsImpl (file://C:\Users\Usuario\Documents\Projects\retoPescanova\frontend\node_modules\next\dist\server\load-components.js:132:57)
    at async DevServer.findPageComponentsImpl (file://C:\Users\Usuario\Documents\Projects\retoPescanova\frontend\node_modules\next\dist\server\next-server.js:900:36)
    at async DevServer.findPageComponents (file://C:\Users\Usuario\Documents\Projects\retoPescanova\frontend\node_modules\next\dist\server\dev\next-dev-server.js:706:16)
    at async DevServer.renderPageComponent (file://C:\Users\Usuario\Documents\Projects\retoPescanova\frontend\node_modules\next\dist\server\base-server.js:1468:24)
    at async DevServer.renderToResponseImpl (file://C:\Users\Usuario\Documents\Projects\retoPescanova\frontend\node_modules\next\dist\server\base-server.js:1522:32)
    at async DevServer.pipeImpl (file://C:\Users\Usuario\Documents\Projects\retoPescanova\frontend\node_modules\next\dist\server\base-server.js:1026:25)
    at async NextNodeServer.handleCatchallRenderRequest (file://C:\Users\Usuario\Documents\Projects\retoPescanova\frontend\node_modules\next\dist\server\next-server.js:394:17)
    at async DevServer.handleRequestImpl (file://C:\Users\Usuario\Documents\Projects\retoPescanova\frontend\node_modules\next\dist\server\base-server.js:917:17)
    at async (file://C:\Users\Usuario\Documents\Projects\retoPescanova\frontend\node_modules\next\dist\server\dev\next-dev-server.js:400:20)
    at async Span.traceAsyncFn (file://C:\Users\Usuario\Documents\Projects\retoPescanova\frontend\node_modules\next\dist\trace\trace.js:157:20)
    at async DevServer.handleRequest (file://C:\Users\Usuario\Documents\Projects\retoPescanova\frontend\node_modules\next\dist\server\dev\next-dev-server.js:396:24)
    at async invokeRender (file://C:\Users\Usuario\Documents\Projects\retoPescanova\frontend\node_modules\next\dist\server\lib\router-server.js:240:21)
    at async handleRequest (file://C:\Users\Usuario\Documents\Projects\retoPescanova\frontend\node_modules\next\dist\server\lib\router-server.js:437:24)
    at async requestHandlerImpl (file://C:\Users\Usuario\Documents\Projects\retoPescanova\frontend\node_modules\next\dist\server\lib\router-server.js:485:13)
    at async Server.requestListener (file://C:\Users\Usuario\Documents\Projects\retoPescanova\frontend\node_modules\next\dist\server\lib\start-server.js:226:13)
[  138400ms] [LOG] [HMR] connected @ webpack-internal:///(pages-dir-browser)/./node_modules/next/dist/client/dev/hot-reloader/pages/websocket.js:45
[  139276ms] [ERROR] Failed to load resource: the server responded with a status of 404 (Not Found) @ http://localhost:3000/_next/static/webpack/119d7b6dd4a66877.webpack.hot-update.json:0
[  139277ms] [WARNING] [Fast Refresh] performing full reload because your application had an unrecoverable error @ webpack-internal:///(pages-dir-browser)/./node_modules/next/dist/client/dev/hot-reloader/pages/hot-reloader-pages.js:347
[  139572ms] [ERROR] Failed to load resource: the server responded with a status of 500 (Internal Server Error) @ http://localhost:3000/training:0
[  140169ms] [INFO] %cDownload the React DevTools for a better development experience: https://reactjs.org/link/react-devtools font-weight:bold @ webpack-internal:///(pages-dir-browser)/./node_modules/react-dom/cjs/react-dom.development.js:29889
[  140191ms] TypeError: __webpack_modules__[moduleId] is not a function
    at __webpack_require__ (file://C:\Users\Usuario\Documents\Projects\retoPescanova\frontend\.next\server\webpack-runtime.js:25:42)
    at eval (webpack-internal:///(rsc)/./node_modules/next/dist/server/app-render/encryption-utils.js:40:35)
    at <unknown> (rsc)/./node_modules/next/dist/server/app-render/encryption-utils.js (C:\Users\Usuario\Documents\Projects\retoPescanova\frontend\.next\server\vendor-chunks\next.js:1773:1)
    at __webpack_require__ (file://C:\Users\Usuario\Documents\Projects\retoPescanova\frontend\.next\server\webpack-runtime.js:25:42)
    at eval (webpack-internal:///(rsc)/./node_modules/next/dist/build/webpack/loaders/next-app-loader/index.js?name=app%2Ftraining%2Fpage&page=%2Ftraining%2Fpage&appPaths=%2Ftraining%2Fpage&pagePath=private-next-app-dir%2Ftraining%2Fpage.tsx&appDir=C%3A%5CUsers%5CUsuario%5CDocuments%5CProjects%5CretoPescanova%5Cfrontend%5Capp&pageExtensions=tsx&pageExtensions=ts&pageExtensions=jsx&pageExtensions=js&rootDir=C%3A%5CUsers%5CUsuario%5CDocuments%5CProjects%5CretoPescanova%5Cfrontend&isDev=true&tsconfigPath=tsconfig.json&basePath=&assetPrefix=&nextConfigOutput=standalone&preferredRegion=&middlewareConfig=e30%3D&isGlobalNotFoundEnabled=!:28:103)
    at <unknown> (rsc)/./node_modules/next/dist/build/webpack/loaders/next-app-loader/index.js?name=app%2Ftraining%2Fpage&page=%2Ftraining%2Fpage&appPaths=%2Ftraining%2Fpage&pagePath=private-next-app-dir%2Ftraining%2Fpage.tsx&appDir=C%3A%5CUsers%5CUsuario%5CDocuments%5CProjects%5CretoPescanova%5Cfrontend%5Capp&pageExtensions=tsx&pageExtensions=ts&pageExtensions=jsx&pageExtensions=js&rootDir=C%3A%5CUsers%5CUsuario%5CDocuments%5CProjects%5CretoPescanova%5Cfrontend&isDev=true&tsconfigPath=tsconfig.json&basePath=&assetPrefix=&nextConfigOutput=standalone&preferredRegion=&middlewareConfig=e30%3D&isGlobalNotFoundEnabled=! (C:\Users\Usuario\Documents\Projects\retoPescanova\frontend\.next\server\app\training\page.js:66:1)
    at __webpack_require__ (file://C:\Users\Usuario\Documents\Projects\retoPescanova\frontend\.next\server\webpack-runtime.js:25:42)
    at __webpack_exec__ (file://C:\Users\Usuario\Documents\Projects\retoPescanova\frontend\.next\server\app\training\page.js:433:39)
    at <unknown> (file://C:\Users\Usuario\Documents\Projects\retoPescanova\frontend\.next\server\app\training\page.js:434:268)
    at __webpack_require__.X (file://C:\Users\Usuario\Documents\Projects\retoPescanova\frontend\.next\server\webpack-runtime.js:155:21)
    at <unknown> (file://C:\Users\Usuario\Documents\Projects\retoPescanova\frontend\.next\server\app\training\page.js:434:47)
    at Object.<anonymous> (file://C:\Users\Usuario\Documents\Projects\retoPescanova\frontend\.next\server\app\training\page.js:437:3)
    at Module._compile (node:internal/modules/cjs/loader:1730:14)
    at Object..js (node:internal/modules/cjs/loader:1895:10)
    at Module.load (node:internal/modules/cjs/loader:1465:32)
    at Function._load (node:internal/modules/cjs/loader:1282:12)
    at TracingChannel.traceSync (node:diagnostics_channel:322:14)
    at wrapModuleLoad (node:internal/modules/cjs/loader:235:24)
    at Module.<anonymous> (node:internal/modules/cjs/loader:1487:12)
    at mod.require (file://C:\Users\Usuario\Documents\Projects\retoPescanova\frontend\node_modules\next\dist\server\require-hook.js:68:28)
    at require (node:internal/modules/helpers:135:16)
    at requirePage (file://C:\Users\Usuario\Documents\Projects\retoPescanova\frontend\node_modules\next\dist\server\require.js:99:80)
    at loadComponentsImpl (file://C:\Users\Usuario\Documents\Projects\retoPescanova\frontend\node_modules\next\dist\server\load-components.js:132:57)
    at async DevServer.findPageComponentsImpl (file://C:\Users\Usuario\Documents\Projects\retoPescanova\frontend\node_modules\next\dist\server\next-server.js:900:36)
    at async DevServer.findPageComponents (file://C:\Users\Usuario\Documents\Projects\retoPescanova\frontend\node_modules\next\dist\server\dev\next-dev-server.js:706:16)
    at async DevServer.renderPageComponent (file://C:\Users\Usuario\Documents\Projects\retoPescanova\frontend\node_modules\next\dist\server\base-server.js:1468:24)
    at async DevServer.renderToResponseImpl (file://C:\Users\Usuario\Documents\Projects\retoPescanova\frontend\node_modules\next\dist\server\base-server.js:1522:32)
    at async DevServer.pipeImpl (file://C:\Users\Usuario\Documents\Projects\retoPescanova\frontend\node_modules\next\dist\server\base-server.js:1026:25)
    at async NextNodeServer.handleCatchallRenderRequest (file://C:\Users\Usuario\Documents\Projects\retoPescanova\frontend\node_modules\next\dist\server\next-server.js:394:17)
    at async DevServer.handleRequestImpl (file://C:\Users\Usuario\Documents\Projects\retoPescanova\frontend\node_modules\next\dist\server\base-server.js:917:17)
    at async (file://C:\Users\Usuario\Documents\Projects\retoPescanova\frontend\node_modules\next\dist\server\dev\next-dev-server.js:400:20)
    at async Span.traceAsyncFn (file://C:\Users\Usuario\Documents\Projects\retoPescanova\frontend\node_modules\next\dist\trace\trace.js:157:20)
    at async DevServer.handleRequest (file://C:\Users\Usuario\Documents\Projects\retoPescanova\frontend\node_modules\next\dist\server\dev\next-dev-server.js:396:24)
    at async invokeRender (file://C:\Users\Usuario\Documents\Projects\retoPescanova\frontend\node_modules\next\dist\server\lib\router-server.js:240:21)
    at async handleRequest (file://C:\Users\Usuario\Documents\Projects\retoPescanova\frontend\node_modules\next\dist\server\lib\router-server.js:437:24)
    at async requestHandlerImpl (file://C:\Users\Usuario\Documents\Projects\retoPescanova\frontend\node_modules\next\dist\server\lib\router-server.js:485:13)
    at async Server.requestListener (file://C:\Users\Usuario\Documents\Projects\retoPescanova\frontend\node_modules\next\dist\server\lib\start-server.js:226:13)
[  140192ms] [LOG] [HMR] connected @ webpack-internal:///(pages-dir-browser)/./node_modules/next/dist/client/dev/hot-reloader/pages/websocket.js:45
[  141900ms] [ERROR] Failed to load resource: the server responded with a status of 404 (Not Found) @ http://localhost:3000/_next/static/webpack/119d7b6dd4a66877.webpack.hot-update.json:0
[  141900ms] [WARNING] [Fast Refresh] performing full reload because your application had an unrecoverable error @ webpack-internal:///(pages-dir-browser)/./node_modules/next/dist/client/dev/hot-reloader/pages/hot-reloader-pages.js:347
[  142240ms] [ERROR] Failed to load resource: the server responded with a status of 500 (Internal Server Error) @ http://localhost:3000/training:0
[  142637ms] [INFO] %cDownload the React DevTools for a better development experience: https://reactjs.org/link/react-devtools font-weight:bold @ webpack-internal:///(pages-dir-browser)/./node_modules/react-dom/cjs/react-dom.development.js:29889
[  142660ms] TypeError: __webpack_modules__[moduleId] is not a function
    at __webpack_require__ (file://C:\Users\Usuario\Documents\Projects\retoPescanova\frontend\.next\server\webpack-runtime.js:25:42)
    at eval (webpack-internal:///(rsc)/./node_modules/next/dist/server/app-render/encryption-utils.js:40:35)
    at <unknown> (rsc)/./node_modules/next/dist/server/app-render/encryption-utils.js (C:\Users\Usuario\Documents\Projects\retoPescanova\frontend\.next\server\vendor-chunks\next.js:1773:1)
    at __webpack_require__ (file://C:\Users\Usuario\Documents\Projects\retoPescanova\frontend\.next\server\webpack-runtime.js:25:42)
    at eval (webpack-internal:///(rsc)/./node_modules/next/dist/build/webpack/loaders/next-app-loader/index.js?name=app%2Ftraining%2Fpage&page=%2Ftraining%2Fpage&appPaths=%2Ftraining%2Fpage&pagePath=private-next-app-dir%2Ftraining%2Fpage.tsx&appDir=C%3A%5CUsers%5CUsuario%5CDocuments%5CProjects%5CretoPescanova%5Cfrontend%5Capp&pageExtensions=tsx&pageExtensions=ts&pageExtensions=jsx&pageExtensions=js&rootDir=C%3A%5CUsers%5CUsuario%5CDocuments%5CProjects%5CretoPescanova%5Cfrontend&isDev=true&tsconfigPath=tsconfig.json&basePath=&assetPrefix=&nextConfigOutput=standalone&preferredRegion=&middlewareConfig=e30%3D&isGlobalNotFoundEnabled=!:28:103)
    at <unknown> (rsc)/./node_modules/next/dist/build/webpack/loaders/next-app-loader/index.js?name=app%2Ftraining%2Fpage&page=%2Ftraining%2Fpage&appPaths=%2Ftraining%2Fpage&pagePath=private-next-app-dir%2Ftraining%2Fpage.tsx&appDir=C%3A%5CUsers%5CUsuario%5CDocuments%5CProjects%5CretoPescanova%5Cfrontend%5Capp&pageExtensions=tsx&pageExtensions=ts&pageExtensions=jsx&pageExtensions=js&rootDir=C%3A%5CUsers%5CUsuario%5CDocuments%5CProjects%5CretoPescanova%5Cfrontend&isDev=true&tsconfigPath=tsconfig.json&basePath=&assetPrefix=&nextConfigOutput=standalone&preferredRegion=&middlewareConfig=e30%3D&isGlobalNotFoundEnabled=! (C:\Users\Usuario\Documents\Projects\retoPescanova\frontend\.next\server\app\training\page.js:66:1)
    at __webpack_require__ (file://C:\Users\Usuario\Documents\Projects\retoPescanova\frontend\.next\server\webpack-runtime.js:25:42)
    at __webpack_exec__ (file://C:\Users\Usuario\Documents\Projects\retoPescanova\frontend\.next\server\app\training\page.js:433:39)
    at <unknown> (file://C:\Users\Usuario\Documents\Projects\retoPescanova\frontend\.next\server\app\training\page.js:434:268)
    at __webpack_require__.X (file://C:\Users\Usuario\Documents\Projects\retoPescanova\frontend\.next\server\webpack-runtime.js:155:21)
    at <unknown> (file://C:\Users\Usuario\Documents\Projects\retoPescanova\frontend\.next\server\app\training\page.js:434:47)
    at Object.<anonymous> (file://C:\Users\Usuario\Documents\Projects\retoPescanova\frontend\.next\server\app\training\page.js:437:3)
    at Module._compile (node:internal/modules/cjs/loader:1730:14)
    at Object..js (node:internal/modules/cjs/loader:1895:10)
    at Module.load (node:internal/modules/cjs/loader:1465:32)
    at Function._load (node:internal/modules/cjs/loader:1282:12)
    at TracingChannel.traceSync (node:diagnostics_channel:322:14)
    at wrapModuleLoad (node:internal/modules/cjs/loader:235:24)
    at Module.<anonymous> (node:internal/modules/cjs/loader:1487:12)
    at mod.require (file://C:\Users\Usuario\Documents\Projects\retoPescanova\frontend\node_modules\next\dist\server\require-hook.js:68:28)
    at require (node:internal/modules/helpers:135:16)
    at requirePage (file://C:\Users\Usuario\Documents\Projects\retoPescanova\frontend\node_modules\next\dist\server\require.js:99:80)
    at loadComponentsImpl (file://C:\Users\Usuario\Documents\Projects\retoPescanova\frontend\node_modules\next\dist\server\load-components.js:132:57)
    at async DevServer.findPageComponentsImpl (file://C:\Users\Usuario\Documents\Projects\retoPescanova\frontend\node_modules\next\dist\server\next-server.js:900:36)
    at async DevServer.findPageComponents (file://C:\Users\Usuario\Documents\Projects\retoPescanova\frontend\node_modules\next\dist\server\dev\next-dev-server.js:706:16)
    at async DevServer.renderPageComponent (file://C:\Users\Usuario\Documents\Projects\retoPescanova\frontend\node_modules\next\dist\server\base-server.js:1468:24)
    at async DevServer.renderToResponseImpl (file://C:\Users\Usuario\Documents\Projects\retoPescanova\frontend\node_modules\next\dist\server\base-server.js:1522:32)
    at async DevServer.pipeImpl (file://C:\Users\Usuario\Documents\Projects\retoPescanova\frontend\node_modules\next\dist\server\base-server.js:1026:25)
    at async NextNodeServer.handleCatchallRenderRequest (file://C:\Users\Usuario\Documents\Projects\retoPescanova\frontend\node_modules\next\dist\server\next-server.js:394:17)
    at async DevServer.handleRequestImpl (file://C:\Users\Usuario\Documents\Projects\retoPescanova\frontend\node_modules\next\dist\server\base-server.js:917:17)
    at async (file://C:\Users\Usuario\Documents\Projects\retoPescanova\frontend\node_modules\next\dist\server\dev\next-dev-server.js:400:20)
    at async Span.traceAsyncFn (file://C:\Users\Usuario\Documents\Projects\retoPescanova\frontend\node_modules\next\dist\trace\trace.js:157:20)
    at async DevServer.handleRequest (file://C:\Users\Usuario\Documents\Projects\retoPescanova\frontend\node_modules\next\dist\server\dev\next-dev-server.js:396:24)
    at async invokeRender (file://C:\Users\Usuario\Documents\Projects\retoPescanova\frontend\node_modules\next\dist\server\lib\router-server.js:240:21)
    at async handleRequest (file://C:\Users\Usuario\Documents\Projects\retoPescanova\frontend\node_modules\next\dist\server\lib\router-server.js:437:24)
    at async requestHandlerImpl (file://C:\Users\Usuario\Documents\Projects\retoPescanova\frontend\node_modules\next\dist\server\lib\router-server.js:485:13)
    at async Server.requestListener (file://C:\Users\Usuario\Documents\Projects\retoPescanova\frontend\node_modules\next\dist\server\lib\start-server.js:226:13)
[  142661ms] [LOG] [HMR] connected @ webpack-internal:///(pages-dir-browser)/./node_modules/next/dist/client/dev/hot-reloader/pages/websocket.js:45
[  143515ms] [ERROR] Failed to load resource: the server responded with a status of 404 (Not Found) @ http://localhost:3000/_next/static/webpack/119d7b6dd4a66877.webpack.hot-update.json:0
[  143515ms] [WARNING] [Fast Refresh] performing full reload because your application had an unrecoverable error @ webpack-internal:///(pages-dir-browser)/./node_modules/next/dist/client/dev/hot-reloader/pages/hot-reloader-pages.js:347
[  143826ms] [ERROR] Failed to load resource: the server responded with a status of 500 (Internal Server Error) @ http://localhost:3000/training:0
[  144448ms] [INFO] %cDownload the React DevTools for a better development experience: https://reactjs.org/link/react-devtools font-weight:bold @ webpack-internal:///(pages-dir-browser)/./node_modules/react-dom/cjs/react-dom.development.js:29889
[  144479ms] TypeError: __webpack_modules__[moduleId] is not a function
    at __webpack_require__ (file://C:\Users\Usuario\Documents\Projects\retoPescanova\frontend\.next\server\webpack-runtime.js:25:42)
    at eval (webpack-internal:///(rsc)/./node_modules/next/dist/server/app-render/encryption-utils.js:40:35)
    at <unknown> (rsc)/./node_modules/next/dist/server/app-render/encryption-utils.js (C:\Users\Usuario\Documents\Projects\retoPescanova\frontend\.next\server\vendor-chunks\next.js:1773:1)
    at __webpack_require__ (file://C:\Users\Usuario\Documents\Projects\retoPescanova\frontend\.next\server\webpack-runtime.js:25:42)
    at eval (webpack-internal:///(rsc)/./node_modules/next/dist/build/webpack/loaders/next-app-loader/index.js?name=app%2Ftraining%2Fpage&page=%2Ftraining%2Fpage&appPaths=%2Ftraining%2Fpage&pagePath=private-next-app-dir%2Ftraining%2Fpage.tsx&appDir=C%3A%5CUsers%5CUsuario%5CDocuments%5CProjects%5CretoPescanova%5Cfrontend%5Capp&pageExtensions=tsx&pageExtensions=ts&pageExtensions=jsx&pageExtensions=js&rootDir=C%3A%5CUsers%5CUsuario%5CDocuments%5CProjects%5CretoPescanova%5Cfrontend&isDev=true&tsconfigPath=tsconfig.json&basePath=&assetPrefix=&nextConfigOutput=standalone&preferredRegion=&middlewareConfig=e30%3D&isGlobalNotFoundEnabled=!:28:103)
    at <unknown> (rsc)/./node_modules/next/dist/build/webpack/loaders/next-app-loader/index.js?name=app%2Ftraining%2Fpage&page=%2Ftraining%2Fpage&appPaths=%2Ftraining%2Fpage&pagePath=private-next-app-dir%2Ftraining%2Fpage.tsx&appDir=C%3A%5CUsers%5CUsuario%5CDocuments%5CProjects%5CretoPescanova%5Cfrontend%5Capp&pageExtensions=tsx&pageExtensions=ts&pageExtensions=jsx&pageExtensions=js&rootDir=C%3A%5CUsers%5CUsuario%5CDocuments%5CProjects%5CretoPescanova%5Cfrontend&isDev=true&tsconfigPath=tsconfig.json&basePath=&assetPrefix=&nextConfigOutput=standalone&preferredRegion=&middlewareConfig=e30%3D&isGlobalNotFoundEnabled=! (C:\Users\Usuario\Documents\Projects\retoPescanova\frontend\.next\server\app\training\page.js:66:1)
    at __webpack_require__ (file://C:\Users\Usuario\Documents\Projects\retoPescanova\frontend\.next\server\webpack-runtime.js:25:42)
    at __webpack_exec__ (file://C:\Users\Usuario\Documents\Projects\retoPescanova\frontend\.next\server\app\training\page.js:433:39)
    at <unknown> (file://C:\Users\Usuario\Documents\Projects\retoPescanova\frontend\.next\server\app\training\page.js:434:268)
    at __webpack_require__.X (file://C:\Users\Usuario\Documents\Projects\retoPescanova\frontend\.next\server\webpack-runtime.js:155:21)
    at <unknown> (file://C:\Users\Usuario\Documents\Projects\retoPescanova\frontend\.next\server\app\training\page.js:434:47)
    at Object.<anonymous> (file://C:\Users\Usuario\Documents\Projects\retoPescanova\frontend\.next\server\app\training\page.js:437:3)
    at Module._compile (node:internal/modules/cjs/loader:1730:14)
    at Object..js (node:internal/modules/cjs/loader:1895:10)
    at Module.load (node:internal/modules/cjs/loader:1465:32)
    at Function._load (node:internal/modules/cjs/loader:1282:12)
    at TracingChannel.traceSync (node:diagnostics_channel:322:14)
    at wrapModuleLoad (node:internal/modules/cjs/loader:235:24)
    at Module.<anonymous> (node:internal/modules/cjs/loader:1487:12)
    at mod.require (file://C:\Users\Usuario\Documents\Projects\retoPescanova\frontend\node_modules\next\dist\server\require-hook.js:68:28)
    at require (node:internal/modules/helpers:135:16)
    at requirePage (file://C:\Users\Usuario\Documents\Projects\retoPescanova\frontend\node_modules\next\dist\server\require.js:99:80)
    at loadComponentsImpl (file://C:\Users\Usuario\Documents\Projects\retoPescanova\frontend\node_modules\next\dist\server\load-components.js:132:57)
    at async DevServer.findPageComponentsImpl (file://C:\Users\Usuario\Documents\Projects\retoPescanova\frontend\node_modules\next\dist\server\next-server.js:900:36)
    at async DevServer.findPageComponents (file://C:\Users\Usuario\Documents\Projects\retoPescanova\frontend\node_modules\next\dist\server\dev\next-dev-server.js:706:16)
    at async DevServer.renderPageComponent (file://C:\Users\Usuario\Documents\Projects\retoPescanova\frontend\node_modules\next\dist\server\base-server.js:1468:24)
    at async DevServer.renderToResponseImpl (file://C:\Users\Usuario\Documents\Projects\retoPescanova\frontend\node_modules\next\dist\server\base-server.js:1522:32)
    at async DevServer.pipeImpl (file://C:\Users\Usuario\Documents\Projects\retoPescanova\frontend\node_modules\next\dist\server\base-server.js:1026:25)
    at async NextNodeServer.handleCatchallRenderRequest (file://C:\Users\Usuario\Documents\Projects\retoPescanova\frontend\node_modules\next\dist\server\next-server.js:394:17)
    at async DevServer.handleRequestImpl (file://C:\Users\Usuario\Documents\Projects\retoPescanova\frontend\node_modules\next\dist\server\base-server.js:917:17)
    at async (file://C:\Users\Usuario\Documents\Projects\retoPescanova\frontend\node_modules\next\dist\server\dev\next-dev-server.js:400:20)
    at async Span.traceAsyncFn (file://C:\Users\Usuario\Documents\Projects\retoPescanova\frontend\node_modules\next\dist\trace\trace.js:157:20)
    at async DevServer.handleRequest (file://C:\Users\Usuario\Documents\Projects\retoPescanova\frontend\node_modules\next\dist\server\dev\next-dev-server.js:396:24)
    at async invokeRender (file://C:\Users\Usuario\Documents\Projects\retoPescanova\frontend\node_modules\next\dist\server\lib\router-server.js:240:21)
    at async handleRequest (file://C:\Users\Usuario\Documents\Projects\retoPescanova\frontend\node_modules\next\dist\server\lib\router-server.js:437:24)
    at async requestHandlerImpl (file://C:\Users\Usuario\Documents\Projects\retoPescanova\frontend\node_modules\next\dist\server\lib\router-server.js:485:13)
    at async Server.requestListener (file://C:\Users\Usuario\Documents\Projects\retoPescanova\frontend\node_modules\next\dist\server\lib\start-server.js:226:13)
[  144478ms] [LOG] [HMR] connected @ webpack-internal:///(pages-dir-browser)/./node_modules/next/dist/client/dev/hot-reloader/pages/websocket.js:45
[  146209ms] [ERROR] Failed to load resource: the server responded with a status of 404 (Not Found) @ http://localhost:3000/_next/static/webpack/119d7b6dd4a66877.webpack.hot-update.json:0
[  146209ms] [WARNING] [Fast Refresh] performing full reload because your application had an unrecoverable error @ webpack-internal:///(pages-dir-browser)/./node_modules/next/dist/client/dev/hot-reloader/pages/hot-reloader-pages.js:347
[  146577ms] [ERROR] Failed to load resource: the server responded with a status of 500 (Internal Server Error) @ http://localhost:3000/training:0
[  146992ms] [INFO] %cDownload the React DevTools for a better development experience: https://reactjs.org/link/react-devtools font-weight:bold @ webpack-internal:///(pages-dir-browser)/./node_modules/react-dom/cjs/react-dom.development.js:29889
[  147015ms] TypeError: __webpack_modules__[moduleId] is not a function
    at __webpack_require__ (file://C:\Users\Usuario\Documents\Projects\retoPescanova\frontend\.next\server\webpack-runtime.js:25:42)
    at eval (webpack-internal:///(rsc)/./node_modules/next/dist/server/app-render/encryption-utils.js:40:35)
    at <unknown> (rsc)/./node_modules/next/dist/server/app-render/encryption-utils.js (C:\Users\Usuario\Documents\Projects\retoPescanova\frontend\.next\server\vendor-chunks\next.js:1773:1)
    at __webpack_require__ (file://C:\Users\Usuario\Documents\Projects\retoPescanova\frontend\.next\server\webpack-runtime.js:25:42)
    at eval (webpack-internal:///(rsc)/./node_modules/next/dist/build/webpack/loaders/next-app-loader/index.js?name=app%2Ftraining%2Fpage&page=%2Ftraining%2Fpage&appPaths=%2Ftraining%2Fpage&pagePath=private-next-app-dir%2Ftraining%2Fpage.tsx&appDir=C%3A%5CUsers%5CUsuario%5CDocuments%5CProjects%5CretoPescanova%5Cfrontend%5Capp&pageExtensions=tsx&pageExtensions=ts&pageExtensions=jsx&pageExtensions=js&rootDir=C%3A%5CUsers%5CUsuario%5CDocuments%5CProjects%5CretoPescanova%5Cfrontend&isDev=true&tsconfigPath=tsconfig.json&basePath=&assetPrefix=&nextConfigOutput=standalone&preferredRegion=&middlewareConfig=e30%3D&isGlobalNotFoundEnabled=!:28:103)
    at <unknown> (rsc)/./node_modules/next/dist/build/webpack/loaders/next-app-loader/index.js?name=app%2Ftraining%2Fpage&page=%2Ftraining%2Fpage&appPaths=%2Ftraining%2Fpage&pagePath=private-next-app-dir%2Ftraining%2Fpage.tsx&appDir=C%3A%5CUsers%5CUsuario%5CDocuments%5CProjects%5CretoPescanova%5Cfrontend%5Capp&pageExtensions=tsx&pageExtensions=ts&pageExtensions=jsx&pageExtensions=js&rootDir=C%3A%5CUsers%5CUsuario%5CDocuments%5CProjects%5CretoPescanova%5Cfrontend&isDev=true&tsconfigPath=tsconfig.json&basePath=&assetPrefix=&nextConfigOutput=standalone&preferredRegion=&middlewareConfig=e30%3D&isGlobalNotFoundEnabled=! (C:\Users\Usuario\Documents\Projects\retoPescanova\frontend\.next\server\app\training\page.js:66:1)
    at __webpack_require__ (file://C:\Users\Usuario\Documents\Projects\retoPescanova\frontend\.next\server\webpack-runtime.js:25:42)
    at __webpack_exec__ (file://C:\Users\Usuario\Documents\Projects\retoPescanova\frontend\.next\server\app\training\page.js:433:39)
    at <unknown> (file://C:\Users\Usuario\Documents\Projects\retoPescanova\frontend\.next\server\app\training\page.js:434:268)
    at __webpack_require__.X (file://C:\Users\Usuario\Documents\Projects\retoPescanova\frontend\.next\server\webpack-runtime.js:155:21)
    at <unknown> (file://C:\Users\Usuario\Documents\Projects\retoPescanova\frontend\.next\server\app\training\page.js:434:47)
    at Object.<anonymous> (file://C:\Users\Usuario\Documents\Projects\retoPescanova\frontend\.next\server\app\training\page.js:437:3)
    at Module._compile (node:internal/modules/cjs/loader:1730:14)
    at Object..js (node:internal/modules/cjs/loader:1895:10)
    at Module.load (node:internal/modules/cjs/loader:1465:32)
    at Function._load (node:internal/modules/cjs/loader:1282:12)
    at TracingChannel.traceSync (node:diagnostics_channel:322:14)
    at wrapModuleLoad (node:internal/modules/cjs/loader:235:24)
    at Module.<anonymous> (node:internal/modules/cjs/loader:1487:12)
    at mod.require (file://C:\Users\Usuario\Documents\Projects\retoPescanova\frontend\node_modules\next\dist\server\require-hook.js:68:28)
    at require (node:internal/modules/helpers:135:16)
    at requirePage (file://C:\Users\Usuario\Documents\Projects\retoPescanova\frontend\node_modules\next\dist\server\require.js:99:80)
    at loadComponentsImpl (file://C:\Users\Usuario\Documents\Projects\retoPescanova\frontend\node_modules\next\dist\server\load-components.js:132:57)
    at async DevServer.findPageComponentsImpl (file://C:\Users\Usuario\Documents\Projects\retoPescanova\frontend\node_modules\next\dist\server\next-server.js:900:36)
    at async DevServer.findPageComponents (file://C:\Users\Usuario\Documents\Projects\retoPescanova\frontend\node_modules\next\dist\server\dev\next-dev-server.js:706:16)
    at async DevServer.renderPageComponent (file://C:\Users\Usuario\Documents\Projects\retoPescanova\frontend\node_modules\next\dist\server\base-server.js:1468:24)
    at async DevServer.renderToResponseImpl (file://C:\Users\Usuario\Documents\Projects\retoPescanova\frontend\node_modules\next\dist\server\base-server.js:1522:32)
    at async DevServer.pipeImpl (file://C:\Users\Usuario\Documents\Projects\retoPescanova\frontend\node_modules\next\dist\server\base-server.js:1026:25)
    at async NextNodeServer.handleCatchallRenderRequest (file://C:\Users\Usuario\Documents\Projects\retoPescanova\frontend\node_modules\next\dist\server\next-server.js:394:17)
    at async DevServer.handleRequestImpl (file://C:\Users\Usuario\Documents\Projects\retoPescanova\frontend\node_modules\next\dist\server\base-server.js:917:17)
    at async (file://C:\Users\Usuario\Documents\Projects\retoPescanova\frontend\node_modules\next\dist\server\dev\next-dev-server.js:400:20)
    at async Span.traceAsyncFn (file://C:\Users\Usuario\Documents\Projects\retoPescanova\frontend\node_modules\next\dist\trace\trace.js:157:20)
    at async DevServer.handleRequest (file://C:\Users\Usuario\Documents\Projects\retoPescanova\frontend\node_modules\next\dist\server\dev\next-dev-server.js:396:24)
    at async invokeRender (file://C:\Users\Usuario\Documents\Projects\retoPescanova\frontend\node_modules\next\dist\server\lib\router-server.js:240:21)
    at async handleRequest (file://C:\Users\Usuario\Documents\Projects\retoPescanova\frontend\node_modules\next\dist\server\lib\router-server.js:437:24)
    at async requestHandlerImpl (file://C:\Users\Usuario\Documents\Projects\retoPescanova\frontend\node_modules\next\dist\server\lib\router-server.js:485:13)
    at async Server.requestListener (file://C:\Users\Usuario\Documents\Projects\retoPescanova\frontend\node_modules\next\dist\server\lib\start-server.js:226:13)
[  147015ms] [LOG] [HMR] connected @ webpack-internal:///(pages-dir-browser)/./node_modules/next/dist/client/dev/hot-reloader/pages/websocket.js:45
[  147890ms] [ERROR] Failed to load resource: the server responded with a status of 404 (Not Found) @ http://localhost:3000/_next/static/webpack/119d7b6dd4a66877.webpack.hot-update.json:0
[  147890ms] [WARNING] [Fast Refresh] performing full reload because your application had an unrecoverable error @ webpack-internal:///(pages-dir-browser)/./node_modules/next/dist/client/dev/hot-reloader/pages/hot-reloader-pages.js:347
[  148185ms] [ERROR] Failed to load resource: the server responded with a status of 500 (Internal Server Error) @ http://localhost:3000/training:0
[  148798ms] [INFO] %cDownload the React DevTools for a better development experience: https://reactjs.org/link/react-devtools font-weight:bold @ webpack-internal:///(pages-dir-browser)/./node_modules/react-dom/cjs/react-dom.development.js:29889
[  148824ms] TypeError: __webpack_modules__[moduleId] is not a function
    at __webpack_require__ (file://C:\Users\Usuario\Documents\Projects\retoPescanova\frontend\.next\server\webpack-runtime.js:25:42)
    at eval (webpack-internal:///(rsc)/./node_modules/next/dist/server/app-render/encryption-utils.js:40:35)
    at <unknown> (rsc)/./node_modules/next/dist/server/app-render/encryption-utils.js (C:\Users\Usuario\Documents\Projects\retoPescanova\frontend\.next\server\vendor-chunks\next.js:1773:1)
    at __webpack_require__ (file://C:\Users\Usuario\Documents\Projects\retoPescanova\frontend\.next\server\webpack-runtime.js:25:42)
    at eval (webpack-internal:///(rsc)/./node_modules/next/dist/build/webpack/loaders/next-app-loader/index.js?name=app%2Ftraining%2Fpage&page=%2Ftraining%2Fpage&appPaths=%2Ftraining%2Fpage&pagePath=private-next-app-dir%2Ftraining%2Fpage.tsx&appDir=C%3A%5CUsers%5CUsuario%5CDocuments%5CProjects%5CretoPescanova%5Cfrontend%5Capp&pageExtensions=tsx&pageExtensions=ts&pageExtensions=jsx&pageExtensions=js&rootDir=C%3A%5CUsers%5CUsuario%5CDocuments%5CProjects%5CretoPescanova%5Cfrontend&isDev=true&tsconfigPath=tsconfig.json&basePath=&assetPrefix=&nextConfigOutput=standalone&preferredRegion=&middlewareConfig=e30%3D&isGlobalNotFoundEnabled=!:28:103)
    at <unknown> (rsc)/./node_modules/next/dist/build/webpack/loaders/next-app-loader/index.js?name=app%2Ftraining%2Fpage&page=%2Ftraining%2Fpage&appPaths=%2Ftraining%2Fpage&pagePath=private-next-app-dir%2Ftraining%2Fpage.tsx&appDir=C%3A%5CUsers%5CUsuario%5CDocuments%5CProjects%5CretoPescanova%5Cfrontend%5Capp&pageExtensions=tsx&pageExtensions=ts&pageExtensions=jsx&pageExtensions=js&rootDir=C%3A%5CUsers%5CUsuario%5CDocuments%5CProjects%5CretoPescanova%5Cfrontend&isDev=true&tsconfigPath=tsconfig.json&basePath=&assetPrefix=&nextConfigOutput=standalone&preferredRegion=&middlewareConfig=e30%3D&isGlobalNotFoundEnabled=! (C:\Users\Usuario\Documents\Projects\retoPescanova\frontend\.next\server\app\training\page.js:66:1)
    at __webpack_require__ (file://C:\Users\Usuario\Documents\Projects\retoPescanova\frontend\.next\server\webpack-runtime.js:25:42)
    at __webpack_exec__ (file://C:\Users\Usuario\Documents\Projects\retoPescanova\frontend\.next\server\app\training\page.js:433:39)
    at <unknown> (file://C:\Users\Usuario\Documents\Projects\retoPescanova\frontend\.next\server\app\training\page.js:434:268)
    at __webpack_require__.X (file://C:\Users\Usuario\Documents\Projects\retoPescanova\frontend\.next\server\webpack-runtime.js:155:21)
    at <unknown> (file://C:\Users\Usuario\Documents\Projects\retoPescanova\frontend\.next\server\app\training\page.js:434:47)
    at Object.<anonymous> (file://C:\Users\Usuario\Documents\Projects\retoPescanova\frontend\.next\server\app\training\page.js:437:3)
    at Module._compile (node:internal/modules/cjs/loader:1730:14)
    at Object..js (node:internal/modules/cjs/loader:1895:10)
    at Module.load (node:internal/modules/cjs/loader:1465:32)
    at Function._load (node:internal/modules/cjs/loader:1282:12)
    at TracingChannel.traceSync (node:diagnostics_channel:322:14)
    at wrapModuleLoad (node:internal/modules/cjs/loader:235:24)
    at Module.<anonymous> (node:internal/modules/cjs/loader:1487:12)
    at mod.require (file://C:\Users\Usuario\Documents\Projects\retoPescanova\frontend\node_modules\next\dist\server\require-hook.js:68:28)
    at require (node:internal/modules/helpers:135:16)
    at requirePage (file://C:\Users\Usuario\Documents\Projects\retoPescanova\frontend\node_modules\next\dist\server\require.js:99:80)
    at loadComponentsImpl (file://C:\Users\Usuario\Documents\Projects\retoPescanova\frontend\node_modules\next\dist\server\load-components.js:132:57)
    at async DevServer.findPageComponentsImpl (file://C:\Users\Usuario\Documents\Projects\retoPescanova\frontend\node_modules\next\dist\server\next-server.js:900:36)
    at async DevServer.findPageComponents (file://C:\Users\Usuario\Documents\Projects\retoPescanova\frontend\node_modules\next\dist\server\dev\next-dev-server.js:706:16)
    at async DevServer.renderPageComponent (file://C:\Users\Usuario\Documents\Projects\retoPescanova\frontend\node_modules\next\dist\server\base-server.js:1468:24)
    at async DevServer.renderToResponseImpl (file://C:\Users\Usuario\Documents\Projects\retoPescanova\frontend\node_modules\next\dist\server\base-server.js:1522:32)
    at async DevServer.pipeImpl (file://C:\Users\Usuario\Documents\Projects\retoPescanova\frontend\node_modules\next\dist\server\base-server.js:1026:25)
    at async NextNodeServer.handleCatchallRenderRequest (file://C:\Users\Usuario\Documents\Projects\retoPescanova\frontend\node_modules\next\dist\server\next-server.js:394:17)
    at async DevServer.handleRequestImpl (file://C:\Users\Usuario\Documents\Projects\retoPescanova\frontend\node_modules\next\dist\server\base-server.js:917:17)
    at async (file://C:\Users\Usuario\Documents\Projects\retoPescanova\frontend\node_modules\next\dist\server\dev\next-dev-server.js:400:20)
    at async Span.traceAsyncFn (file://C:\Users\Usuario\Documents\Projects\retoPescanova\frontend\node_modules\next\dist\trace\trace.js:157:20)
    at async DevServer.handleRequest (file://C:\Users\Usuario\Documents\Projects\retoPescanova\frontend\node_modules\next\dist\server\dev\next-dev-server.js:396:24)
    at async invokeRender (file://C:\Users\Usuario\Documents\Projects\retoPescanova\frontend\node_modules\next\dist\server\lib\router-server.js:240:21)
    at async handleRequest (file://C:\Users\Usuario\Documents\Projects\retoPescanova\frontend\node_modules\next\dist\server\lib\router-server.js:437:24)
    at async requestHandlerImpl (file://C:\Users\Usuario\Documents\Projects\retoPescanova\frontend\node_modules\next\dist\server\lib\router-server.js:485:13)
    at async Server.requestListener (file://C:\Users\Usuario\Documents\Projects\retoPescanova\frontend\node_modules\next\dist\server\lib\start-server.js:226:13)
[  148823ms] [LOG] [HMR] connected @ webpack-internal:///(pages-dir-browser)/./node_modules/next/dist/client/dev/hot-reloader/pages/websocket.js:45
[  150626ms] [ERROR] Failed to load resource: the server responded with a status of 404 (Not Found) @ http://localhost:3000/_next/static/webpack/119d7b6dd4a66877.webpack.hot-update.json:0
[  150626ms] [WARNING] [Fast Refresh] performing full reload because your application had an unrecoverable error @ webpack-internal:///(pages-dir-browser)/./node_modules/next/dist/client/dev/hot-reloader/pages/hot-reloader-pages.js:347
[  150923ms] [ERROR] Failed to load resource: the server responded with a status of 500 (Internal Server Error) @ http://localhost:3000/training:0
[  151326ms] [INFO] %cDownload the React DevTools for a better development experience: https://reactjs.org/link/react-devtools font-weight:bold @ webpack-internal:///(pages-dir-browser)/./node_modules/react-dom/cjs/react-dom.development.js:29889
[  151350ms] TypeError: __webpack_modules__[moduleId] is not a function
    at __webpack_require__ (file://C:\Users\Usuario\Documents\Projects\retoPescanova\frontend\.next\server\webpack-runtime.js:25:42)
    at eval (webpack-internal:///(rsc)/./node_modules/next/dist/server/app-render/encryption-utils.js:40:35)
    at <unknown> (rsc)/./node_modules/next/dist/server/app-render/encryption-utils.js (C:\Users\Usuario\Documents\Projects\retoPescanova\frontend\.next\server\vendor-chunks\next.js:1773:1)
    at __webpack_require__ (file://C:\Users\Usuario\Documents\Projects\retoPescanova\frontend\.next\server\webpack-runtime.js:25:42)
    at eval (webpack-internal:///(rsc)/./node_modules/next/dist/build/webpack/loaders/next-app-loader/index.js?name=app%2Ftraining%2Fpage&page=%2Ftraining%2Fpage&appPaths=%2Ftraining%2Fpage&pagePath=private-next-app-dir%2Ftraining%2Fpage.tsx&appDir=C%3A%5CUsers%5CUsuario%5CDocuments%5CProjects%5CretoPescanova%5Cfrontend%5Capp&pageExtensions=tsx&pageExtensions=ts&pageExtensions=jsx&pageExtensions=js&rootDir=C%3A%5CUsers%5CUsuario%5CDocuments%5CProjects%5CretoPescanova%5Cfrontend&isDev=true&tsconfigPath=tsconfig.json&basePath=&assetPrefix=&nextConfigOutput=standalone&preferredRegion=&middlewareConfig=e30%3D&isGlobalNotFoundEnabled=!:28:103)
    at <unknown> (rsc)/./node_modules/next/dist/build/webpack/loaders/next-app-loader/index.js?name=app%2Ftraining%2Fpage&page=%2Ftraining%2Fpage&appPaths=%2Ftraining%2Fpage&pagePath=private-next-app-dir%2Ftraining%2Fpage.tsx&appDir=C%3A%5CUsers%5CUsuario%5CDocuments%5CProjects%5CretoPescanova%5Cfrontend%5Capp&pageExtensions=tsx&pageExtensions=ts&pageExtensions=jsx&pageExtensions=js&rootDir=C%3A%5CUsers%5CUsuario%5CDocuments%5CProjects%5CretoPescanova%5Cfrontend&isDev=true&tsconfigPath=tsconfig.json&basePath=&assetPrefix=&nextConfigOutput=standalone&preferredRegion=&middlewareConfig=e30%3D&isGlobalNotFoundEnabled=! (C:\Users\Usuario\Documents\Projects\retoPescanova\frontend\.next\server\app\training\page.js:66:1)
    at __webpack_require__ (file://C:\Users\Usuario\Documents\Projects\retoPescanova\frontend\.next\server\webpack-runtime.js:25:42)
    at __webpack_exec__ (file://C:\Users\Usuario\Documents\Projects\retoPescanova\frontend\.next\server\app\training\page.js:433:39)
    at <unknown> (file://C:\Users\Usuario\Documents\Projects\retoPescanova\frontend\.next\server\app\training\page.js:434:268)
    at __webpack_require__.X (file://C:\Users\Usuario\Documents\Projects\retoPescanova\frontend\.next\server\webpack-runtime.js:155:21)
    at <unknown> (file://C:\Users\Usuario\Documents\Projects\retoPescanova\frontend\.next\server\app\training\page.js:434:47)
    at Object.<anonymous> (file://C:\Users\Usuario\Documents\Projects\retoPescanova\frontend\.next\server\app\training\page.js:437:3)
    at Module._compile (node:internal/modules/cjs/loader:1730:14)
    at Object..js (node:internal/modules/cjs/loader:1895:10)
    at Module.load (node:internal/modules/cjs/loader:1465:32)
    at Function._load (node:internal/modules/cjs/loader:1282:12)
    at TracingChannel.traceSync (node:diagnostics_channel:322:14)
    at wrapModuleLoad (node:internal/modules/cjs/loader:235:24)
    at Module.<anonymous> (node:internal/modules/cjs/loader:1487:12)
    at mod.require (file://C:\Users\Usuario\Documents\Projects\retoPescanova\frontend\node_modules\next\dist\server\require-hook.js:68:28)
    at require (node:internal/modules/helpers:135:16)
    at requirePage (file://C:\Users\Usuario\Documents\Projects\retoPescanova\frontend\node_modules\next\dist\server\require.js:99:80)
    at loadComponentsImpl (file://C:\Users\Usuario\Documents\Projects\retoPescanova\frontend\node_modules\next\dist\server\load-components.js:132:57)
    at async DevServer.findPageComponentsImpl (file://C:\Users\Usuario\Documents\Projects\retoPescanova\frontend\node_modules\next\dist\server\next-server.js:900:36)
    at async DevServer.findPageComponents (file://C:\Users\Usuario\Documents\Projects\retoPescanova\frontend\node_modules\next\dist\server\dev\next-dev-server.js:706:16)
    at async DevServer.renderPageComponent (file://C:\Users\Usuario\Documents\Projects\retoPescanova\frontend\node_modules\next\dist\server\base-server.js:1468:24)
    at async DevServer.renderToResponseImpl (file://C:\Users\Usuario\Documents\Projects\retoPescanova\frontend\node_modules\next\dist\server\base-server.js:1522:32)
    at async DevServer.pipeImpl (file://C:\Users\Usuario\Documents\Projects\retoPescanova\frontend\node_modules\next\dist\server\base-server.js:1026:25)
    at async NextNodeServer.handleCatchallRenderRequest (file://C:\Users\Usuario\Documents\Projects\retoPescanova\frontend\node_modules\next\dist\server\next-server.js:394:17)
    at async DevServer.handleRequestImpl (file://C:\Users\Usuario\Documents\Projects\retoPescanova\frontend\node_modules\next\dist\server\base-server.js:917:17)
    at async (file://C:\Users\Usuario\Documents\Projects\retoPescanova\frontend\node_modules\next\dist\server\dev\next-dev-server.js:400:20)
    at async Span.traceAsyncFn (file://C:\Users\Usuario\Documents\Projects\retoPescanova\frontend\node_modules\next\dist\trace\trace.js:157:20)
    at async DevServer.handleRequest (file://C:\Users\Usuario\Documents\Projects\retoPescanova\frontend\node_modules\next\dist\server\dev\next-dev-server.js:396:24)
    at async invokeRender (file://C:\Users\Usuario\Documents\Projects\retoPescanova\frontend\node_modules\next\dist\server\lib\router-server.js:240:21)
    at async handleRequest (file://C:\Users\Usuario\Documents\Projects\retoPescanova\frontend\node_modules\next\dist\server\lib\router-server.js:437:24)
    at async requestHandlerImpl (file://C:\Users\Usuario\Documents\Projects\retoPescanova\frontend\node_modules\next\dist\server\lib\router-server.js:485:13)
    at async Server.requestListener (file://C:\Users\Usuario\Documents\Projects\retoPescanova\frontend\node_modules\next\dist\server\lib\start-server.js:226:13)
[  151349ms] [LOG] [HMR] connected @ webpack-internal:///(pages-dir-browser)/./node_modules/next/dist/client/dev/hot-reloader/pages/websocket.js:45
[  151902ms] [ERROR] Failed to load resource: the server responded with a status of 404 (Not Found) @ http://localhost:3000/_next/static/webpack/119d7b6dd4a66877.webpack.hot-update.json:0
[  151902ms] [WARNING] [Fast Refresh] performing full reload because your application had an unrecoverable error @ webpack-internal:///(pages-dir-browser)/./node_modules/next/dist/client/dev/hot-reloader/pages/hot-reloader-pages.js:347
[  152191ms] [ERROR] Failed to load resource: the server responded with a status of 500 (Internal Server Error) @ http://localhost:3000/training:0
[  152791ms] [INFO] %cDownload the React DevTools for a better development experience: https://reactjs.org/link/react-devtools font-weight:bold @ webpack-internal:///(pages-dir-browser)/./node_modules/react-dom/cjs/react-dom.development.js:29889
[  152816ms] TypeError: __webpack_modules__[moduleId] is not a function
    at __webpack_require__ (file://C:\Users\Usuario\Documents\Projects\retoPescanova\frontend\.next\server\webpack-runtime.js:25:42)
    at eval (webpack-internal:///(rsc)/./node_modules/next/dist/server/app-render/encryption-utils.js:40:35)
    at <unknown> (rsc)/./node_modules/next/dist/server/app-render/encryption-utils.js (C:\Users\Usuario\Documents\Projects\retoPescanova\frontend\.next\server\vendor-chunks\next.js:1773:1)
    at __webpack_require__ (file://C:\Users\Usuario\Documents\Projects\retoPescanova\frontend\.next\server\webpack-runtime.js:25:42)
    at eval (webpack-internal:///(rsc)/./node_modules/next/dist/build/webpack/loaders/next-app-loader/index.js?name=app%2Ftraining%2Fpage&page=%2Ftraining%2Fpage&appPaths=%2Ftraining%2Fpage&pagePath=private-next-app-dir%2Ftraining%2Fpage.tsx&appDir=C%3A%5CUsers%5CUsuario%5CDocuments%5CProjects%5CretoPescanova%5Cfrontend%5Capp&pageExtensions=tsx&pageExtensions=ts&pageExtensions=jsx&pageExtensions=js&rootDir=C%3A%5CUsers%5CUsuario%5CDocuments%5CProjects%5CretoPescanova%5Cfrontend&isDev=true&tsconfigPath=tsconfig.json&basePath=&assetPrefix=&nextConfigOutput=standalone&preferredRegion=&middlewareConfig=e30%3D&isGlobalNotFoundEnabled=!:28:103)
    at <unknown> (rsc)/./node_modules/next/dist/build/webpack/loaders/next-app-loader/index.js?name=app%2Ftraining%2Fpage&page=%2Ftraining%2Fpage&appPaths=%2Ftraining%2Fpage&pagePath=private-next-app-dir%2Ftraining%2Fpage.tsx&appDir=C%3A%5CUsers%5CUsuario%5CDocuments%5CProjects%5CretoPescanova%5Cfrontend%5Capp&pageExtensions=tsx&pageExtensions=ts&pageExtensions=jsx&pageExtensions=js&rootDir=C%3A%5CUsers%5CUsuario%5CDocuments%5CProjects%5CretoPescanova%5Cfrontend&isDev=true&tsconfigPath=tsconfig.json&basePath=&assetPrefix=&nextConfigOutput=standalone&preferredRegion=&middlewareConfig=e30%3D&isGlobalNotFoundEnabled=! (C:\Users\Usuario\Documents\Projects\retoPescanova\frontend\.next\server\app\training\page.js:66:1)
    at __webpack_require__ (file://C:\Users\Usuario\Documents\Projects\retoPescanova\frontend\.next\server\webpack-runtime.js:25:42)
    at __webpack_exec__ (file://C:\Users\Usuario\Documents\Projects\retoPescanova\frontend\.next\server\app\training\page.js:433:39)
    at <unknown> (file://C:\Users\Usuario\Documents\Projects\retoPescanova\frontend\.next\server\app\training\page.js:434:268)
    at __webpack_require__.X (file://C:\Users\Usuario\Documents\Projects\retoPescanova\frontend\.next\server\webpack-runtime.js:155:21)
    at <unknown> (file://C:\Users\Usuario\Documents\Projects\retoPescanova\frontend\.next\server\app\training\page.js:434:47)
    at Object.<anonymous> (file://C:\Users\Usuario\Documents\Projects\retoPescanova\frontend\.next\server\app\training\page.js:437:3)
    at Module._compile (node:internal/modules/cjs/loader:1730:14)
    at Object..js (node:internal/modules/cjs/loader:1895:10)
    at Module.load (node:internal/modules/cjs/loader:1465:32)
    at Function._load (node:internal/modules/cjs/loader:1282:12)
    at TracingChannel.traceSync (node:diagnostics_channel:322:14)
    at wrapModuleLoad (node:internal/modules/cjs/loader:235:24)
    at Module.<anonymous> (node:internal/modules/cjs/loader:1487:12)
    at mod.require (file://C:\Users\Usuario\Documents\Projects\retoPescanova\frontend\node_modules\next\dist\server\require-hook.js:68:28)
    at require (node:internal/modules/helpers:135:16)
    at requirePage (file://C:\Users\Usuario\Documents\Projects\retoPescanova\frontend\node_modules\next\dist\server\require.js:99:80)
    at loadComponentsImpl (file://C:\Users\Usuario\Documents\Projects\retoPescanova\frontend\node_modules\next\dist\server\load-components.js:132:57)
    at async DevServer.findPageComponentsImpl (file://C:\Users\Usuario\Documents\Projects\retoPescanova\frontend\node_modules\next\dist\server\next-server.js:900:36)
    at async DevServer.findPageComponents (file://C:\Users\Usuario\Documents\Projects\retoPescanova\frontend\node_modules\next\dist\server\dev\next-dev-server.js:706:16)
    at async DevServer.renderPageComponent (file://C:\Users\Usuario\Documents\Projects\retoPescanova\frontend\node_modules\next\dist\server\base-server.js:1468:24)
    at async DevServer.renderToResponseImpl (file://C:\Users\Usuario\Documents\Projects\retoPescanova\frontend\node_modules\next\dist\server\base-server.js:1522:32)
    at async DevServer.pipeImpl (file://C:\Users\Usuario\Documents\Projects\retoPescanova\frontend\node_modules\next\dist\server\base-server.js:1026:25)
    at async NextNodeServer.handleCatchallRenderRequest (file://C:\Users\Usuario\Documents\Projects\retoPescanova\frontend\node_modules\next\dist\server\next-server.js:394:17)
    at async DevServer.handleRequestImpl (file://C:\Users\Usuario\Documents\Projects\retoPescanova\frontend\node_modules\next\dist\server\base-server.js:917:17)
    at async (file://C:\Users\Usuario\Documents\Projects\retoPescanova\frontend\node_modules\next\dist\server\dev\next-dev-server.js:400:20)
    at async Span.traceAsyncFn (file://C:\Users\Usuario\Documents\Projects\retoPescanova\frontend\node_modules\next\dist\trace\trace.js:157:20)
    at async DevServer.handleRequest (file://C:\Users\Usuario\Documents\Projects\retoPescanova\frontend\node_modules\next\dist\server\dev\next-dev-server.js:396:24)
    at async invokeRender (file://C:\Users\Usuario\Documents\Projects\retoPescanova\frontend\node_modules\next\dist\server\lib\router-server.js:240:21)
    at async handleRequest (file://C:\Users\Usuario\Documents\Projects\retoPescanova\frontend\node_modules\next\dist\server\lib\router-server.js:437:24)
    at async requestHandlerImpl (file://C:\Users\Usuario\Documents\Projects\retoPescanova\frontend\node_modules\next\dist\server\lib\router-server.js:485:13)
    at async Server.requestListener (file://C:\Users\Usuario\Documents\Projects\retoPescanova\frontend\node_modules\next\dist\server\lib\start-server.js:226:13)
[  152815ms] [LOG] [HMR] connected @ webpack-internal:///(pages-dir-browser)/./node_modules/next/dist/client/dev/hot-reloader/pages/websocket.js:45
[  154522ms] [ERROR] Failed to load resource: the server responded with a status of 404 (Not Found) @ http://localhost:3000/_next/static/webpack/119d7b6dd4a66877.webpack.hot-update.json:0
[  154522ms] [WARNING] [Fast Refresh] performing full reload because your application had an unrecoverable error @ webpack-internal:///(pages-dir-browser)/./node_modules/next/dist/client/dev/hot-reloader/pages/hot-reloader-pages.js:347
[  154820ms] [ERROR] Failed to load resource: the server responded with a status of 500 (Internal Server Error) @ http://localhost:3000/training:0
[  155280ms] [INFO] %cDownload the React DevTools for a better development experience: https://reactjs.org/link/react-devtools font-weight:bold @ webpack-internal:///(pages-dir-browser)/./node_modules/react-dom/cjs/react-dom.development.js:29889
[  155304ms] TypeError: __webpack_modules__[moduleId] is not a function
    at __webpack_require__ (file://C:\Users\Usuario\Documents\Projects\retoPescanova\frontend\.next\server\webpack-runtime.js:25:42)
    at eval (webpack-internal:///(rsc)/./node_modules/next/dist/server/app-render/encryption-utils.js:40:35)
    at <unknown> (rsc)/./node_modules/next/dist/server/app-render/encryption-utils.js (C:\Users\Usuario\Documents\Projects\retoPescanova\frontend\.next\server\vendor-chunks\next.js:1773:1)
    at __webpack_require__ (file://C:\Users\Usuario\Documents\Projects\retoPescanova\frontend\.next\server\webpack-runtime.js:25:42)
    at eval (webpack-internal:///(rsc)/./node_modules/next/dist/build/webpack/loaders/next-app-loader/index.js?name=app%2Ftraining%2Fpage&page=%2Ftraining%2Fpage&appPaths=%2Ftraining%2Fpage&pagePath=private-next-app-dir%2Ftraining%2Fpage.tsx&appDir=C%3A%5CUsers%5CUsuario%5CDocuments%5CProjects%5CretoPescanova%5Cfrontend%5Capp&pageExtensions=tsx&pageExtensions=ts&pageExtensions=jsx&pageExtensions=js&rootDir=C%3A%5CUsers%5CUsuario%5CDocuments%5CProjects%5CretoPescanova%5Cfrontend&isDev=true&tsconfigPath=tsconfig.json&basePath=&assetPrefix=&nextConfigOutput=standalone&preferredRegion=&middlewareConfig=e30%3D&isGlobalNotFoundEnabled=!:28:103)
    at <unknown> (rsc)/./node_modules/next/dist/build/webpack/loaders/next-app-loader/index.js?name=app%2Ftraining%2Fpage&page=%2Ftraining%2Fpage&appPaths=%2Ftraining%2Fpage&pagePath=private-next-app-dir%2Ftraining%2Fpage.tsx&appDir=C%3A%5CUsers%5CUsuario%5CDocuments%5CProjects%5CretoPescanova%5Cfrontend%5Capp&pageExtensions=tsx&pageExtensions=ts&pageExtensions=jsx&pageExtensions=js&rootDir=C%3A%5CUsers%5CUsuario%5CDocuments%5CProjects%5CretoPescanova%5Cfrontend&isDev=true&tsconfigPath=tsconfig.json&basePath=&assetPrefix=&nextConfigOutput=standalone&preferredRegion=&middlewareConfig=e30%3D&isGlobalNotFoundEnabled=! (C:\Users\Usuario\Documents\Projects\retoPescanova\frontend\.next\server\app\training\page.js:66:1)
    at __webpack_require__ (file://C:\Users\Usuario\Documents\Projects\retoPescanova\frontend\.next\server\webpack-runtime.js:25:42)
    at __webpack_exec__ (file://C:\Users\Usuario\Documents\Projects\retoPescanova\frontend\.next\server\app\training\page.js:433:39)
    at <unknown> (file://C:\Users\Usuario\Documents\Projects\retoPescanova\frontend\.next\server\app\training\page.js:434:268)
    at __webpack_require__.X (file://C:\Users\Usuario\Documents\Projects\retoPescanova\frontend\.next\server\webpack-runtime.js:155:21)
    at <unknown> (file://C:\Users\Usuario\Documents\Projects\retoPescanova\frontend\.next\server\app\training\page.js:434:47)
    at Object.<anonymous> (file://C:\Users\Usuario\Documents\Projects\retoPescanova\frontend\.next\server\app\training\page.js:437:3)
    at Module._compile (node:internal/modules/cjs/loader:1730:14)
    at Object..js (node:internal/modules/cjs/loader:1895:10)
    at Module.load (node:internal/modules/cjs/loader:1465:32)
    at Function._load (node:internal/modules/cjs/loader:1282:12)
    at TracingChannel.traceSync (node:diagnostics_channel:322:14)
    at wrapModuleLoad (node:internal/modules/cjs/loader:235:24)
    at Module.<anonymous> (node:internal/modules/cjs/loader:1487:12)
    at mod.require (file://C:\Users\Usuario\Documents\Projects\retoPescanova\frontend\node_modules\next\dist\server\require-hook.js:68:28)
    at require (node:internal/modules/helpers:135:16)
    at requirePage (file://C:\Users\Usuario\Documents\Projects\retoPescanova\frontend\node_modules\next\dist\server\require.js:99:80)
    at loadComponentsImpl (file://C:\Users\Usuario\Documents\Projects\retoPescanova\frontend\node_modules\next\dist\server\load-components.js:132:57)
    at async DevServer.findPageComponentsImpl (file://C:\Users\Usuario\Documents\Projects\retoPescanova\frontend\node_modules\next\dist\server\next-server.js:900:36)
    at async DevServer.findPageComponents (file://C:\Users\Usuario\Documents\Projects\retoPescanova\frontend\node_modules\next\dist\server\dev\next-dev-server.js:706:16)
    at async DevServer.renderPageComponent (file://C:\Users\Usuario\Documents\Projects\retoPescanova\frontend\node_modules\next\dist\server\base-server.js:1468:24)
    at async DevServer.renderToResponseImpl (file://C:\Users\Usuario\Documents\Projects\retoPescanova\frontend\node_modules\next\dist\server\base-server.js:1522:32)
    at async DevServer.pipeImpl (file://C:\Users\Usuario\Documents\Projects\retoPescanova\frontend\node_modules\next\dist\server\base-server.js:1026:25)
    at async NextNodeServer.handleCatchallRenderRequest (file://C:\Users\Usuario\Documents\Projects\retoPescanova\frontend\node_modules\next\dist\server\next-server.js:394:17)
    at async DevServer.handleRequestImpl (file://C:\Users\Usuario\Documents\Projects\retoPescanova\frontend\node_modules\next\dist\server\base-server.js:917:17)
    at async (file://C:\Users\Usuario\Documents\Projects\retoPescanova\frontend\node_modules\next\dist\server\dev\next-dev-server.js:400:20)
    at async Span.traceAsyncFn (file://C:\Users\Usuario\Documents\Projects\retoPescanova\frontend\node_modules\next\dist\trace\trace.js:157:20)
    at async DevServer.handleRequest (file://C:\Users\Usuario\Documents\Projects\retoPescanova\frontend\node_modules\next\dist\server\dev\next-dev-server.js:396:24)
    at async invokeRender (file://C:\Users\Usuario\Documents\Projects\retoPescanova\frontend\node_modules\next\dist\server\lib\router-server.js:240:21)
    at async handleRequest (file://C:\Users\Usuario\Documents\Projects\retoPescanova\frontend\node_modules\next\dist\server\lib\router-server.js:437:24)
    at async requestHandlerImpl (file://C:\Users\Usuario\Documents\Projects\retoPescanova\frontend\node_modules\next\dist\server\lib\router-server.js:485:13)
    at async Server.requestListener (file://C:\Users\Usuario\Documents\Projects\retoPescanova\frontend\node_modules\next\dist\server\lib\start-server.js:226:13)
[  155304ms] [LOG] [HMR] connected @ webpack-internal:///(pages-dir-browser)/./node_modules/next/dist/client/dev/hot-reloader/pages/websocket.js:45
[  156188ms] [ERROR] Failed to load resource: the server responded with a status of 404 (Not Found) @ http://localhost:3000/_next/static/webpack/119d7b6dd4a66877.webpack.hot-update.json:0
[  156188ms] [WARNING] [Fast Refresh] performing full reload because your application had an unrecoverable error @ webpack-internal:///(pages-dir-browser)/./node_modules/next/dist/client/dev/hot-reloader/pages/hot-reloader-pages.js:347
[  156482ms] [ERROR] Failed to load resource: the server responded with a status of 500 (Internal Server Error) @ http://localhost:3000/training:0
[  157082ms] [INFO] %cDownload the React DevTools for a better development experience: https://reactjs.org/link/react-devtools font-weight:bold @ webpack-internal:///(pages-dir-browser)/./node_modules/react-dom/cjs/react-dom.development.js:29889
[  157105ms] TypeError: __webpack_modules__[moduleId] is not a function
    at __webpack_require__ (file://C:\Users\Usuario\Documents\Projects\retoPescanova\frontend\.next\server\webpack-runtime.js:25:42)
    at eval (webpack-internal:///(rsc)/./node_modules/next/dist/server/app-render/encryption-utils.js:40:35)
    at <unknown> (rsc)/./node_modules/next/dist/server/app-render/encryption-utils.js (C:\Users\Usuario\Documents\Projects\retoPescanova\frontend\.next\server\vendor-chunks\next.js:1773:1)
    at __webpack_require__ (file://C:\Users\Usuario\Documents\Projects\retoPescanova\frontend\.next\server\webpack-runtime.js:25:42)
    at eval (webpack-internal:///(rsc)/./node_modules/next/dist/build/webpack/loaders/next-app-loader/index.js?name=app%2Ftraining%2Fpage&page=%2Ftraining%2Fpage&appPaths=%2Ftraining%2Fpage&pagePath=private-next-app-dir%2Ftraining%2Fpage.tsx&appDir=C%3A%5CUsers%5CUsuario%5CDocuments%5CProjects%5CretoPescanova%5Cfrontend%5Capp&pageExtensions=tsx&pageExtensions=ts&pageExtensions=jsx&pageExtensions=js&rootDir=C%3A%5CUsers%5CUsuario%5CDocuments%5CProjects%5CretoPescanova%5Cfrontend&isDev=true&tsconfigPath=tsconfig.json&basePath=&assetPrefix=&nextConfigOutput=standalone&preferredRegion=&middlewareConfig=e30%3D&isGlobalNotFoundEnabled=!:28:103)
    at <unknown> (rsc)/./node_modules/next/dist/build/webpack/loaders/next-app-loader/index.js?name=app%2Ftraining%2Fpage&page=%2Ftraining%2Fpage&appPaths=%2Ftraining%2Fpage&pagePath=private-next-app-dir%2Ftraining%2Fpage.tsx&appDir=C%3A%5CUsers%5CUsuario%5CDocuments%5CProjects%5CretoPescanova%5Cfrontend%5Capp&pageExtensions=tsx&pageExtensions=ts&pageExtensions=jsx&pageExtensions=js&rootDir=C%3A%5CUsers%5CUsuario%5CDocuments%5CProjects%5CretoPescanova%5Cfrontend&isDev=true&tsconfigPath=tsconfig.json&basePath=&assetPrefix=&nextConfigOutput=standalone&preferredRegion=&middlewareConfig=e30%3D&isGlobalNotFoundEnabled=! (C:\Users\Usuario\Documents\Projects\retoPescanova\frontend\.next\server\app\training\page.js:66:1)
    at __webpack_require__ (file://C:\Users\Usuario\Documents\Projects\retoPescanova\frontend\.next\server\webpack-runtime.js:25:42)
    at __webpack_exec__ (file://C:\Users\Usuario\Documents\Projects\retoPescanova\frontend\.next\server\app\training\page.js:433:39)
    at <unknown> (file://C:\Users\Usuario\Documents\Projects\retoPescanova\frontend\.next\server\app\training\page.js:434:268)
    at __webpack_require__.X (file://C:\Users\Usuario\Documents\Projects\retoPescanova\frontend\.next\server\webpack-runtime.js:155:21)
    at <unknown> (file://C:\Users\Usuario\Documents\Projects\retoPescanova\frontend\.next\server\app\training\page.js:434:47)
    at Object.<anonymous> (file://C:\Users\Usuario\Documents\Projects\retoPescanova\frontend\.next\server\app\training\page.js:437:3)
    at Module._compile (node:internal/modules/cjs/loader:1730:14)
    at Object..js (node:internal/modules/cjs/loader:1895:10)
    at Module.load (node:internal/modules/cjs/loader:1465:32)
    at Function._load (node:internal/modules/cjs/loader:1282:12)
    at TracingChannel.traceSync (node:diagnostics_channel:322:14)
    at wrapModuleLoad (node:internal/modules/cjs/loader:235:24)
    at Module.<anonymous> (node:internal/modules/cjs/loader:1487:12)
    at mod.require (file://C:\Users\Usuario\Documents\Projects\retoPescanova\frontend\node_modules\next\dist\server\require-hook.js:68:28)
    at require (node:internal/modules/helpers:135:16)
    at requirePage (file://C:\Users\Usuario\Documents\Projects\retoPescanova\frontend\node_modules\next\dist\server\require.js:99:80)
    at loadComponentsImpl (file://C:\Users\Usuario\Documents\Projects\retoPescanova\frontend\node_modules\next\dist\server\load-components.js:132:57)
    at async DevServer.findPageComponentsImpl (file://C:\Users\Usuario\Documents\Projects\retoPescanova\frontend\node_modules\next\dist\server\next-server.js:900:36)
    at async DevServer.findPageComponents (file://C:\Users\Usuario\Documents\Projects\retoPescanova\frontend\node_modules\next\dist\server\dev\next-dev-server.js:706:16)
    at async DevServer.renderPageComponent (file://C:\Users\Usuario\Documents\Projects\retoPescanova\frontend\node_modules\next\dist\server\base-server.js:1468:24)
    at async DevServer.renderToResponseImpl (file://C:\Users\Usuario\Documents\Projects\retoPescanova\frontend\node_modules\next\dist\server\base-server.js:1522:32)
    at async DevServer.pipeImpl (file://C:\Users\Usuario\Documents\Projects\retoPescanova\frontend\node_modules\next\dist\server\base-server.js:1026:25)
    at async NextNodeServer.handleCatchallRenderRequest (file://C:\Users\Usuario\Documents\Projects\retoPescanova\frontend\node_modules\next\dist\server\next-server.js:394:17)
    at async DevServer.handleRequestImpl (file://C:\Users\Usuario\Documents\Projects\retoPescanova\frontend\node_modules\next\dist\server\base-server.js:917:17)
    at async (file://C:\Users\Usuario\Documents\Projects\retoPescanova\frontend\node_modules\next\dist\server\dev\next-dev-server.js:400:20)
    at async Span.traceAsyncFn (file://C:\Users\Usuario\Documents\Projects\retoPescanova\frontend\node_modules\next\dist\trace\trace.js:157:20)
    at async DevServer.handleRequest (file://C:\Users\Usuario\Documents\Projects\retoPescanova\frontend\node_modules\next\dist\server\dev\next-dev-server.js:396:24)
    at async invokeRender (file://C:\Users\Usuario\Documents\Projects\retoPescanova\frontend\node_modules\next\dist\server\lib\router-server.js:240:21)
    at async handleRequest (file://C:\Users\Usuario\Documents\Projects\retoPescanova\frontend\node_modules\next\dist\server\lib\router-server.js:437:24)
    at async requestHandlerImpl (file://C:\Users\Usuario\Documents\Projects\retoPescanova\frontend\node_modules\next\dist\server\lib\router-server.js:485:13)
    at async Server.requestListener (file://C:\Users\Usuario\Documents\Projects\retoPescanova\frontend\node_modules\next\dist\server\lib\start-server.js:226:13)
[  157105ms] [LOG] [HMR] connected @ webpack-internal:///(pages-dir-browser)/./node_modules/next/dist/client/dev/hot-reloader/pages/websocket.js:45
[  158810ms] [ERROR] Failed to load resource: the server responded with a status of 404 (Not Found) @ http://localhost:3000/_next/static/webpack/119d7b6dd4a66877.webpack.hot-update.json:0
[  158811ms] [WARNING] [Fast Refresh] performing full reload because your application had an unrecoverable error @ webpack-internal:///(pages-dir-browser)/./node_modules/next/dist/client/dev/hot-reloader/pages/hot-reloader-pages.js:347
[  159112ms] [ERROR] Failed to load resource: the server responded with a status of 500 (Internal Server Error) @ http://localhost:3000/training:0
[  159570ms] [INFO] %cDownload the React DevTools for a better development experience: https://reactjs.org/link/react-devtools font-weight:bold @ webpack-internal:///(pages-dir-browser)/./node_modules/react-dom/cjs/react-dom.development.js:29889
[  159595ms] TypeError: __webpack_modules__[moduleId] is not a function
    at __webpack_require__ (file://C:\Users\Usuario\Documents\Projects\retoPescanova\frontend\.next\server\webpack-runtime.js:25:42)
    at eval (webpack-internal:///(rsc)/./node_modules/next/dist/server/app-render/encryption-utils.js:40:35)
    at <unknown> (rsc)/./node_modules/next/dist/server/app-render/encryption-utils.js (C:\Users\Usuario\Documents\Projects\retoPescanova\frontend\.next\server\vendor-chunks\next.js:1773:1)
    at __webpack_require__ (file://C:\Users\Usuario\Documents\Projects\retoPescanova\frontend\.next\server\webpack-runtime.js:25:42)
    at eval (webpack-internal:///(rsc)/./node_modules/next/dist/build/webpack/loaders/next-app-loader/index.js?name=app%2Ftraining%2Fpage&page=%2Ftraining%2Fpage&appPaths=%2Ftraining%2Fpage&pagePath=private-next-app-dir%2Ftraining%2Fpage.tsx&appDir=C%3A%5CUsers%5CUsuario%5CDocuments%5CProjects%5CretoPescanova%5Cfrontend%5Capp&pageExtensions=tsx&pageExtensions=ts&pageExtensions=jsx&pageExtensions=js&rootDir=C%3A%5CUsers%5CUsuario%5CDocuments%5CProjects%5CretoPescanova%5Cfrontend&isDev=true&tsconfigPath=tsconfig.json&basePath=&assetPrefix=&nextConfigOutput=standalone&preferredRegion=&middlewareConfig=e30%3D&isGlobalNotFoundEnabled=!:28:103)
    at <unknown> (rsc)/./node_modules/next/dist/build/webpack/loaders/next-app-loader/index.js?name=app%2Ftraining%2Fpage&page=%2Ftraining%2Fpage&appPaths=%2Ftraining%2Fpage&pagePath=private-next-app-dir%2Ftraining%2Fpage.tsx&appDir=C%3A%5CUsers%5CUsuario%5CDocuments%5CProjects%5CretoPescanova%5Cfrontend%5Capp&pageExtensions=tsx&pageExtensions=ts&pageExtensions=jsx&pageExtensions=js&rootDir=C%3A%5CUsers%5CUsuario%5CDocuments%5CProjects%5CretoPescanova%5Cfrontend&isDev=true&tsconfigPath=tsconfig.json&basePath=&assetPrefix=&nextConfigOutput=standalone&preferredRegion=&middlewareConfig=e30%3D&isGlobalNotFoundEnabled=! (C:\Users\Usuario\Documents\Projects\retoPescanova\frontend\.next\server\app\training\page.js:66:1)
    at __webpack_require__ (file://C:\Users\Usuario\Documents\Projects\retoPescanova\frontend\.next\server\webpack-runtime.js:25:42)
    at __webpack_exec__ (file://C:\Users\Usuario\Documents\Projects\retoPescanova\frontend\.next\server\app\training\page.js:433:39)
    at <unknown> (file://C:\Users\Usuario\Documents\Projects\retoPescanova\frontend\.next\server\app\training\page.js:434:268)
    at __webpack_require__.X (file://C:\Users\Usuario\Documents\Projects\retoPescanova\frontend\.next\server\webpack-runtime.js:155:21)
    at <unknown> (file://C:\Users\Usuario\Documents\Projects\retoPescanova\frontend\.next\server\app\training\page.js:434:47)
    at Object.<anonymous> (file://C:\Users\Usuario\Documents\Projects\retoPescanova\frontend\.next\server\app\training\page.js:437:3)
    at Module._compile (node:internal/modules/cjs/loader:1730:14)
    at Object..js (node:internal/modules/cjs/loader:1895:10)
    at Module.load (node:internal/modules/cjs/loader:1465:32)
    at Function._load (node:internal/modules/cjs/loader:1282:12)
    at TracingChannel.traceSync (node:diagnostics_channel:322:14)
    at wrapModuleLoad (node:internal/modules/cjs/loader:235:24)
    at Module.<anonymous> (node:internal/modules/cjs/loader:1487:12)
    at mod.require (file://C:\Users\Usuario\Documents\Projects\retoPescanova\frontend\node_modules\next\dist\server\require-hook.js:68:28)
    at require (node:internal/modules/helpers:135:16)
    at requirePage (file://C:\Users\Usuario\Documents\Projects\retoPescanova\frontend\node_modules\next\dist\server\require.js:99:80)
    at loadComponentsImpl (file://C:\Users\Usuario\Documents\Projects\retoPescanova\frontend\node_modules\next\dist\server\load-components.js:132:57)
    at async DevServer.findPageComponentsImpl (file://C:\Users\Usuario\Documents\Projects\retoPescanova\frontend\node_modules\next\dist\server\next-server.js:900:36)
    at async DevServer.findPageComponents (file://C:\Users\Usuario\Documents\Projects\retoPescanova\frontend\node_modules\next\dist\server\dev\next-dev-server.js:706:16)
    at async DevServer.renderPageComponent (file://C:\Users\Usuario\Documents\Projects\retoPescanova\frontend\node_modules\next\dist\server\base-server.js:1468:24)
    at async DevServer.renderToResponseImpl (file://C:\Users\Usuario\Documents\Projects\retoPescanova\frontend\node_modules\next\dist\server\base-server.js:1522:32)
    at async DevServer.pipeImpl (file://C:\Users\Usuario\Documents\Projects\retoPescanova\frontend\node_modules\next\dist\server\base-server.js:1026:25)
    at async NextNodeServer.handleCatchallRenderRequest (file://C:\Users\Usuario\Documents\Projects\retoPescanova\frontend\node_modules\next\dist\server\next-server.js:394:17)
    at async DevServer.handleRequestImpl (file://C:\Users\Usuario\Documents\Projects\retoPescanova\frontend\node_modules\next\dist\server\base-server.js:917:17)
    at async (file://C:\Users\Usuario\Documents\Projects\retoPescanova\frontend\node_modules\next\dist\server\dev\next-dev-server.js:400:20)
    at async Span.traceAsyncFn (file://C:\Users\Usuario\Documents\Projects\retoPescanova\frontend\node_modules\next\dist\trace\trace.js:157:20)
    at async DevServer.handleRequest (file://C:\Users\Usuario\Documents\Projects\retoPescanova\frontend\node_modules\next\dist\server\dev\next-dev-server.js:396:24)
    at async invokeRender (file://C:\Users\Usuario\Documents\Projects\retoPescanova\frontend\node_modules\next\dist\server\lib\router-server.js:240:21)
    at async handleRequest (file://C:\Users\Usuario\Documents\Projects\retoPescanova\frontend\node_modules\next\dist\server\lib\router-server.js:437:24)
    at async requestHandlerImpl (file://C:\Users\Usuario\Documents\Projects\retoPescanova\frontend\node_modules\next\dist\server\lib\router-server.js:485:13)
    at async Server.requestListener (file://C:\Users\Usuario\Documents\Projects\retoPescanova\frontend\node_modules\next\dist\server\lib\start-server.js:226:13)
[  159594ms] [LOG] [HMR] connected @ webpack-internal:///(pages-dir-browser)/./node_modules/next/dist/client/dev/hot-reloader/pages/websocket.js:45
[  160484ms] [ERROR] Failed to load resource: the server responded with a status of 404 (Not Found) @ http://localhost:3000/_next/static/webpack/119d7b6dd4a66877.webpack.hot-update.json:0
[  160484ms] [WARNING] [Fast Refresh] performing full reload because your application had an unrecoverable error @ webpack-internal:///(pages-dir-browser)/./node_modules/next/dist/client/dev/hot-reloader/pages/hot-reloader-pages.js:347
[  160776ms] [ERROR] Failed to load resource: the server responded with a status of 500 (Internal Server Error) @ http://localhost:3000/training:0
[  161384ms] [INFO] %cDownload the React DevTools for a better development experience: https://reactjs.org/link/react-devtools font-weight:bold @ webpack-internal:///(pages-dir-browser)/./node_modules/react-dom/cjs/react-dom.development.js:29889
[  161411ms] TypeError: __webpack_modules__[moduleId] is not a function
    at __webpack_require__ (file://C:\Users\Usuario\Documents\Projects\retoPescanova\frontend\.next\server\webpack-runtime.js:25:42)
    at eval (webpack-internal:///(rsc)/./node_modules/next/dist/server/app-render/encryption-utils.js:40:35)
    at <unknown> (rsc)/./node_modules/next/dist/server/app-render/encryption-utils.js (C:\Users\Usuario\Documents\Projects\retoPescanova\frontend\.next\server\vendor-chunks\next.js:1773:1)
    at __webpack_require__ (file://C:\Users\Usuario\Documents\Projects\retoPescanova\frontend\.next\server\webpack-runtime.js:25:42)
    at eval (webpack-internal:///(rsc)/./node_modules/next/dist/build/webpack/loaders/next-app-loader/index.js?name=app%2Ftraining%2Fpage&page=%2Ftraining%2Fpage&appPaths=%2Ftraining%2Fpage&pagePath=private-next-app-dir%2Ftraining%2Fpage.tsx&appDir=C%3A%5CUsers%5CUsuario%5CDocuments%5CProjects%5CretoPescanova%5Cfrontend%5Capp&pageExtensions=tsx&pageExtensions=ts&pageExtensions=jsx&pageExtensions=js&rootDir=C%3A%5CUsers%5CUsuario%5CDocuments%5CProjects%5CretoPescanova%5Cfrontend&isDev=true&tsconfigPath=tsconfig.json&basePath=&assetPrefix=&nextConfigOutput=standalone&preferredRegion=&middlewareConfig=e30%3D&isGlobalNotFoundEnabled=!:28:103)
    at <unknown> (rsc)/./node_modules/next/dist/build/webpack/loaders/next-app-loader/index.js?name=app%2Ftraining%2Fpage&page=%2Ftraining%2Fpage&appPaths=%2Ftraining%2Fpage&pagePath=private-next-app-dir%2Ftraining%2Fpage.tsx&appDir=C%3A%5CUsers%5CUsuario%5CDocuments%5CProjects%5CretoPescanova%5Cfrontend%5Capp&pageExtensions=tsx&pageExtensions=ts&pageExtensions=jsx&pageExtensions=js&rootDir=C%3A%5CUsers%5CUsuario%5CDocuments%5CProjects%5CretoPescanova%5Cfrontend&isDev=true&tsconfigPath=tsconfig.json&basePath=&assetPrefix=&nextConfigOutput=standalone&preferredRegion=&middlewareConfig=e30%3D&isGlobalNotFoundEnabled=! (C:\Users\Usuario\Documents\Projects\retoPescanova\frontend\.next\server\app\training\page.js:66:1)
    at __webpack_require__ (file://C:\Users\Usuario\Documents\Projects\retoPescanova\frontend\.next\server\webpack-runtime.js:25:42)
    at __webpack_exec__ (file://C:\Users\Usuario\Documents\Projects\retoPescanova\frontend\.next\server\app\training\page.js:433:39)
    at <unknown> (file://C:\Users\Usuario\Documents\Projects\retoPescanova\frontend\.next\server\app\training\page.js:434:268)
    at __webpack_require__.X (file://C:\Users\Usuario\Documents\Projects\retoPescanova\frontend\.next\server\webpack-runtime.js:155:21)
    at <unknown> (file://C:\Users\Usuario\Documents\Projects\retoPescanova\frontend\.next\server\app\training\page.js:434:47)
    at Object.<anonymous> (file://C:\Users\Usuario\Documents\Projects\retoPescanova\frontend\.next\server\app\training\page.js:437:3)
    at Module._compile (node:internal/modules/cjs/loader:1730:14)
    at Object..js (node:internal/modules/cjs/loader:1895:10)
    at Module.load (node:internal/modules/cjs/loader:1465:32)
    at Function._load (node:internal/modules/cjs/loader:1282:12)
    at TracingChannel.traceSync (node:diagnostics_channel:322:14)
    at wrapModuleLoad (node:internal/modules/cjs/loader:235:24)
    at Module.<anonymous> (node:internal/modules/cjs/loader:1487:12)
    at mod.require (file://C:\Users\Usuario\Documents\Projects\retoPescanova\frontend\node_modules\next\dist\server\require-hook.js:68:28)
    at require (node:internal/modules/helpers:135:16)
    at requirePage (file://C:\Users\Usuario\Documents\Projects\retoPescanova\frontend\node_modules\next\dist\server\require.js:99:80)
    at loadComponentsImpl (file://C:\Users\Usuario\Documents\Projects\retoPescanova\frontend\node_modules\next\dist\server\load-components.js:132:57)
    at async DevServer.findPageComponentsImpl (file://C:\Users\Usuario\Documents\Projects\retoPescanova\frontend\node_modules\next\dist\server\next-server.js:900:36)
    at async DevServer.findPageComponents (file://C:\Users\Usuario\Documents\Projects\retoPescanova\frontend\node_modules\next\dist\server\dev\next-dev-server.js:706:16)
    at async DevServer.renderPageComponent (file://C:\Users\Usuario\Documents\Projects\retoPescanova\frontend\node_modules\next\dist\server\base-server.js:1468:24)
    at async DevServer.renderToResponseImpl (file://C:\Users\Usuario\Documents\Projects\retoPescanova\frontend\node_modules\next\dist\server\base-server.js:1522:32)
    at async DevServer.pipeImpl (file://C:\Users\Usuario\Documents\Projects\retoPescanova\frontend\node_modules\next\dist\server\base-server.js:1026:25)
    at async NextNodeServer.handleCatchallRenderRequest (file://C:\Users\Usuario\Documents\Projects\retoPescanova\frontend\node_modules\next\dist\server\next-server.js:394:17)
    at async DevServer.handleRequestImpl (file://C:\Users\Usuario\Documents\Projects\retoPescanova\frontend\node_modules\next\dist\server\base-server.js:917:17)
    at async (file://C:\Users\Usuario\Documents\Projects\retoPescanova\frontend\node_modules\next\dist\server\dev\next-dev-server.js:400:20)
    at async Span.traceAsyncFn (file://C:\Users\Usuario\Documents\Projects\retoPescanova\frontend\node_modules\next\dist\trace\trace.js:157:20)
    at async DevServer.handleRequest (file://C:\Users\Usuario\Documents\Projects\retoPescanova\frontend\node_modules\next\dist\server\dev\next-dev-server.js:396:24)
    at async invokeRender (file://C:\Users\Usuario\Documents\Projects\retoPescanova\frontend\node_modules\next\dist\server\lib\router-server.js:240:21)
    at async handleRequest (file://C:\Users\Usuario\Documents\Projects\retoPescanova\frontend\node_modules\next\dist\server\lib\router-server.js:437:24)
    at async requestHandlerImpl (file://C:\Users\Usuario\Documents\Projects\retoPescanova\frontend\node_modules\next\dist\server\lib\router-server.js:485:13)
    at async Server.requestListener (file://C:\Users\Usuario\Documents\Projects\retoPescanova\frontend\node_modules\next\dist\server\lib\start-server.js:226:13)
[  161410ms] [LOG] [HMR] connected @ webpack-internal:///(pages-dir-browser)/./node_modules/next/dist/client/dev/hot-reloader/pages/websocket.js:45
[  163139ms] [ERROR] Failed to load resource: the server responded with a status of 404 (Not Found) @ http://localhost:3000/_next/static/webpack/119d7b6dd4a66877.webpack.hot-update.json:0
[  163139ms] [WARNING] [Fast Refresh] performing full reload because your application had an unrecoverable error @ webpack-internal:///(pages-dir-browser)/./node_modules/next/dist/client/dev/hot-reloader/pages/hot-reloader-pages.js:347
[  163478ms] [ERROR] Failed to load resource: the server responded with a status of 500 (Internal Server Error) @ http://localhost:3000/training:0
[  164102ms] [INFO] %cDownload the React DevTools for a better development experience: https://reactjs.org/link/react-devtools font-weight:bold @ webpack-internal:///(pages-dir-browser)/./node_modules/react-dom/cjs/react-dom.development.js:29889
[  164142ms] TypeError: __webpack_modules__[moduleId] is not a function
    at __webpack_require__ (file://C:\Users\Usuario\Documents\Projects\retoPescanova\frontend\.next\server\webpack-runtime.js:25:42)
    at eval (webpack-internal:///(rsc)/./node_modules/next/dist/server/app-render/encryption-utils.js:40:35)
    at <unknown> (rsc)/./node_modules/next/dist/server/app-render/encryption-utils.js (C:\Users\Usuario\Documents\Projects\retoPescanova\frontend\.next\server\vendor-chunks\next.js:1773:1)
    at __webpack_require__ (file://C:\Users\Usuario\Documents\Projects\retoPescanova\frontend\.next\server\webpack-runtime.js:25:42)
    at eval (webpack-internal:///(rsc)/./node_modules/next/dist/build/webpack/loaders/next-app-loader/index.js?name=app%2Ftraining%2Fpage&page=%2Ftraining%2Fpage&appPaths=%2Ftraining%2Fpage&pagePath=private-next-app-dir%2Ftraining%2Fpage.tsx&appDir=C%3A%5CUsers%5CUsuario%5CDocuments%5CProjects%5CretoPescanova%5Cfrontend%5Capp&pageExtensions=tsx&pageExtensions=ts&pageExtensions=jsx&pageExtensions=js&rootDir=C%3A%5CUsers%5CUsuario%5CDocuments%5CProjects%5CretoPescanova%5Cfrontend&isDev=true&tsconfigPath=tsconfig.json&basePath=&assetPrefix=&nextConfigOutput=standalone&preferredRegion=&middlewareConfig=e30%3D&isGlobalNotFoundEnabled=!:28:103)
    at <unknown> (rsc)/./node_modules/next/dist/build/webpack/loaders/next-app-loader/index.js?name=app%2Ftraining%2Fpage&page=%2Ftraining%2Fpage&appPaths=%2Ftraining%2Fpage&pagePath=private-next-app-dir%2Ftraining%2Fpage.tsx&appDir=C%3A%5CUsers%5CUsuario%5CDocuments%5CProjects%5CretoPescanova%5Cfrontend%5Capp&pageExtensions=tsx&pageExtensions=ts&pageExtensions=jsx&pageExtensions=js&rootDir=C%3A%5CUsers%5CUsuario%5CDocuments%5CProjects%5CretoPescanova%5Cfrontend&isDev=true&tsconfigPath=tsconfig.json&basePath=&assetPrefix=&nextConfigOutput=standalone&preferredRegion=&middlewareConfig=e30%3D&isGlobalNotFoundEnabled=! (C:\Users\Usuario\Documents\Projects\retoPescanova\frontend\.next\server\app\training\page.js:66:1)
    at __webpack_require__ (file://C:\Users\Usuario\Documents\Projects\retoPescanova\frontend\.next\server\webpack-runtime.js:25:42)
    at __webpack_exec__ (file://C:\Users\Usuario\Documents\Projects\retoPescanova\frontend\.next\server\app\training\page.js:433:39)
    at <unknown> (file://C:\Users\Usuario\Documents\Projects\retoPescanova\frontend\.next\server\app\training\page.js:434:268)
    at __webpack_require__.X (file://C:\Users\Usuario\Documents\Projects\retoPescanova\frontend\.next\server\webpack-runtime.js:155:21)
    at <unknown> (file://C:\Users\Usuario\Documents\Projects\retoPescanova\frontend\.next\server\app\training\page.js:434:47)
    at Object.<anonymous> (file://C:\Users\Usuario\Documents\Projects\retoPescanova\frontend\.next\server\app\training\page.js:437:3)
    at Module._compile (node:internal/modules/cjs/loader:1730:14)
    at Object..js (node:internal/modules/cjs/loader:1895:10)
    at Module.load (node:internal/modules/cjs/loader:1465:32)
    at Function._load (node:internal/modules/cjs/loader:1282:12)
    at TracingChannel.traceSync (node:diagnostics_channel:322:14)
    at wrapModuleLoad (node:internal/modules/cjs/loader:235:24)
    at Module.<anonymous> (node:internal/modules/cjs/loader:1487:12)
    at mod.require (file://C:\Users\Usuario\Documents\Projects\retoPescanova\frontend\node_modules\next\dist\server\require-hook.js:68:28)
    at require (node:internal/modules/helpers:135:16)
    at requirePage (file://C:\Users\Usuario\Documents\Projects\retoPescanova\frontend\node_modules\next\dist\server\require.js:99:80)
    at loadComponentsImpl (file://C:\Users\Usuario\Documents\Projects\retoPescanova\frontend\node_modules\next\dist\server\load-components.js:132:57)
    at async DevServer.findPageComponentsImpl (file://C:\Users\Usuario\Documents\Projects\retoPescanova\frontend\node_modules\next\dist\server\next-server.js:900:36)
    at async DevServer.findPageComponents (file://C:\Users\Usuario\Documents\Projects\retoPescanova\frontend\node_modules\next\dist\server\dev\next-dev-server.js:706:16)
    at async DevServer.renderPageComponent (file://C:\Users\Usuario\Documents\Projects\retoPescanova\frontend\node_modules\next\dist\server\base-server.js:1468:24)
    at async DevServer.renderToResponseImpl (file://C:\Users\Usuario\Documents\Projects\retoPescanova\frontend\node_modules\next\dist\server\base-server.js:1522:32)
    at async DevServer.pipeImpl (file://C:\Users\Usuario\Documents\Projects\retoPescanova\frontend\node_modules\next\dist\server\base-server.js:1026:25)
    at async NextNodeServer.handleCatchallRenderRequest (file://C:\Users\Usuario\Documents\Projects\retoPescanova\frontend\node_modules\next\dist\server\next-server.js:394:17)
    at async DevServer.handleRequestImpl (file://C:\Users\Usuario\Documents\Projects\retoPescanova\frontend\node_modules\next\dist\server\base-server.js:917:17)
    at async (file://C:\Users\Usuario\Documents\Projects\retoPescanova\frontend\node_modules\next\dist\server\dev\next-dev-server.js:400:20)
    at async Span.traceAsyncFn (file://C:\Users\Usuario\Documents\Projects\retoPescanova\frontend\node_modules\next\dist\trace\trace.js:157:20)
    at async DevServer.handleRequest (file://C:\Users\Usuario\Documents\Projects\retoPescanova\frontend\node_modules\next\dist\server\dev\next-dev-server.js:396:24)
    at async invokeRender (file://C:\Users\Usuario\Documents\Projects\retoPescanova\frontend\node_modules\next\dist\server\lib\router-server.js:240:21)
    at async handleRequest (file://C:\Users\Usuario\Documents\Projects\retoPescanova\frontend\node_modules\next\dist\server\lib\router-server.js:437:24)
    at async requestHandlerImpl (file://C:\Users\Usuario\Documents\Projects\retoPescanova\frontend\node_modules\next\dist\server\lib\router-server.js:485:13)
    at async Server.requestListener (file://C:\Users\Usuario\Documents\Projects\retoPescanova\frontend\node_modules\next\dist\server\lib\start-server.js:226:13)
[  164142ms] [LOG] [HMR] connected @ webpack-internal:///(pages-dir-browser)/./node_modules/next/dist/client/dev/hot-reloader/pages/websocket.js:45
[  165049ms] [ERROR] Failed to load resource: the server responded with a status of 404 (Not Found) @ http://localhost:3000/_next/static/webpack/119d7b6dd4a66877.webpack.hot-update.json:0
[  165050ms] [WARNING] [Fast Refresh] performing full reload because your application had an unrecoverable error @ webpack-internal:///(pages-dir-browser)/./node_modules/next/dist/client/dev/hot-reloader/pages/hot-reloader-pages.js:347
[  165344ms] [ERROR] Failed to load resource: the server responded with a status of 500 (Internal Server Error) @ http://localhost:3000/training:0
[  165956ms] [INFO] %cDownload the React DevTools for a better development experience: https://reactjs.org/link/react-devtools font-weight:bold @ webpack-internal:///(pages-dir-browser)/./node_modules/react-dom/cjs/react-dom.development.js:29889
[  165979ms] TypeError: __webpack_modules__[moduleId] is not a function
    at __webpack_require__ (file://C:\Users\Usuario\Documents\Projects\retoPescanova\frontend\.next\server\webpack-runtime.js:25:42)
    at eval (webpack-internal:///(rsc)/./node_modules/next/dist/server/app-render/encryption-utils.js:40:35)
    at <unknown> (rsc)/./node_modules/next/dist/server/app-render/encryption-utils.js (C:\Users\Usuario\Documents\Projects\retoPescanova\frontend\.next\server\vendor-chunks\next.js:1773:1)
    at __webpack_require__ (file://C:\Users\Usuario\Documents\Projects\retoPescanova\frontend\.next\server\webpack-runtime.js:25:42)
    at eval (webpack-internal:///(rsc)/./node_modules/next/dist/build/webpack/loaders/next-app-loader/index.js?name=app%2Ftraining%2Fpage&page=%2Ftraining%2Fpage&appPaths=%2Ftraining%2Fpage&pagePath=private-next-app-dir%2Ftraining%2Fpage.tsx&appDir=C%3A%5CUsers%5CUsuario%5CDocuments%5CProjects%5CretoPescanova%5Cfrontend%5Capp&pageExtensions=tsx&pageExtensions=ts&pageExtensions=jsx&pageExtensions=js&rootDir=C%3A%5CUsers%5CUsuario%5CDocuments%5CProjects%5CretoPescanova%5Cfrontend&isDev=true&tsconfigPath=tsconfig.json&basePath=&assetPrefix=&nextConfigOutput=standalone&preferredRegion=&middlewareConfig=e30%3D&isGlobalNotFoundEnabled=!:28:103)
    at <unknown> (rsc)/./node_modules/next/dist/build/webpack/loaders/next-app-loader/index.js?name=app%2Ftraining%2Fpage&page=%2Ftraining%2Fpage&appPaths=%2Ftraining%2Fpage&pagePath=private-next-app-dir%2Ftraining%2Fpage.tsx&appDir=C%3A%5CUsers%5CUsuario%5CDocuments%5CProjects%5CretoPescanova%5Cfrontend%5Capp&pageExtensions=tsx&pageExtensions=ts&pageExtensions=jsx&pageExtensions=js&rootDir=C%3A%5CUsers%5CUsuario%5CDocuments%5CProjects%5CretoPescanova%5Cfrontend&isDev=true&tsconfigPath=tsconfig.json&basePath=&assetPrefix=&nextConfigOutput=standalone&preferredRegion=&middlewareConfig=e30%3D&isGlobalNotFoundEnabled=! (C:\Users\Usuario\Documents\Projects\retoPescanova\frontend\.next\server\app\training\page.js:66:1)
    at __webpack_require__ (file://C:\Users\Usuario\Documents\Projects\retoPescanova\frontend\.next\server\webpack-runtime.js:25:42)
    at __webpack_exec__ (file://C:\Users\Usuario\Documents\Projects\retoPescanova\frontend\.next\server\app\training\page.js:433:39)
    at <unknown> (file://C:\Users\Usuario\Documents\Projects\retoPescanova\frontend\.next\server\app\training\page.js:434:268)
    at __webpack_require__.X (file://C:\Users\Usuario\Documents\Projects\retoPescanova\frontend\.next\server\webpack-runtime.js:155:21)
    at <unknown> (file://C:\Users\Usuario\Documents\Projects\retoPescanova\frontend\.next\server\app\training\page.js:434:47)
    at Object.<anonymous> (file://C:\Users\Usuario\Documents\Projects\retoPescanova\frontend\.next\server\app\training\page.js:437:3)
    at Module._compile (node:internal/modules/cjs/loader:1730:14)
    at Object..js (node:internal/modules/cjs/loader:1895:10)
    at Module.load (node:internal/modules/cjs/loader:1465:32)
    at Function._load (node:internal/modules/cjs/loader:1282:12)
    at TracingChannel.traceSync (node:diagnostics_channel:322:14)
    at wrapModuleLoad (node:internal/modules/cjs/loader:235:24)
    at Module.<anonymous> (node:internal/modules/cjs/loader:1487:12)
    at mod.require (file://C:\Users\Usuario\Documents\Projects\retoPescanova\frontend\node_modules\next\dist\server\require-hook.js:68:28)
    at require (node:internal/modules/helpers:135:16)
    at requirePage (file://C:\Users\Usuario\Documents\Projects\retoPescanova\frontend\node_modules\next\dist\server\require.js:99:80)
    at loadComponentsImpl (file://C:\Users\Usuario\Documents\Projects\retoPescanova\frontend\node_modules\next\dist\server\load-components.js:132:57)
    at async DevServer.findPageComponentsImpl (file://C:\Users\Usuario\Documents\Projects\retoPescanova\frontend\node_modules\next\dist\server\next-server.js:900:36)
    at async DevServer.findPageComponents (file://C:\Users\Usuario\Documents\Projects\retoPescanova\frontend\node_modules\next\dist\server\dev\next-dev-server.js:706:16)
    at async DevServer.renderPageComponent (file://C:\Users\Usuario\Documents\Projects\retoPescanova\frontend\node_modules\next\dist\server\base-server.js:1468:24)
    at async DevServer.renderToResponseImpl (file://C:\Users\Usuario\Documents\Projects\retoPescanova\frontend\node_modules\next\dist\server\base-server.js:1522:32)
    at async DevServer.pipeImpl (file://C:\Users\Usuario\Documents\Projects\retoPescanova\frontend\node_modules\next\dist\server\base-server.js:1026:25)
    at async NextNodeServer.handleCatchallRenderRequest (file://C:\Users\Usuario\Documents\Projects\retoPescanova\frontend\node_modules\next\dist\server\next-server.js:394:17)
    at async DevServer.handleRequestImpl (file://C:\Users\Usuario\Documents\Projects\retoPescanova\frontend\node_modules\next\dist\server\base-server.js:917:17)
    at async (file://C:\Users\Usuario\Documents\Projects\retoPescanova\frontend\node_modules\next\dist\server\dev\next-dev-server.js:400:20)
    at async Span.traceAsyncFn (file://C:\Users\Usuario\Documents\Projects\retoPescanova\frontend\node_modules\next\dist\trace\trace.js:157:20)
    at async DevServer.handleRequest (file://C:\Users\Usuario\Documents\Projects\retoPescanova\frontend\node_modules\next\dist\server\dev\next-dev-server.js:396:24)
    at async invokeRender (file://C:\Users\Usuario\Documents\Projects\retoPescanova\frontend\node_modules\next\dist\server\lib\router-server.js:240:21)
    at async handleRequest (file://C:\Users\Usuario\Documents\Projects\retoPescanova\frontend\node_modules\next\dist\server\lib\router-server.js:437:24)
    at async requestHandlerImpl (file://C:\Users\Usuario\Documents\Projects\retoPescanova\frontend\node_modules\next\dist\server\lib\router-server.js:485:13)
    at async Server.requestListener (file://C:\Users\Usuario\Documents\Projects\retoPescanova\frontend\node_modules\next\dist\server\lib\start-server.js:226:13)
[  165978ms] [LOG] [HMR] connected @ webpack-internal:///(pages-dir-browser)/./node_modules/next/dist/client/dev/hot-reloader/pages/websocket.js:45
[  169192ms] [ERROR] Failed to load resource: the server responded with a status of 404 (Not Found) @ http://localhost:3000/_next/static/webpack/119d7b6dd4a66877.webpack.hot-update.json:0
[  169193ms] [WARNING] [Fast Refresh] performing full reload because your application had an unrecoverable error @ webpack-internal:///(pages-dir-browser)/./node_modules/next/dist/client/dev/hot-reloader/pages/hot-reloader-pages.js:347
[  169503ms] [ERROR] Failed to load resource: the server responded with a status of 500 (Internal Server Error) @ http://localhost:3000/training:0
[  170104ms] [INFO] %cDownload the React DevTools for a better development experience: https://reactjs.org/link/react-devtools font-weight:bold @ webpack-internal:///(pages-dir-browser)/./node_modules/react-dom/cjs/react-dom.development.js:29889
[  170128ms] TypeError: __webpack_modules__[moduleId] is not a function
    at __webpack_require__ (file://C:\Users\Usuario\Documents\Projects\retoPescanova\frontend\.next\server\webpack-runtime.js:25:42)
    at eval (webpack-internal:///(rsc)/./node_modules/next/dist/server/app-render/encryption-utils.js:40:35)
    at <unknown> (rsc)/./node_modules/next/dist/server/app-render/encryption-utils.js (C:\Users\Usuario\Documents\Projects\retoPescanova\frontend\.next\server\vendor-chunks\next.js:1773:1)
    at __webpack_require__ (file://C:\Users\Usuario\Documents\Projects\retoPescanova\frontend\.next\server\webpack-runtime.js:25:42)
    at eval (webpack-internal:///(rsc)/./node_modules/next/dist/build/webpack/loaders/next-app-loader/index.js?name=app%2Ftraining%2Fpage&page=%2Ftraining%2Fpage&appPaths=%2Ftraining%2Fpage&pagePath=private-next-app-dir%2Ftraining%2Fpage.tsx&appDir=C%3A%5CUsers%5CUsuario%5CDocuments%5CProjects%5CretoPescanova%5Cfrontend%5Capp&pageExtensions=tsx&pageExtensions=ts&pageExtensions=jsx&pageExtensions=js&rootDir=C%3A%5CUsers%5CUsuario%5CDocuments%5CProjects%5CretoPescanova%5Cfrontend&isDev=true&tsconfigPath=tsconfig.json&basePath=&assetPrefix=&nextConfigOutput=standalone&preferredRegion=&middlewareConfig=e30%3D&isGlobalNotFoundEnabled=!:28:103)
    at <unknown> (rsc)/./node_modules/next/dist/build/webpack/loaders/next-app-loader/index.js?name=app%2Ftraining%2Fpage&page=%2Ftraining%2Fpage&appPaths=%2Ftraining%2Fpage&pagePath=private-next-app-dir%2Ftraining%2Fpage.tsx&appDir=C%3A%5CUsers%5CUsuario%5CDocuments%5CProjects%5CretoPescanova%5Cfrontend%5Capp&pageExtensions=tsx&pageExtensions=ts&pageExtensions=jsx&pageExtensions=js&rootDir=C%3A%5CUsers%5CUsuario%5CDocuments%5CProjects%5CretoPescanova%5Cfrontend&isDev=true&tsconfigPath=tsconfig.json&basePath=&assetPrefix=&nextConfigOutput=standalone&preferredRegion=&middlewareConfig=e30%3D&isGlobalNotFoundEnabled=! (C:\Users\Usuario\Documents\Projects\retoPescanova\frontend\.next\server\app\training\page.js:66:1)
    at __webpack_require__ (file://C:\Users\Usuario\Documents\Projects\retoPescanova\frontend\.next\server\webpack-runtime.js:25:42)
    at __webpack_exec__ (file://C:\Users\Usuario\Documents\Projects\retoPescanova\frontend\.next\server\app\training\page.js:433:39)
    at <unknown> (file://C:\Users\Usuario\Documents\Projects\retoPescanova\frontend\.next\server\app\training\page.js:434:268)
    at __webpack_require__.X (file://C:\Users\Usuario\Documents\Projects\retoPescanova\frontend\.next\server\webpack-runtime.js:155:21)
    at <unknown> (file://C:\Users\Usuario\Documents\Projects\retoPescanova\frontend\.next\server\app\training\page.js:434:47)
    at Object.<anonymous> (file://C:\Users\Usuario\Documents\Projects\retoPescanova\frontend\.next\server\app\training\page.js:437:3)
    at Module._compile (node:internal/modules/cjs/loader:1730:14)
    at Object..js (node:internal/modules/cjs/loader:1895:10)
    at Module.load (node:internal/modules/cjs/loader:1465:32)
    at Function._load (node:internal/modules/cjs/loader:1282:12)
    at TracingChannel.traceSync (node:diagnostics_channel:322:14)
    at wrapModuleLoad (node:internal/modules/cjs/loader:235:24)
    at Module.<anonymous> (node:internal/modules/cjs/loader:1487:12)
    at mod.require (file://C:\Users\Usuario\Documents\Projects\retoPescanova\frontend\node_modules\next\dist\server\require-hook.js:68:28)
    at require (node:internal/modules/helpers:135:16)
    at requirePage (file://C:\Users\Usuario\Documents\Projects\retoPescanova\frontend\node_modules\next\dist\server\require.js:99:80)
    at loadComponentsImpl (file://C:\Users\Usuario\Documents\Projects\retoPescanova\frontend\node_modules\next\dist\server\load-components.js:132:57)
    at async DevServer.findPageComponentsImpl (file://C:\Users\Usuario\Documents\Projects\retoPescanova\frontend\node_modules\next\dist\server\next-server.js:900:36)
    at async DevServer.findPageComponents (file://C:\Users\Usuario\Documents\Projects\retoPescanova\frontend\node_modules\next\dist\server\dev\next-dev-server.js:706:16)
    at async DevServer.renderPageComponent (file://C:\Users\Usuario\Documents\Projects\retoPescanova\frontend\node_modules\next\dist\server\base-server.js:1468:24)
    at async DevServer.renderToResponseImpl (file://C:\Users\Usuario\Documents\Projects\retoPescanova\frontend\node_modules\next\dist\server\base-server.js:1522:32)
    at async DevServer.pipeImpl (file://C:\Users\Usuario\Documents\Projects\retoPescanova\frontend\node_modules\next\dist\server\base-server.js:1026:25)
    at async NextNodeServer.handleCatchallRenderRequest (file://C:\Users\Usuario\Documents\Projects\retoPescanova\frontend\node_modules\next\dist\server\next-server.js:394:17)
    at async DevServer.handleRequestImpl (file://C:\Users\Usuario\Documents\Projects\retoPescanova\frontend\node_modules\next\dist\server\base-server.js:917:17)
    at async (file://C:\Users\Usuario\Documents\Projects\retoPescanova\frontend\node_modules\next\dist\server\dev\next-dev-server.js:400:20)
    at async Span.traceAsyncFn (file://C:\Users\Usuario\Documents\Projects\retoPescanova\frontend\node_modules\next\dist\trace\trace.js:157:20)
    at async DevServer.handleRequest (file://C:\Users\Usuario\Documents\Projects\retoPescanova\frontend\node_modules\next\dist\server\dev\next-dev-server.js:396:24)
    at async invokeRender (file://C:\Users\Usuario\Documents\Projects\retoPescanova\frontend\node_modules\next\dist\server\lib\router-server.js:240:21)
    at async handleRequest (file://C:\Users\Usuario\Documents\Projects\retoPescanova\frontend\node_modules\next\dist\server\lib\router-server.js:437:24)
    at async requestHandlerImpl (file://C:\Users\Usuario\Documents\Projects\retoPescanova\frontend\node_modules\next\dist\server\lib\router-server.js:485:13)
    at async Server.requestListener (file://C:\Users\Usuario\Documents\Projects\retoPescanova\frontend\node_modules\next\dist\server\lib\start-server.js:226:13)
[  170128ms] [LOG] [HMR] connected @ webpack-internal:///(pages-dir-browser)/./node_modules/next/dist/client/dev/hot-reloader/pages/websocket.js:45
[  171835ms] [ERROR] Failed to load resource: the server responded with a status of 404 (Not Found) @ http://localhost:3000/_next/static/webpack/119d7b6dd4a66877.webpack.hot-update.json:0
[  171836ms] [WARNING] [Fast Refresh] performing full reload because your application had an unrecoverable error @ webpack-internal:///(pages-dir-browser)/./node_modules/next/dist/client/dev/hot-reloader/pages/hot-reloader-pages.js:347
[  172142ms] [ERROR] Failed to load resource: the server responded with a status of 500 (Internal Server Error) @ http://localhost:3000/training:0
[  172549ms] [INFO] %cDownload the React DevTools for a better development experience: https://reactjs.org/link/react-devtools font-weight:bold @ webpack-internal:///(pages-dir-browser)/./node_modules/react-dom/cjs/react-dom.development.js:29889
[  172572ms] TypeError: __webpack_modules__[moduleId] is not a function
    at __webpack_require__ (file://C:\Users\Usuario\Documents\Projects\retoPescanova\frontend\.next\server\webpack-runtime.js:25:42)
    at eval (webpack-internal:///(rsc)/./node_modules/next/dist/server/app-render/encryption-utils.js:40:35)
    at <unknown> (rsc)/./node_modules/next/dist/server/app-render/encryption-utils.js (C:\Users\Usuario\Documents\Projects\retoPescanova\frontend\.next\server\vendor-chunks\next.js:1773:1)
    at __webpack_require__ (file://C:\Users\Usuario\Documents\Projects\retoPescanova\frontend\.next\server\webpack-runtime.js:25:42)
    at eval (webpack-internal:///(rsc)/./node_modules/next/dist/build/webpack/loaders/next-app-loader/index.js?name=app%2Ftraining%2Fpage&page=%2Ftraining%2Fpage&appPaths=%2Ftraining%2Fpage&pagePath=private-next-app-dir%2Ftraining%2Fpage.tsx&appDir=C%3A%5CUsers%5CUsuario%5CDocuments%5CProjects%5CretoPescanova%5Cfrontend%5Capp&pageExtensions=tsx&pageExtensions=ts&pageExtensions=jsx&pageExtensions=js&rootDir=C%3A%5CUsers%5CUsuario%5CDocuments%5CProjects%5CretoPescanova%5Cfrontend&isDev=true&tsconfigPath=tsconfig.json&basePath=&assetPrefix=&nextConfigOutput=standalone&preferredRegion=&middlewareConfig=e30%3D&isGlobalNotFoundEnabled=!:28:103)
    at <unknown> (rsc)/./node_modules/next/dist/build/webpack/loaders/next-app-loader/index.js?name=app%2Ftraining%2Fpage&page=%2Ftraining%2Fpage&appPaths=%2Ftraining%2Fpage&pagePath=private-next-app-dir%2Ftraining%2Fpage.tsx&appDir=C%3A%5CUsers%5CUsuario%5CDocuments%5CProjects%5CretoPescanova%5Cfrontend%5Capp&pageExtensions=tsx&pageExtensions=ts&pageExtensions=jsx&pageExtensions=js&rootDir=C%3A%5CUsers%5CUsuario%5CDocuments%5CProjects%5CretoPescanova%5Cfrontend&isDev=true&tsconfigPath=tsconfig.json&basePath=&assetPrefix=&nextConfigOutput=standalone&preferredRegion=&middlewareConfig=e30%3D&isGlobalNotFoundEnabled=! (C:\Users\Usuario\Documents\Projects\retoPescanova\frontend\.next\server\app\training\page.js:66:1)
    at __webpack_require__ (file://C:\Users\Usuario\Documents\Projects\retoPescanova\frontend\.next\server\webpack-runtime.js:25:42)
    at __webpack_exec__ (file://C:\Users\Usuario\Documents\Projects\retoPescanova\frontend\.next\server\app\training\page.js:433:39)
    at <unknown> (file://C:\Users\Usuario\Documents\Projects\retoPescanova\frontend\.next\server\app\training\page.js:434:268)
    at __webpack_require__.X (file://C:\Users\Usuario\Documents\Projects\retoPescanova\frontend\.next\server\webpack-runtime.js:155:21)
    at <unknown> (file://C:\Users\Usuario\Documents\Projects\retoPescanova\frontend\.next\server\app\training\page.js:434:47)
    at Object.<anonymous> (file://C:\Users\Usuario\Documents\Projects\retoPescanova\frontend\.next\server\app\training\page.js:437:3)
    at Module._compile (node:internal/modules/cjs/loader:1730:14)
    at Object..js (node:internal/modules/cjs/loader:1895:10)
    at Module.load (node:internal/modules/cjs/loader:1465:32)
    at Function._load (node:internal/modules/cjs/loader:1282:12)
    at TracingChannel.traceSync (node:diagnostics_channel:322:14)
    at wrapModuleLoad (node:internal/modules/cjs/loader:235:24)
    at Module.<anonymous> (node:internal/modules/cjs/loader:1487:12)
    at mod.require (file://C:\Users\Usuario\Documents\Projects\retoPescanova\frontend\node_modules\next\dist\server\require-hook.js:68:28)
    at require (node:internal/modules/helpers:135:16)
    at requirePage (file://C:\Users\Usuario\Documents\Projects\retoPescanova\frontend\node_modules\next\dist\server\require.js:99:80)
    at loadComponentsImpl (file://C:\Users\Usuario\Documents\Projects\retoPescanova\frontend\node_modules\next\dist\server\load-components.js:132:57)
    at async DevServer.findPageComponentsImpl (file://C:\Users\Usuario\Documents\Projects\retoPescanova\frontend\node_modules\next\dist\server\next-server.js:900:36)
    at async DevServer.findPageComponents (file://C:\Users\Usuario\Documents\Projects\retoPescanova\frontend\node_modules\next\dist\server\dev\next-dev-server.js:706:16)
    at async DevServer.renderPageComponent (file://C:\Users\Usuario\Documents\Projects\retoPescanova\frontend\node_modules\next\dist\server\base-server.js:1468:24)
    at async DevServer.renderToResponseImpl (file://C:\Users\Usuario\Documents\Projects\retoPescanova\frontend\node_modules\next\dist\server\base-server.js:1522:32)
    at async DevServer.pipeImpl (file://C:\Users\Usuario\Documents\Projects\retoPescanova\frontend\node_modules\next\dist\server\base-server.js:1026:25)
    at async NextNodeServer.handleCatchallRenderRequest (file://C:\Users\Usuario\Documents\Projects\retoPescanova\frontend\node_modules\next\dist\server\next-server.js:394:17)
    at async DevServer.handleRequestImpl (file://C:\Users\Usuario\Documents\Projects\retoPescanova\frontend\node_modules\next\dist\server\base-server.js:917:17)
    at async (file://C:\Users\Usuario\Documents\Projects\retoPescanova\frontend\node_modules\next\dist\server\dev\next-dev-server.js:400:20)
    at async Span.traceAsyncFn (file://C:\Users\Usuario\Documents\Projects\retoPescanova\frontend\node_modules\next\dist\trace\trace.js:157:20)
    at async DevServer.handleRequest (file://C:\Users\Usuario\Documents\Projects\retoPescanova\frontend\node_modules\next\dist\server\dev\next-dev-server.js:396:24)
    at async invokeRender (file://C:\Users\Usuario\Documents\Projects\retoPescanova\frontend\node_modules\next\dist\server\lib\router-server.js:240:21)
    at async handleRequest (file://C:\Users\Usuario\Documents\Projects\retoPescanova\frontend\node_modules\next\dist\server\lib\router-server.js:437:24)
    at async requestHandlerImpl (file://C:\Users\Usuario\Documents\Projects\retoPescanova\frontend\node_modules\next\dist\server\lib\router-server.js:485:13)
    at async Server.requestListener (file://C:\Users\Usuario\Documents\Projects\retoPescanova\frontend\node_modules\next\dist\server\lib\start-server.js:226:13)
[  172572ms] [LOG] [HMR] connected @ webpack-internal:///(pages-dir-browser)/./node_modules/next/dist/client/dev/hot-reloader/pages/websocket.js:45
[  173148ms] [ERROR] Failed to load resource: the server responded with a status of 404 (Not Found) @ http://localhost:3000/_next/static/webpack/119d7b6dd4a66877.webpack.hot-update.json:0
[  173149ms] [WARNING] [Fast Refresh] performing full reload because your application had an unrecoverable error @ webpack-internal:///(pages-dir-browser)/./node_modules/next/dist/client/dev/hot-reloader/pages/hot-reloader-pages.js:347
[  173445ms] [ERROR] Failed to load resource: the server responded with a status of 500 (Internal Server Error) @ http://localhost:3000/training:0
[  174039ms] [INFO] %cDownload the React DevTools for a better development experience: https://reactjs.org/link/react-devtools font-weight:bold @ webpack-internal:///(pages-dir-browser)/./node_modules/react-dom/cjs/react-dom.development.js:29889
[  174063ms] TypeError: __webpack_modules__[moduleId] is not a function
    at __webpack_require__ (file://C:\Users\Usuario\Documents\Projects\retoPescanova\frontend\.next\server\webpack-runtime.js:25:42)
    at eval (webpack-internal:///(rsc)/./node_modules/next/dist/server/app-render/encryption-utils.js:40:35)
    at <unknown> (rsc)/./node_modules/next/dist/server/app-render/encryption-utils.js (C:\Users\Usuario\Documents\Projects\retoPescanova\frontend\.next\server\vendor-chunks\next.js:1773:1)
    at __webpack_require__ (file://C:\Users\Usuario\Documents\Projects\retoPescanova\frontend\.next\server\webpack-runtime.js:25:42)
    at eval (webpack-internal:///(rsc)/./node_modules/next/dist/build/webpack/loaders/next-app-loader/index.js?name=app%2Ftraining%2Fpage&page=%2Ftraining%2Fpage&appPaths=%2Ftraining%2Fpage&pagePath=private-next-app-dir%2Ftraining%2Fpage.tsx&appDir=C%3A%5CUsers%5CUsuario%5CDocuments%5CProjects%5CretoPescanova%5Cfrontend%5Capp&pageExtensions=tsx&pageExtensions=ts&pageExtensions=jsx&pageExtensions=js&rootDir=C%3A%5CUsers%5CUsuario%5CDocuments%5CProjects%5CretoPescanova%5Cfrontend&isDev=true&tsconfigPath=tsconfig.json&basePath=&assetPrefix=&nextConfigOutput=standalone&preferredRegion=&middlewareConfig=e30%3D&isGlobalNotFoundEnabled=!:28:103)
    at <unknown> (rsc)/./node_modules/next/dist/build/webpack/loaders/next-app-loader/index.js?name=app%2Ftraining%2Fpage&page=%2Ftraining%2Fpage&appPaths=%2Ftraining%2Fpage&pagePath=private-next-app-dir%2Ftraining%2Fpage.tsx&appDir=C%3A%5CUsers%5CUsuario%5CDocuments%5CProjects%5CretoPescanova%5Cfrontend%5Capp&pageExtensions=tsx&pageExtensions=ts&pageExtensions=jsx&pageExtensions=js&rootDir=C%3A%5CUsers%5CUsuario%5CDocuments%5CProjects%5CretoPescanova%5Cfrontend&isDev=true&tsconfigPath=tsconfig.json&basePath=&assetPrefix=&nextConfigOutput=standalone&preferredRegion=&middlewareConfig=e30%3D&isGlobalNotFoundEnabled=! (C:\Users\Usuario\Documents\Projects\retoPescanova\frontend\.next\server\app\training\page.js:66:1)
    at __webpack_require__ (file://C:\Users\Usuario\Documents\Projects\retoPescanova\frontend\.next\server\webpack-runtime.js:25:42)
    at __webpack_exec__ (file://C:\Users\Usuario\Documents\Projects\retoPescanova\frontend\.next\server\app\training\page.js:433:39)
    at <unknown> (file://C:\Users\Usuario\Documents\Projects\retoPescanova\frontend\.next\server\app\training\page.js:434:268)
    at __webpack_require__.X (file://C:\Users\Usuario\Documents\Projects\retoPescanova\frontend\.next\server\webpack-runtime.js:155:21)
    at <unknown> (file://C:\Users\Usuario\Documents\Projects\retoPescanova\frontend\.next\server\app\training\page.js:434:47)
    at Object.<anonymous> (file://C:\Users\Usuario\Documents\Projects\retoPescanova\frontend\.next\server\app\training\page.js:437:3)
    at Module._compile (node:internal/modules/cjs/loader:1730:14)
    at Object..js (node:internal/modules/cjs/loader:1895:10)
    at Module.load (node:internal/modules/cjs/loader:1465:32)
    at Function._load (node:internal/modules/cjs/loader:1282:12)
    at TracingChannel.traceSync (node:diagnostics_channel:322:14)
    at wrapModuleLoad (node:internal/modules/cjs/loader:235:24)
    at Module.<anonymous> (node:internal/modules/cjs/loader:1487:12)
    at mod.require (file://C:\Users\Usuario\Documents\Projects\retoPescanova\frontend\node_modules\next\dist\server\require-hook.js:68:28)
    at require (node:internal/modules/helpers:135:16)
    at requirePage (file://C:\Users\Usuario\Documents\Projects\retoPescanova\frontend\node_modules\next\dist\server\require.js:99:80)
    at loadComponentsImpl (file://C:\Users\Usuario\Documents\Projects\retoPescanova\frontend\node_modules\next\dist\server\load-components.js:132:57)
    at async DevServer.findPageComponentsImpl (file://C:\Users\Usuario\Documents\Projects\retoPescanova\frontend\node_modules\next\dist\server\next-server.js:900:36)
    at async DevServer.findPageComponents (file://C:\Users\Usuario\Documents\Projects\retoPescanova\frontend\node_modules\next\dist\server\dev\next-dev-server.js:706:16)
    at async DevServer.renderPageComponent (file://C:\Users\Usuario\Documents\Projects\retoPescanova\frontend\node_modules\next\dist\server\base-server.js:1468:24)
    at async DevServer.renderToResponseImpl (file://C:\Users\Usuario\Documents\Projects\retoPescanova\frontend\node_modules\next\dist\server\base-server.js:1522:32)
    at async DevServer.pipeImpl (file://C:\Users\Usuario\Documents\Projects\retoPescanova\frontend\node_modules\next\dist\server\base-server.js:1026:25)
    at async NextNodeServer.handleCatchallRenderRequest (file://C:\Users\Usuario\Documents\Projects\retoPescanova\frontend\node_modules\next\dist\server\next-server.js:394:17)
    at async DevServer.handleRequestImpl (file://C:\Users\Usuario\Documents\Projects\retoPescanova\frontend\node_modules\next\dist\server\base-server.js:917:17)
    at async (file://C:\Users\Usuario\Documents\Projects\retoPescanova\frontend\node_modules\next\dist\server\dev\next-dev-server.js:400:20)
    at async Span.traceAsyncFn (file://C:\Users\Usuario\Documents\Projects\retoPescanova\frontend\node_modules\next\dist\trace\trace.js:157:20)
    at async DevServer.handleRequest (file://C:\Users\Usuario\Documents\Projects\retoPescanova\frontend\node_modules\next\dist\server\dev\next-dev-server.js:396:24)
    at async invokeRender (file://C:\Users\Usuario\Documents\Projects\retoPescanova\frontend\node_modules\next\dist\server\lib\router-server.js:240:21)
    at async handleRequest (file://C:\Users\Usuario\Documents\Projects\retoPescanova\frontend\node_modules\next\dist\server\lib\router-server.js:437:24)
    at async requestHandlerImpl (file://C:\Users\Usuario\Documents\Projects\retoPescanova\frontend\node_modules\next\dist\server\lib\router-server.js:485:13)
    at async Server.requestListener (file://C:\Users\Usuario\Documents\Projects\retoPescanova\frontend\node_modules\next\dist\server\lib\start-server.js:226:13)
[  174062ms] [LOG] [HMR] connected @ webpack-internal:///(pages-dir-browser)/./node_modules/next/dist/client/dev/hot-reloader/pages/websocket.js:45
[  175767ms] [ERROR] Failed to load resource: the server responded with a status of 404 (Not Found) @ http://localhost:3000/_next/static/webpack/119d7b6dd4a66877.webpack.hot-update.json:0
[  175767ms] [WARNING] [Fast Refresh] performing full reload because your application had an unrecoverable error @ webpack-internal:///(pages-dir-browser)/./node_modules/next/dist/client/dev/hot-reloader/pages/hot-reloader-pages.js:347
[  176101ms] [ERROR] Failed to load resource: the server responded with a status of 500 (Internal Server Error) @ http://localhost:3000/training:0
[  176511ms] [INFO] %cDownload the React DevTools for a better development experience: https://reactjs.org/link/react-devtools font-weight:bold @ webpack-internal:///(pages-dir-browser)/./node_modules/react-dom/cjs/react-dom.development.js:29889
[  176539ms] TypeError: __webpack_modules__[moduleId] is not a function
    at __webpack_require__ (file://C:\Users\Usuario\Documents\Projects\retoPescanova\frontend\.next\server\webpack-runtime.js:25:42)
    at eval (webpack-internal:///(rsc)/./node_modules/next/dist/server/app-render/encryption-utils.js:40:35)
    at <unknown> (rsc)/./node_modules/next/dist/server/app-render/encryption-utils.js (C:\Users\Usuario\Documents\Projects\retoPescanova\frontend\.next\server\vendor-chunks\next.js:1773:1)
    at __webpack_require__ (file://C:\Users\Usuario\Documents\Projects\retoPescanova\frontend\.next\server\webpack-runtime.js:25:42)
    at eval (webpack-internal:///(rsc)/./node_modules/next/dist/build/webpack/loaders/next-app-loader/index.js?name=app%2Ftraining%2Fpage&page=%2Ftraining%2Fpage&appPaths=%2Ftraining%2Fpage&pagePath=private-next-app-dir%2Ftraining%2Fpage.tsx&appDir=C%3A%5CUsers%5CUsuario%5CDocuments%5CProjects%5CretoPescanova%5Cfrontend%5Capp&pageExtensions=tsx&pageExtensions=ts&pageExtensions=jsx&pageExtensions=js&rootDir=C%3A%5CUsers%5CUsuario%5CDocuments%5CProjects%5CretoPescanova%5Cfrontend&isDev=true&tsconfigPath=tsconfig.json&basePath=&assetPrefix=&nextConfigOutput=standalone&preferredRegion=&middlewareConfig=e30%3D&isGlobalNotFoundEnabled=!:28:103)
    at <unknown> (rsc)/./node_modules/next/dist/build/webpack/loaders/next-app-loader/index.js?name=app%2Ftraining%2Fpage&page=%2Ftraining%2Fpage&appPaths=%2Ftraining%2Fpage&pagePath=private-next-app-dir%2Ftraining%2Fpage.tsx&appDir=C%3A%5CUsers%5CUsuario%5CDocuments%5CProjects%5CretoPescanova%5Cfrontend%5Capp&pageExtensions=tsx&pageExtensions=ts&pageExtensions=jsx&pageExtensions=js&rootDir=C%3A%5CUsers%5CUsuario%5CDocuments%5CProjects%5CretoPescanova%5Cfrontend&isDev=true&tsconfigPath=tsconfig.json&basePath=&assetPrefix=&nextConfigOutput=standalone&preferredRegion=&middlewareConfig=e30%3D&isGlobalNotFoundEnabled=! (C:\Users\Usuario\Documents\Projects\retoPescanova\frontend\.next\server\app\training\page.js:66:1)
    at __webpack_require__ (file://C:\Users\Usuario\Documents\Projects\retoPescanova\frontend\.next\server\webpack-runtime.js:25:42)
    at __webpack_exec__ (file://C:\Users\Usuario\Documents\Projects\retoPescanova\frontend\.next\server\app\training\page.js:433:39)
    at <unknown> (file://C:\Users\Usuario\Documents\Projects\retoPescanova\frontend\.next\server\app\training\page.js:434:268)
    at __webpack_require__.X (file://C:\Users\Usuario\Documents\Projects\retoPescanova\frontend\.next\server\webpack-runtime.js:155:21)
    at <unknown> (file://C:\Users\Usuario\Documents\Projects\retoPescanova\frontend\.next\server\app\training\page.js:434:47)
    at Object.<anonymous> (file://C:\Users\Usuario\Documents\Projects\retoPescanova\frontend\.next\server\app\training\page.js:437:3)
    at Module._compile (node:internal/modules/cjs/loader:1730:14)
    at Object..js (node:internal/modules/cjs/loader:1895:10)
    at Module.load (node:internal/modules/cjs/loader:1465:32)
    at Function._load (node:internal/modules/cjs/loader:1282:12)
    at TracingChannel.traceSync (node:diagnostics_channel:322:14)
    at wrapModuleLoad (node:internal/modules/cjs/loader:235:24)
    at Module.<anonymous> (node:internal/modules/cjs/loader:1487:12)
    at mod.require (file://C:\Users\Usuario\Documents\Projects\retoPescanova\frontend\node_modules\next\dist\server\require-hook.js:68:28)
    at require (node:internal/modules/helpers:135:16)
    at requirePage (file://C:\Users\Usuario\Documents\Projects\retoPescanova\frontend\node_modules\next\dist\server\require.js:99:80)
    at loadComponentsImpl (file://C:\Users\Usuario\Documents\Projects\retoPescanova\frontend\node_modules\next\dist\server\load-components.js:132:57)
    at async DevServer.findPageComponentsImpl (file://C:\Users\Usuario\Documents\Projects\retoPescanova\frontend\node_modules\next\dist\server\next-server.js:900:36)
    at async DevServer.findPageComponents (file://C:\Users\Usuario\Documents\Projects\retoPescanova\frontend\node_modules\next\dist\server\dev\next-dev-server.js:706:16)
    at async DevServer.renderPageComponent (file://C:\Users\Usuario\Documents\Projects\retoPescanova\frontend\node_modules\next\dist\server\base-server.js:1468:24)
    at async DevServer.renderToResponseImpl (file://C:\Users\Usuario\Documents\Projects\retoPescanova\frontend\node_modules\next\dist\server\base-server.js:1522:32)
    at async DevServer.pipeImpl (file://C:\Users\Usuario\Documents\Projects\retoPescanova\frontend\node_modules\next\dist\server\base-server.js:1026:25)
    at async NextNodeServer.handleCatchallRenderRequest (file://C:\Users\Usuario\Documents\Projects\retoPescanova\frontend\node_modules\next\dist\server\next-server.js:394:17)
    at async DevServer.handleRequestImpl (file://C:\Users\Usuario\Documents\Projects\retoPescanova\frontend\node_modules\next\dist\server\base-server.js:917:17)
    at async (file://C:\Users\Usuario\Documents\Projects\retoPescanova\frontend\node_modules\next\dist\server\dev\next-dev-server.js:400:20)
    at async Span.traceAsyncFn (file://C:\Users\Usuario\Documents\Projects\retoPescanova\frontend\node_modules\next\dist\trace\trace.js:157:20)
    at async DevServer.handleRequest (file://C:\Users\Usuario\Documents\Projects\retoPescanova\frontend\node_modules\next\dist\server\dev\next-dev-server.js:396:24)
    at async invokeRender (file://C:\Users\Usuario\Documents\Projects\retoPescanova\frontend\node_modules\next\dist\server\lib\router-server.js:240:21)
    at async handleRequest (file://C:\Users\Usuario\Documents\Projects\retoPescanova\frontend\node_modules\next\dist\server\lib\router-server.js:437:24)
    at async requestHandlerImpl (file://C:\Users\Usuario\Documents\Projects\retoPescanova\frontend\node_modules\next\dist\server\lib\router-server.js:485:13)
    at async Server.requestListener (file://C:\Users\Usuario\Documents\Projects\retoPescanova\frontend\node_modules\next\dist\server\lib\start-server.js:226:13)
[  176537ms] [LOG] [HMR] connected @ webpack-internal:///(pages-dir-browser)/./node_modules/next/dist/client/dev/hot-reloader/pages/websocket.js:45
[  177391ms] [ERROR] Failed to load resource: the server responded with a status of 404 (Not Found) @ http://localhost:3000/_next/static/webpack/119d7b6dd4a66877.webpack.hot-update.json:0
[  177391ms] [WARNING] [Fast Refresh] performing full reload because your application had an unrecoverable error @ webpack-internal:///(pages-dir-browser)/./node_modules/next/dist/client/dev/hot-reloader/pages/hot-reloader-pages.js:347
[  177688ms] [ERROR] Failed to load resource: the server responded with a status of 500 (Internal Server Error) @ http://localhost:3000/training:0
[  178284ms] [INFO] %cDownload the React DevTools for a better development experience: https://reactjs.org/link/react-devtools font-weight:bold @ webpack-internal:///(pages-dir-browser)/./node_modules/react-dom/cjs/react-dom.development.js:29889
[  178309ms] TypeError: __webpack_modules__[moduleId] is not a function
    at __webpack_require__ (file://C:\Users\Usuario\Documents\Projects\retoPescanova\frontend\.next\server\webpack-runtime.js:25:42)
    at eval (webpack-internal:///(rsc)/./node_modules/next/dist/server/app-render/encryption-utils.js:40:35)
    at <unknown> (rsc)/./node_modules/next/dist/server/app-render/encryption-utils.js (C:\Users\Usuario\Documents\Projects\retoPescanova\frontend\.next\server\vendor-chunks\next.js:1773:1)
    at __webpack_require__ (file://C:\Users\Usuario\Documents\Projects\retoPescanova\frontend\.next\server\webpack-runtime.js:25:42)
    at eval (webpack-internal:///(rsc)/./node_modules/next/dist/build/webpack/loaders/next-app-loader/index.js?name=app%2Ftraining%2Fpage&page=%2Ftraining%2Fpage&appPaths=%2Ftraining%2Fpage&pagePath=private-next-app-dir%2Ftraining%2Fpage.tsx&appDir=C%3A%5CUsers%5CUsuario%5CDocuments%5CProjects%5CretoPescanova%5Cfrontend%5Capp&pageExtensions=tsx&pageExtensions=ts&pageExtensions=jsx&pageExtensions=js&rootDir=C%3A%5CUsers%5CUsuario%5CDocuments%5CProjects%5CretoPescanova%5Cfrontend&isDev=true&tsconfigPath=tsconfig.json&basePath=&assetPrefix=&nextConfigOutput=standalone&preferredRegion=&middlewareConfig=e30%3D&isGlobalNotFoundEnabled=!:28:103)
    at <unknown> (rsc)/./node_modules/next/dist/build/webpack/loaders/next-app-loader/index.js?name=app%2Ftraining%2Fpage&page=%2Ftraining%2Fpage&appPaths=%2Ftraining%2Fpage&pagePath=private-next-app-dir%2Ftraining%2Fpage.tsx&appDir=C%3A%5CUsers%5CUsuario%5CDocuments%5CProjects%5CretoPescanova%5Cfrontend%5Capp&pageExtensions=tsx&pageExtensions=ts&pageExtensions=jsx&pageExtensions=js&rootDir=C%3A%5CUsers%5CUsuario%5CDocuments%5CProjects%5CretoPescanova%5Cfrontend&isDev=true&tsconfigPath=tsconfig.json&basePath=&assetPrefix=&nextConfigOutput=standalone&preferredRegion=&middlewareConfig=e30%3D&isGlobalNotFoundEnabled=! (C:\Users\Usuario\Documents\Projects\retoPescanova\frontend\.next\server\app\training\page.js:66:1)
    at __webpack_require__ (file://C:\Users\Usuario\Documents\Projects\retoPescanova\frontend\.next\server\webpack-runtime.js:25:42)
    at __webpack_exec__ (file://C:\Users\Usuario\Documents\Projects\retoPescanova\frontend\.next\server\app\training\page.js:433:39)
    at <unknown> (file://C:\Users\Usuario\Documents\Projects\retoPescanova\frontend\.next\server\app\training\page.js:434:268)
    at __webpack_require__.X (file://C:\Users\Usuario\Documents\Projects\retoPescanova\frontend\.next\server\webpack-runtime.js:155:21)
    at <unknown> (file://C:\Users\Usuario\Documents\Projects\retoPescanova\frontend\.next\server\app\training\page.js:434:47)
    at Object.<anonymous> (file://C:\Users\Usuario\Documents\Projects\retoPescanova\frontend\.next\server\app\training\page.js:437:3)
    at Module._compile (node:internal/modules/cjs/loader:1730:14)
    at Object..js (node:internal/modules/cjs/loader:1895:10)
    at Module.load (node:internal/modules/cjs/loader:1465:32)
    at Function._load (node:internal/modules/cjs/loader:1282:12)
    at TracingChannel.traceSync (node:diagnostics_channel:322:14)
    at wrapModuleLoad (node:internal/modules/cjs/loader:235:24)
    at Module.<anonymous> (node:internal/modules/cjs/loader:1487:12)
    at mod.require (file://C:\Users\Usuario\Documents\Projects\retoPescanova\frontend\node_modules\next\dist\server\require-hook.js:68:28)
    at require (node:internal/modules/helpers:135:16)
    at requirePage (file://C:\Users\Usuario\Documents\Projects\retoPescanova\frontend\node_modules\next\dist\server\require.js:99:80)
    at loadComponentsImpl (file://C:\Users\Usuario\Documents\Projects\retoPescanova\frontend\node_modules\next\dist\server\load-components.js:132:57)
    at async DevServer.findPageComponentsImpl (file://C:\Users\Usuario\Documents\Projects\retoPescanova\frontend\node_modules\next\dist\server\next-server.js:900:36)
    at async DevServer.findPageComponents (file://C:\Users\Usuario\Documents\Projects\retoPescanova\frontend\node_modules\next\dist\server\dev\next-dev-server.js:706:16)
    at async DevServer.renderPageComponent (file://C:\Users\Usuario\Documents\Projects\retoPescanova\frontend\node_modules\next\dist\server\base-server.js:1468:24)
    at async DevServer.renderToResponseImpl (file://C:\Users\Usuario\Documents\Projects\retoPescanova\frontend\node_modules\next\dist\server\base-server.js:1522:32)
    at async DevServer.pipeImpl (file://C:\Users\Usuario\Documents\Projects\retoPescanova\frontend\node_modules\next\dist\server\base-server.js:1026:25)
    at async NextNodeServer.handleCatchallRenderRequest (file://C:\Users\Usuario\Documents\Projects\retoPescanova\frontend\node_modules\next\dist\server\next-server.js:394:17)
    at async DevServer.handleRequestImpl (file://C:\Users\Usuario\Documents\Projects\retoPescanova\frontend\node_modules\next\dist\server\base-server.js:917:17)
    at async (file://C:\Users\Usuario\Documents\Projects\retoPescanova\frontend\node_modules\next\dist\server\dev\next-dev-server.js:400:20)
    at async Span.traceAsyncFn (file://C:\Users\Usuario\Documents\Projects\retoPescanova\frontend\node_modules\next\dist\trace\trace.js:157:20)
    at async DevServer.handleRequest (file://C:\Users\Usuario\Documents\Projects\retoPescanova\frontend\node_modules\next\dist\server\dev\next-dev-server.js:396:24)
    at async invokeRender (file://C:\Users\Usuario\Documents\Projects\retoPescanova\frontend\node_modules\next\dist\server\lib\router-server.js:240:21)
    at async handleRequest (file://C:\Users\Usuario\Documents\Projects\retoPescanova\frontend\node_modules\next\dist\server\lib\router-server.js:437:24)
    at async requestHandlerImpl (file://C:\Users\Usuario\Documents\Projects\retoPescanova\frontend\node_modules\next\dist\server\lib\router-server.js:485:13)
    at async Server.requestListener (file://C:\Users\Usuario\Documents\Projects\retoPescanova\frontend\node_modules\next\dist\server\lib\start-server.js:226:13)
[  178308ms] [LOG] [HMR] connected @ webpack-internal:///(pages-dir-browser)/./node_modules/next/dist/client/dev/hot-reloader/pages/websocket.js:45
[  180031ms] [ERROR] Failed to load resource: the server responded with a status of 404 (Not Found) @ http://localhost:3000/_next/static/webpack/119d7b6dd4a66877.webpack.hot-update.json:0
[  180031ms] [WARNING] [Fast Refresh] performing full reload because your application had an unrecoverable error @ webpack-internal:///(pages-dir-browser)/./node_modules/next/dist/client/dev/hot-reloader/pages/hot-reloader-pages.js:347
[  180328ms] [ERROR] Failed to load resource: the server responded with a status of 500 (Internal Server Error) @ http://localhost:3000/training:0
[  180737ms] [INFO] %cDownload the React DevTools for a better development experience: https://reactjs.org/link/react-devtools font-weight:bold @ webpack-internal:///(pages-dir-browser)/./node_modules/react-dom/cjs/react-dom.development.js:29889
[  180766ms] TypeError: __webpack_modules__[moduleId] is not a function
    at __webpack_require__ (file://C:\Users\Usuario\Documents\Projects\retoPescanova\frontend\.next\server\webpack-runtime.js:25:42)
    at eval (webpack-internal:///(rsc)/./node_modules/next/dist/server/app-render/encryption-utils.js:40:35)
    at <unknown> (rsc)/./node_modules/next/dist/server/app-render/encryption-utils.js (C:\Users\Usuario\Documents\Projects\retoPescanova\frontend\.next\server\vendor-chunks\next.js:1773:1)
    at __webpack_require__ (file://C:\Users\Usuario\Documents\Projects\retoPescanova\frontend\.next\server\webpack-runtime.js:25:42)
    at eval (webpack-internal:///(rsc)/./node_modules/next/dist/build/webpack/loaders/next-app-loader/index.js?name=app%2Ftraining%2Fpage&page=%2Ftraining%2Fpage&appPaths=%2Ftraining%2Fpage&pagePath=private-next-app-dir%2Ftraining%2Fpage.tsx&appDir=C%3A%5CUsers%5CUsuario%5CDocuments%5CProjects%5CretoPescanova%5Cfrontend%5Capp&pageExtensions=tsx&pageExtensions=ts&pageExtensions=jsx&pageExtensions=js&rootDir=C%3A%5CUsers%5CUsuario%5CDocuments%5CProjects%5CretoPescanova%5Cfrontend&isDev=true&tsconfigPath=tsconfig.json&basePath=&assetPrefix=&nextConfigOutput=standalone&preferredRegion=&middlewareConfig=e30%3D&isGlobalNotFoundEnabled=!:28:103)
    at <unknown> (rsc)/./node_modules/next/dist/build/webpack/loaders/next-app-loader/index.js?name=app%2Ftraining%2Fpage&page=%2Ftraining%2Fpage&appPaths=%2Ftraining%2Fpage&pagePath=private-next-app-dir%2Ftraining%2Fpage.tsx&appDir=C%3A%5CUsers%5CUsuario%5CDocuments%5CProjects%5CretoPescanova%5Cfrontend%5Capp&pageExtensions=tsx&pageExtensions=ts&pageExtensions=jsx&pageExtensions=js&rootDir=C%3A%5CUsers%5CUsuario%5CDocuments%5CProjects%5CretoPescanova%5Cfrontend&isDev=true&tsconfigPath=tsconfig.json&basePath=&assetPrefix=&nextConfigOutput=standalone&preferredRegion=&middlewareConfig=e30%3D&isGlobalNotFoundEnabled=! (C:\Users\Usuario\Documents\Projects\retoPescanova\frontend\.next\server\app\training\page.js:66:1)
    at __webpack_require__ (file://C:\Users\Usuario\Documents\Projects\retoPescanova\frontend\.next\server\webpack-runtime.js:25:42)
    at __webpack_exec__ (file://C:\Users\Usuario\Documents\Projects\retoPescanova\frontend\.next\server\app\training\page.js:433:39)
    at <unknown> (file://C:\Users\Usuario\Documents\Projects\retoPescanova\frontend\.next\server\app\training\page.js:434:268)
    at __webpack_require__.X (file://C:\Users\Usuario\Documents\Projects\retoPescanova\frontend\.next\server\webpack-runtime.js:155:21)
    at <unknown> (file://C:\Users\Usuario\Documents\Projects\retoPescanova\frontend\.next\server\app\training\page.js:434:47)
    at Object.<anonymous> (file://C:\Users\Usuario\Documents\Projects\retoPescanova\frontend\.next\server\app\training\page.js:437:3)
    at Module._compile (node:internal/modules/cjs/loader:1730:14)
    at Object..js (node:internal/modules/cjs/loader:1895:10)
    at Module.load (node:internal/modules/cjs/loader:1465:32)
    at Function._load (node:internal/modules/cjs/loader:1282:12)
    at TracingChannel.traceSync (node:diagnostics_channel:322:14)
    at wrapModuleLoad (node:internal/modules/cjs/loader:235:24)
    at Module.<anonymous> (node:internal/modules/cjs/loader:1487:12)
    at mod.require (file://C:\Users\Usuario\Documents\Projects\retoPescanova\frontend\node_modules\next\dist\server\require-hook.js:68:28)
    at require (node:internal/modules/helpers:135:16)
    at requirePage (file://C:\Users\Usuario\Documents\Projects\retoPescanova\frontend\node_modules\next\dist\server\require.js:99:80)
    at loadComponentsImpl (file://C:\Users\Usuario\Documents\Projects\retoPescanova\frontend\node_modules\next\dist\server\load-components.js:132:57)
    at async DevServer.findPageComponentsImpl (file://C:\Users\Usuario\Documents\Projects\retoPescanova\frontend\node_modules\next\dist\server\next-server.js:900:36)
    at async DevServer.findPageComponents (file://C:\Users\Usuario\Documents\Projects\retoPescanova\frontend\node_modules\next\dist\server\dev\next-dev-server.js:706:16)
    at async DevServer.renderPageComponent (file://C:\Users\Usuario\Documents\Projects\retoPescanova\frontend\node_modules\next\dist\server\base-server.js:1468:24)
    at async DevServer.renderToResponseImpl (file://C:\Users\Usuario\Documents\Projects\retoPescanova\frontend\node_modules\next\dist\server\base-server.js:1522:32)
    at async DevServer.pipeImpl (file://C:\Users\Usuario\Documents\Projects\retoPescanova\frontend\node_modules\next\dist\server\base-server.js:1026:25)
    at async NextNodeServer.handleCatchallRenderRequest (file://C:\Users\Usuario\Documents\Projects\retoPescanova\frontend\node_modules\next\dist\server\next-server.js:394:17)
    at async DevServer.handleRequestImpl (file://C:\Users\Usuario\Documents\Projects\retoPescanova\frontend\node_modules\next\dist\server\base-server.js:917:17)
    at async (file://C:\Users\Usuario\Documents\Projects\retoPescanova\frontend\node_modules\next\dist\server\dev\next-dev-server.js:400:20)
    at async Span.traceAsyncFn (file://C:\Users\Usuario\Documents\Projects\retoPescanova\frontend\node_modules\next\dist\trace\trace.js:157:20)
    at async DevServer.handleRequest (file://C:\Users\Usuario\Documents\Projects\retoPescanova\frontend\node_modules\next\dist\server\dev\next-dev-server.js:396:24)
    at async invokeRender (file://C:\Users\Usuario\Documents\Projects\retoPescanova\frontend\node_modules\next\dist\server\lib\router-server.js:240:21)
    at async handleRequest (file://C:\Users\Usuario\Documents\Projects\retoPescanova\frontend\node_modules\next\dist\server\lib\router-server.js:437:24)
    at async requestHandlerImpl (file://C:\Users\Usuario\Documents\Projects\retoPescanova\frontend\node_modules\next\dist\server\lib\router-server.js:485:13)
    at async Server.requestListener (file://C:\Users\Usuario\Documents\Projects\retoPescanova\frontend\node_modules\next\dist\server\lib\start-server.js:226:13)
[  180764ms] [LOG] [HMR] connected @ webpack-internal:///(pages-dir-browser)/./node_modules/next/dist/client/dev/hot-reloader/pages/websocket.js:45
[  181311ms] [ERROR] Failed to load resource: the server responded with a status of 404 (Not Found) @ http://localhost:3000/_next/static/webpack/119d7b6dd4a66877.webpack.hot-update.json:0
[  181312ms] [WARNING] [Fast Refresh] performing full reload because your application had an unrecoverable error @ webpack-internal:///(pages-dir-browser)/./node_modules/next/dist/client/dev/hot-reloader/pages/hot-reloader-pages.js:347
[  181612ms] [ERROR] Failed to load resource: the server responded with a status of 500 (Internal Server Error) @ http://localhost:3000/training:0
[  182200ms] [INFO] %cDownload the React DevTools for a better development experience: https://reactjs.org/link/react-devtools font-weight:bold @ webpack-internal:///(pages-dir-browser)/./node_modules/react-dom/cjs/react-dom.development.js:29889
[  182222ms] TypeError: __webpack_modules__[moduleId] is not a function
    at __webpack_require__ (file://C:\Users\Usuario\Documents\Projects\retoPescanova\frontend\.next\server\webpack-runtime.js:25:42)
    at eval (webpack-internal:///(rsc)/./node_modules/next/dist/server/app-render/encryption-utils.js:40:35)
    at <unknown> (rsc)/./node_modules/next/dist/server/app-render/encryption-utils.js (C:\Users\Usuario\Documents\Projects\retoPescanova\frontend\.next\server\vendor-chunks\next.js:1773:1)
    at __webpack_require__ (file://C:\Users\Usuario\Documents\Projects\retoPescanova\frontend\.next\server\webpack-runtime.js:25:42)
    at eval (webpack-internal:///(rsc)/./node_modules/next/dist/build/webpack/loaders/next-app-loader/index.js?name=app%2Ftraining%2Fpage&page=%2Ftraining%2Fpage&appPaths=%2Ftraining%2Fpage&pagePath=private-next-app-dir%2Ftraining%2Fpage.tsx&appDir=C%3A%5CUsers%5CUsuario%5CDocuments%5CProjects%5CretoPescanova%5Cfrontend%5Capp&pageExtensions=tsx&pageExtensions=ts&pageExtensions=jsx&pageExtensions=js&rootDir=C%3A%5CUsers%5CUsuario%5CDocuments%5CProjects%5CretoPescanova%5Cfrontend&isDev=true&tsconfigPath=tsconfig.json&basePath=&assetPrefix=&nextConfigOutput=standalone&preferredRegion=&middlewareConfig=e30%3D&isGlobalNotFoundEnabled=!:28:103)
    at <unknown> (rsc)/./node_modules/next/dist/build/webpack/loaders/next-app-loader/index.js?name=app%2Ftraining%2Fpage&page=%2Ftraining%2Fpage&appPaths=%2Ftraining%2Fpage&pagePath=private-next-app-dir%2Ftraining%2Fpage.tsx&appDir=C%3A%5CUsers%5CUsuario%5CDocuments%5CProjects%5CretoPescanova%5Cfrontend%5Capp&pageExtensions=tsx&pageExtensions=ts&pageExtensions=jsx&pageExtensions=js&rootDir=C%3A%5CUsers%5CUsuario%5CDocuments%5CProjects%5CretoPescanova%5Cfrontend&isDev=true&tsconfigPath=tsconfig.json&basePath=&assetPrefix=&nextConfigOutput=standalone&preferredRegion=&middlewareConfig=e30%3D&isGlobalNotFoundEnabled=! (C:\Users\Usuario\Documents\Projects\retoPescanova\frontend\.next\server\app\training\page.js:66:1)
    at __webpack_require__ (file://C:\Users\Usuario\Documents\Projects\retoPescanova\frontend\.next\server\webpack-runtime.js:25:42)
    at __webpack_exec__ (file://C:\Users\Usuario\Documents\Projects\retoPescanova\frontend\.next\server\app\training\page.js:433:39)
    at <unknown> (file://C:\Users\Usuario\Documents\Projects\retoPescanova\frontend\.next\server\app\training\page.js:434:268)
    at __webpack_require__.X (file://C:\Users\Usuario\Documents\Projects\retoPescanova\frontend\.next\server\webpack-runtime.js:155:21)
    at <unknown> (file://C:\Users\Usuario\Documents\Projects\retoPescanova\frontend\.next\server\app\training\page.js:434:47)
    at Object.<anonymous> (file://C:\Users\Usuario\Documents\Projects\retoPescanova\frontend\.next\server\app\training\page.js:437:3)
    at Module._compile (node:internal/modules/cjs/loader:1730:14)
    at Object..js (node:internal/modules/cjs/loader:1895:10)
    at Module.load (node:internal/modules/cjs/loader:1465:32)
    at Function._load (node:internal/modules/cjs/loader:1282:12)
    at TracingChannel.traceSync (node:diagnostics_channel:322:14)
    at wrapModuleLoad (node:internal/modules/cjs/loader:235:24)
    at Module.<anonymous> (node:internal/modules/cjs/loader:1487:12)
    at mod.require (file://C:\Users\Usuario\Documents\Projects\retoPescanova\frontend\node_modules\next\dist\server\require-hook.js:68:28)
    at require (node:internal/modules/helpers:135:16)
    at requirePage (file://C:\Users\Usuario\Documents\Projects\retoPescanova\frontend\node_modules\next\dist\server\require.js:99:80)
    at loadComponentsImpl (file://C:\Users\Usuario\Documents\Projects\retoPescanova\frontend\node_modules\next\dist\server\load-components.js:132:57)
    at async DevServer.findPageComponentsImpl (file://C:\Users\Usuario\Documents\Projects\retoPescanova\frontend\node_modules\next\dist\server\next-server.js:900:36)
    at async DevServer.findPageComponents (file://C:\Users\Usuario\Documents\Projects\retoPescanova\frontend\node_modules\next\dist\server\dev\next-dev-server.js:706:16)
    at async DevServer.renderPageComponent (file://C:\Users\Usuario\Documents\Projects\retoPescanova\frontend\node_modules\next\dist\server\base-server.js:1468:24)
    at async DevServer.renderToResponseImpl (file://C:\Users\Usuario\Documents\Projects\retoPescanova\frontend\node_modules\next\dist\server\base-server.js:1522:32)
    at async DevServer.pipeImpl (file://C:\Users\Usuario\Documents\Projects\retoPescanova\frontend\node_modules\next\dist\server\base-server.js:1026:25)
    at async NextNodeServer.handleCatchallRenderRequest (file://C:\Users\Usuario\Documents\Projects\retoPescanova\frontend\node_modules\next\dist\server\next-server.js:394:17)
    at async DevServer.handleRequestImpl (file://C:\Users\Usuario\Documents\Projects\retoPescanova\frontend\node_modules\next\dist\server\base-server.js:917:17)
    at async (file://C:\Users\Usuario\Documents\Projects\retoPescanova\frontend\node_modules\next\dist\server\dev\next-dev-server.js:400:20)
    at async Span.traceAsyncFn (file://C:\Users\Usuario\Documents\Projects\retoPescanova\frontend\node_modules\next\dist\trace\trace.js:157:20)
    at async DevServer.handleRequest (file://C:\Users\Usuario\Documents\Projects\retoPescanova\frontend\node_modules\next\dist\server\dev\next-dev-server.js:396:24)
    at async invokeRender (file://C:\Users\Usuario\Documents\Projects\retoPescanova\frontend\node_modules\next\dist\server\lib\router-server.js:240:21)
    at async handleRequest (file://C:\Users\Usuario\Documents\Projects\retoPescanova\frontend\node_modules\next\dist\server\lib\router-server.js:437:24)
    at async requestHandlerImpl (file://C:\Users\Usuario\Documents\Projects\retoPescanova\frontend\node_modules\next\dist\server\lib\router-server.js:485:13)
    at async Server.requestListener (file://C:\Users\Usuario\Documents\Projects\retoPescanova\frontend\node_modules\next\dist\server\lib\start-server.js:226:13)
[  182222ms] [LOG] [HMR] connected @ webpack-internal:///(pages-dir-browser)/./node_modules/next/dist/client/dev/hot-reloader/pages/websocket.js:45
[  183915ms] [ERROR] Failed to load resource: the server responded with a status of 404 (Not Found) @ http://localhost:3000/_next/static/webpack/119d7b6dd4a66877.webpack.hot-update.json:0
[  183915ms] [WARNING] [Fast Refresh] performing full reload because your application had an unrecoverable error @ webpack-internal:///(pages-dir-browser)/./node_modules/next/dist/client/dev/hot-reloader/pages/hot-reloader-pages.js:347
[  184249ms] [ERROR] Failed to load resource: the server responded with a status of 500 (Internal Server Error) @ http://localhost:3000/training:0
[  184666ms] [INFO] %cDownload the React DevTools for a better development experience: https://reactjs.org/link/react-devtools font-weight:bold @ webpack-internal:///(pages-dir-browser)/./node_modules/react-dom/cjs/react-dom.development.js:29889
[  184694ms] TypeError: __webpack_modules__[moduleId] is not a function
    at __webpack_require__ (file://C:\Users\Usuario\Documents\Projects\retoPescanova\frontend\.next\server\webpack-runtime.js:25:42)
    at eval (webpack-internal:///(rsc)/./node_modules/next/dist/server/app-render/encryption-utils.js:40:35)
    at <unknown> (rsc)/./node_modules/next/dist/server/app-render/encryption-utils.js (C:\Users\Usuario\Documents\Projects\retoPescanova\frontend\.next\server\vendor-chunks\next.js:1773:1)
    at __webpack_require__ (file://C:\Users\Usuario\Documents\Projects\retoPescanova\frontend\.next\server\webpack-runtime.js:25:42)
    at eval (webpack-internal:///(rsc)/./node_modules/next/dist/build/webpack/loaders/next-app-loader/index.js?name=app%2Ftraining%2Fpage&page=%2Ftraining%2Fpage&appPaths=%2Ftraining%2Fpage&pagePath=private-next-app-dir%2Ftraining%2Fpage.tsx&appDir=C%3A%5CUsers%5CUsuario%5CDocuments%5CProjects%5CretoPescanova%5Cfrontend%5Capp&pageExtensions=tsx&pageExtensions=ts&pageExtensions=jsx&pageExtensions=js&rootDir=C%3A%5CUsers%5CUsuario%5CDocuments%5CProjects%5CretoPescanova%5Cfrontend&isDev=true&tsconfigPath=tsconfig.json&basePath=&assetPrefix=&nextConfigOutput=standalone&preferredRegion=&middlewareConfig=e30%3D&isGlobalNotFoundEnabled=!:28:103)
    at <unknown> (rsc)/./node_modules/next/dist/build/webpack/loaders/next-app-loader/index.js?name=app%2Ftraining%2Fpage&page=%2Ftraining%2Fpage&appPaths=%2Ftraining%2Fpage&pagePath=private-next-app-dir%2Ftraining%2Fpage.tsx&appDir=C%3A%5CUsers%5CUsuario%5CDocuments%5CProjects%5CretoPescanova%5Cfrontend%5Capp&pageExtensions=tsx&pageExtensions=ts&pageExtensions=jsx&pageExtensions=js&rootDir=C%3A%5CUsers%5CUsuario%5CDocuments%5CProjects%5CretoPescanova%5Cfrontend&isDev=true&tsconfigPath=tsconfig.json&basePath=&assetPrefix=&nextConfigOutput=standalone&preferredRegion=&middlewareConfig=e30%3D&isGlobalNotFoundEnabled=! (C:\Users\Usuario\Documents\Projects\retoPescanova\frontend\.next\server\app\training\page.js:66:1)
    at __webpack_require__ (file://C:\Users\Usuario\Documents\Projects\retoPescanova\frontend\.next\server\webpack-runtime.js:25:42)
    at __webpack_exec__ (file://C:\Users\Usuario\Documents\Projects\retoPescanova\frontend\.next\server\app\training\page.js:433:39)
    at <unknown> (file://C:\Users\Usuario\Documents\Projects\retoPescanova\frontend\.next\server\app\training\page.js:434:268)
    at __webpack_require__.X (file://C:\Users\Usuario\Documents\Projects\retoPescanova\frontend\.next\server\webpack-runtime.js:155:21)
    at <unknown> (file://C:\Users\Usuario\Documents\Projects\retoPescanova\frontend\.next\server\app\training\page.js:434:47)
    at Object.<anonymous> (file://C:\Users\Usuario\Documents\Projects\retoPescanova\frontend\.next\server\app\training\page.js:437:3)
    at Module._compile (node:internal/modules/cjs/loader:1730:14)
    at Object..js (node:internal/modules/cjs/loader:1895:10)
    at Module.load (node:internal/modules/cjs/loader:1465:32)
    at Function._load (node:internal/modules/cjs/loader:1282:12)
    at TracingChannel.traceSync (node:diagnostics_channel:322:14)
    at wrapModuleLoad (node:internal/modules/cjs/loader:235:24)
    at Module.<anonymous> (node:internal/modules/cjs/loader:1487:12)
    at mod.require (file://C:\Users\Usuario\Documents\Projects\retoPescanova\frontend\node_modules\next\dist\server\require-hook.js:68:28)
    at require (node:internal/modules/helpers:135:16)
    at requirePage (file://C:\Users\Usuario\Documents\Projects\retoPescanova\frontend\node_modules\next\dist\server\require.js:99:80)
    at loadComponentsImpl (file://C:\Users\Usuario\Documents\Projects\retoPescanova\frontend\node_modules\next\dist\server\load-components.js:132:57)
    at async DevServer.findPageComponentsImpl (file://C:\Users\Usuario\Documents\Projects\retoPescanova\frontend\node_modules\next\dist\server\next-server.js:900:36)
    at async DevServer.findPageComponents (file://C:\Users\Usuario\Documents\Projects\retoPescanova\frontend\node_modules\next\dist\server\dev\next-dev-server.js:706:16)
    at async DevServer.renderPageComponent (file://C:\Users\Usuario\Documents\Projects\retoPescanova\frontend\node_modules\next\dist\server\base-server.js:1468:24)
    at async DevServer.renderToResponseImpl (file://C:\Users\Usuario\Documents\Projects\retoPescanova\frontend\node_modules\next\dist\server\base-server.js:1522:32)
    at async DevServer.pipeImpl (file://C:\Users\Usuario\Documents\Projects\retoPescanova\frontend\node_modules\next\dist\server\base-server.js:1026:25)
    at async NextNodeServer.handleCatchallRenderRequest (file://C:\Users\Usuario\Documents\Projects\retoPescanova\frontend\node_modules\next\dist\server\next-server.js:394:17)
    at async DevServer.handleRequestImpl (file://C:\Users\Usuario\Documents\Projects\retoPescanova\frontend\node_modules\next\dist\server\base-server.js:917:17)
    at async (file://C:\Users\Usuario\Documents\Projects\retoPescanova\frontend\node_modules\next\dist\server\dev\next-dev-server.js:400:20)
    at async Span.traceAsyncFn (file://C:\Users\Usuario\Documents\Projects\retoPescanova\frontend\node_modules\next\dist\trace\trace.js:157:20)
    at async DevServer.handleRequest (file://C:\Users\Usuario\Documents\Projects\retoPescanova\frontend\node_modules\next\dist\server\dev\next-dev-server.js:396:24)
    at async invokeRender (file://C:\Users\Usuario\Documents\Projects\retoPescanova\frontend\node_modules\next\dist\server\lib\router-server.js:240:21)
    at async handleRequest (file://C:\Users\Usuario\Documents\Projects\retoPescanova\frontend\node_modules\next\dist\server\lib\router-server.js:437:24)
    at async requestHandlerImpl (file://C:\Users\Usuario\Documents\Projects\retoPescanova\frontend\node_modules\next\dist\server\lib\router-server.js:485:13)
    at async Server.requestListener (file://C:\Users\Usuario\Documents\Projects\retoPescanova\frontend\node_modules\next\dist\server\lib\start-server.js:226:13)
[  184694ms] [LOG] [HMR] connected @ webpack-internal:///(pages-dir-browser)/./node_modules/next/dist/client/dev/hot-reloader/pages/websocket.js:45
[  185551ms] [ERROR] Failed to load resource: the server responded with a status of 404 (Not Found) @ http://localhost:3000/_next/static/webpack/119d7b6dd4a66877.webpack.hot-update.json:0
[  185552ms] [WARNING] [Fast Refresh] performing full reload because your application had an unrecoverable error @ webpack-internal:///(pages-dir-browser)/./node_modules/next/dist/client/dev/hot-reloader/pages/hot-reloader-pages.js:347
[  185862ms] [ERROR] Failed to load resource: the server responded with a status of 500 (Internal Server Error) @ http://localhost:3000/training:0
[  186449ms] [INFO] %cDownload the React DevTools for a better development experience: https://reactjs.org/link/react-devtools font-weight:bold @ webpack-internal:///(pages-dir-browser)/./node_modules/react-dom/cjs/react-dom.development.js:29889
[  186472ms] TypeError: __webpack_modules__[moduleId] is not a function
    at __webpack_require__ (file://C:\Users\Usuario\Documents\Projects\retoPescanova\frontend\.next\server\webpack-runtime.js:25:42)
    at eval (webpack-internal:///(rsc)/./node_modules/next/dist/server/app-render/encryption-utils.js:40:35)
    at <unknown> (rsc)/./node_modules/next/dist/server/app-render/encryption-utils.js (C:\Users\Usuario\Documents\Projects\retoPescanova\frontend\.next\server\vendor-chunks\next.js:1773:1)
    at __webpack_require__ (file://C:\Users\Usuario\Documents\Projects\retoPescanova\frontend\.next\server\webpack-runtime.js:25:42)
    at eval (webpack-internal:///(rsc)/./node_modules/next/dist/build/webpack/loaders/next-app-loader/index.js?name=app%2Ftraining%2Fpage&page=%2Ftraining%2Fpage&appPaths=%2Ftraining%2Fpage&pagePath=private-next-app-dir%2Ftraining%2Fpage.tsx&appDir=C%3A%5CUsers%5CUsuario%5CDocuments%5CProjects%5CretoPescanova%5Cfrontend%5Capp&pageExtensions=tsx&pageExtensions=ts&pageExtensions=jsx&pageExtensions=js&rootDir=C%3A%5CUsers%5CUsuario%5CDocuments%5CProjects%5CretoPescanova%5Cfrontend&isDev=true&tsconfigPath=tsconfig.json&basePath=&assetPrefix=&nextConfigOutput=standalone&preferredRegion=&middlewareConfig=e30%3D&isGlobalNotFoundEnabled=!:28:103)
    at <unknown> (rsc)/./node_modules/next/dist/build/webpack/loaders/next-app-loader/index.js?name=app%2Ftraining%2Fpage&page=%2Ftraining%2Fpage&appPaths=%2Ftraining%2Fpage&pagePath=private-next-app-dir%2Ftraining%2Fpage.tsx&appDir=C%3A%5CUsers%5CUsuario%5CDocuments%5CProjects%5CretoPescanova%5Cfrontend%5Capp&pageExtensions=tsx&pageExtensions=ts&pageExtensions=jsx&pageExtensions=js&rootDir=C%3A%5CUsers%5CUsuario%5CDocuments%5CProjects%5CretoPescanova%5Cfrontend&isDev=true&tsconfigPath=tsconfig.json&basePath=&assetPrefix=&nextConfigOutput=standalone&preferredRegion=&middlewareConfig=e30%3D&isGlobalNotFoundEnabled=! (C:\Users\Usuario\Documents\Projects\retoPescanova\frontend\.next\server\app\training\page.js:66:1)
    at __webpack_require__ (file://C:\Users\Usuario\Documents\Projects\retoPescanova\frontend\.next\server\webpack-runtime.js:25:42)
    at __webpack_exec__ (file://C:\Users\Usuario\Documents\Projects\retoPescanova\frontend\.next\server\app\training\page.js:433:39)
    at <unknown> (file://C:\Users\Usuario\Documents\Projects\retoPescanova\frontend\.next\server\app\training\page.js:434:268)
    at __webpack_require__.X (file://C:\Users\Usuario\Documents\Projects\retoPescanova\frontend\.next\server\webpack-runtime.js:155:21)
    at <unknown> (file://C:\Users\Usuario\Documents\Projects\retoPescanova\frontend\.next\server\app\training\page.js:434:47)
    at Object.<anonymous> (file://C:\Users\Usuario\Documents\Projects\retoPescanova\frontend\.next\server\app\training\page.js:437:3)
    at Module._compile (node:internal/modules/cjs/loader:1730:14)
    at Object..js (node:internal/modules/cjs/loader:1895:10)
    at Module.load (node:internal/modules/cjs/loader:1465:32)
    at Function._load (node:internal/modules/cjs/loader:1282:12)
    at TracingChannel.traceSync (node:diagnostics_channel:322:14)
    at wrapModuleLoad (node:internal/modules/cjs/loader:235:24)
    at Module.<anonymous> (node:internal/modules/cjs/loader:1487:12)
    at mod.require (file://C:\Users\Usuario\Documents\Projects\retoPescanova\frontend\node_modules\next\dist\server\require-hook.js:68:28)
    at require (node:internal/modules/helpers:135:16)
    at requirePage (file://C:\Users\Usuario\Documents\Projects\retoPescanova\frontend\node_modules\next\dist\server\require.js:99:80)
    at loadComponentsImpl (file://C:\Users\Usuario\Documents\Projects\retoPescanova\frontend\node_modules\next\dist\server\load-components.js:132:57)
    at async DevServer.findPageComponentsImpl (file://C:\Users\Usuario\Documents\Projects\retoPescanova\frontend\node_modules\next\dist\server\next-server.js:900:36)
    at async DevServer.findPageComponents (file://C:\Users\Usuario\Documents\Projects\retoPescanova\frontend\node_modules\next\dist\server\dev\next-dev-server.js:706:16)
    at async DevServer.renderPageComponent (file://C:\Users\Usuario\Documents\Projects\retoPescanova\frontend\node_modules\next\dist\server\base-server.js:1468:24)
    at async DevServer.renderToResponseImpl (file://C:\Users\Usuario\Documents\Projects\retoPescanova\frontend\node_modules\next\dist\server\base-server.js:1522:32)
    at async DevServer.pipeImpl (file://C:\Users\Usuario\Documents\Projects\retoPescanova\frontend\node_modules\next\dist\server\base-server.js:1026:25)
    at async NextNodeServer.handleCatchallRenderRequest (file://C:\Users\Usuario\Documents\Projects\retoPescanova\frontend\node_modules\next\dist\server\next-server.js:394:17)
    at async DevServer.handleRequestImpl (file://C:\Users\Usuario\Documents\Projects\retoPescanova\frontend\node_modules\next\dist\server\base-server.js:917:17)
    at async (file://C:\Users\Usuario\Documents\Projects\retoPescanova\frontend\node_modules\next\dist\server\dev\next-dev-server.js:400:20)
    at async Span.traceAsyncFn (file://C:\Users\Usuario\Documents\Projects\retoPescanova\frontend\node_modules\next\dist\trace\trace.js:157:20)
    at async DevServer.handleRequest (file://C:\Users\Usuario\Documents\Projects\retoPescanova\frontend\node_modules\next\dist\server\dev\next-dev-server.js:396:24)
    at async invokeRender (file://C:\Users\Usuario\Documents\Projects\retoPescanova\frontend\node_modules\next\dist\server\lib\router-server.js:240:21)
    at async handleRequest (file://C:\Users\Usuario\Documents\Projects\retoPescanova\frontend\node_modules\next\dist\server\lib\router-server.js:437:24)
    at async requestHandlerImpl (file://C:\Users\Usuario\Documents\Projects\retoPescanova\frontend\node_modules\next\dist\server\lib\router-server.js:485:13)
    at async Server.requestListener (file://C:\Users\Usuario\Documents\Projects\retoPescanova\frontend\node_modules\next\dist\server\lib\start-server.js:226:13)
[  186471ms] [LOG] [HMR] connected @ webpack-internal:///(pages-dir-browser)/./node_modules/next/dist/client/dev/hot-reloader/pages/websocket.js:45
[  188182ms] [ERROR] Failed to load resource: the server responded with a status of 404 (Not Found) @ http://localhost:3000/_next/static/webpack/119d7b6dd4a66877.webpack.hot-update.json:0
[  188182ms] [WARNING] [Fast Refresh] performing full reload because your application had an unrecoverable error @ webpack-internal:///(pages-dir-browser)/./node_modules/next/dist/client/dev/hot-reloader/pages/hot-reloader-pages.js:347
[  188478ms] [ERROR] Failed to load resource: the server responded with a status of 500 (Internal Server Error) @ http://localhost:3000/training:0
[  188933ms] [INFO] %cDownload the React DevTools for a better development experience: https://reactjs.org/link/react-devtools font-weight:bold @ webpack-internal:///(pages-dir-browser)/./node_modules/react-dom/cjs/react-dom.development.js:29889
[  188960ms] TypeError: __webpack_modules__[moduleId] is not a function
    at __webpack_require__ (file://C:\Users\Usuario\Documents\Projects\retoPescanova\frontend\.next\server\webpack-runtime.js:25:42)
    at eval (webpack-internal:///(rsc)/./node_modules/next/dist/server/app-render/encryption-utils.js:40:35)
    at <unknown> (rsc)/./node_modules/next/dist/server/app-render/encryption-utils.js (C:\Users\Usuario\Documents\Projects\retoPescanova\frontend\.next\server\vendor-chunks\next.js:1773:1)
    at __webpack_require__ (file://C:\Users\Usuario\Documents\Projects\retoPescanova\frontend\.next\server\webpack-runtime.js:25:42)
    at eval (webpack-internal:///(rsc)/./node_modules/next/dist/build/webpack/loaders/next-app-loader/index.js?name=app%2Ftraining%2Fpage&page=%2Ftraining%2Fpage&appPaths=%2Ftraining%2Fpage&pagePath=private-next-app-dir%2Ftraining%2Fpage.tsx&appDir=C%3A%5CUsers%5CUsuario%5CDocuments%5CProjects%5CretoPescanova%5Cfrontend%5Capp&pageExtensions=tsx&pageExtensions=ts&pageExtensions=jsx&pageExtensions=js&rootDir=C%3A%5CUsers%5CUsuario%5CDocuments%5CProjects%5CretoPescanova%5Cfrontend&isDev=true&tsconfigPath=tsconfig.json&basePath=&assetPrefix=&nextConfigOutput=standalone&preferredRegion=&middlewareConfig=e30%3D&isGlobalNotFoundEnabled=!:28:103)
    at <unknown> (rsc)/./node_modules/next/dist/build/webpack/loaders/next-app-loader/index.js?name=app%2Ftraining%2Fpage&page=%2Ftraining%2Fpage&appPaths=%2Ftraining%2Fpage&pagePath=private-next-app-dir%2Ftraining%2Fpage.tsx&appDir=C%3A%5CUsers%5CUsuario%5CDocuments%5CProjects%5CretoPescanova%5Cfrontend%5Capp&pageExtensions=tsx&pageExtensions=ts&pageExtensions=jsx&pageExtensions=js&rootDir=C%3A%5CUsers%5CUsuario%5CDocuments%5CProjects%5CretoPescanova%5Cfrontend&isDev=true&tsconfigPath=tsconfig.json&basePath=&assetPrefix=&nextConfigOutput=standalone&preferredRegion=&middlewareConfig=e30%3D&isGlobalNotFoundEnabled=! (C:\Users\Usuario\Documents\Projects\retoPescanova\frontend\.next\server\app\training\page.js:66:1)
    at __webpack_require__ (file://C:\Users\Usuario\Documents\Projects\retoPescanova\frontend\.next\server\webpack-runtime.js:25:42)
    at __webpack_exec__ (file://C:\Users\Usuario\Documents\Projects\retoPescanova\frontend\.next\server\app\training\page.js:433:39)
    at <unknown> (file://C:\Users\Usuario\Documents\Projects\retoPescanova\frontend\.next\server\app\training\page.js:434:268)
    at __webpack_require__.X (file://C:\Users\Usuario\Documents\Projects\retoPescanova\frontend\.next\server\webpack-runtime.js:155:21)
    at <unknown> (file://C:\Users\Usuario\Documents\Projects\retoPescanova\frontend\.next\server\app\training\page.js:434:47)
    at Object.<anonymous> (file://C:\Users\Usuario\Documents\Projects\retoPescanova\frontend\.next\server\app\training\page.js:437:3)
    at Module._compile (node:internal/modules/cjs/loader:1730:14)
    at Object..js (node:internal/modules/cjs/loader:1895:10)
    at Module.load (node:internal/modules/cjs/loader:1465:32)
    at Function._load (node:internal/modules/cjs/loader:1282:12)
    at TracingChannel.traceSync (node:diagnostics_channel:322:14)
    at wrapModuleLoad (node:internal/modules/cjs/loader:235:24)
    at Module.<anonymous> (node:internal/modules/cjs/loader:1487:12)
    at mod.require (file://C:\Users\Usuario\Documents\Projects\retoPescanova\frontend\node_modules\next\dist\server\require-hook.js:68:28)
    at require (node:internal/modules/helpers:135:16)
    at requirePage (file://C:\Users\Usuario\Documents\Projects\retoPescanova\frontend\node_modules\next\dist\server\require.js:99:80)
    at loadComponentsImpl (file://C:\Users\Usuario\Documents\Projects\retoPescanova\frontend\node_modules\next\dist\server\load-components.js:132:57)
    at async DevServer.findPageComponentsImpl (file://C:\Users\Usuario\Documents\Projects\retoPescanova\frontend\node_modules\next\dist\server\next-server.js:900:36)
    at async DevServer.findPageComponents (file://C:\Users\Usuario\Documents\Projects\retoPescanova\frontend\node_modules\next\dist\server\dev\next-dev-server.js:706:16)
    at async DevServer.renderPageComponent (file://C:\Users\Usuario\Documents\Projects\retoPescanova\frontend\node_modules\next\dist\server\base-server.js:1468:24)
    at async DevServer.renderToResponseImpl (file://C:\Users\Usuario\Documents\Projects\retoPescanova\frontend\node_modules\next\dist\server\base-server.js:1522:32)
    at async DevServer.pipeImpl (file://C:\Users\Usuario\Documents\Projects\retoPescanova\frontend\node_modules\next\dist\server\base-server.js:1026:25)
    at async NextNodeServer.handleCatchallRenderRequest (file://C:\Users\Usuario\Documents\Projects\retoPescanova\frontend\node_modules\next\dist\server\next-server.js:394:17)
    at async DevServer.handleRequestImpl (file://C:\Users\Usuario\Documents\Projects\retoPescanova\frontend\node_modules\next\dist\server\base-server.js:917:17)
    at async (file://C:\Users\Usuario\Documents\Projects\retoPescanova\frontend\node_modules\next\dist\server\dev\next-dev-server.js:400:20)
    at async Span.traceAsyncFn (file://C:\Users\Usuario\Documents\Projects\retoPescanova\frontend\node_modules\next\dist\trace\trace.js:157:20)
    at async DevServer.handleRequest (file://C:\Users\Usuario\Documents\Projects\retoPescanova\frontend\node_modules\next\dist\server\dev\next-dev-server.js:396:24)
    at async invokeRender (file://C:\Users\Usuario\Documents\Projects\retoPescanova\frontend\node_modules\next\dist\server\lib\router-server.js:240:21)
    at async handleRequest (file://C:\Users\Usuario\Documents\Projects\retoPescanova\frontend\node_modules\next\dist\server\lib\router-server.js:437:24)
    at async requestHandlerImpl (file://C:\Users\Usuario\Documents\Projects\retoPescanova\frontend\node_modules\next\dist\server\lib\router-server.js:485:13)
    at async Server.requestListener (file://C:\Users\Usuario\Documents\Projects\retoPescanova\frontend\node_modules\next\dist\server\lib\start-server.js:226:13)
[  188960ms] [LOG] [HMR] connected @ webpack-internal:///(pages-dir-browser)/./node_modules/next/dist/client/dev/hot-reloader/pages/websocket.js:45
[  189875ms] [ERROR] Failed to load resource: the server responded with a status of 404 (Not Found) @ http://localhost:3000/_next/static/webpack/119d7b6dd4a66877.webpack.hot-update.json:0
[  189875ms] [WARNING] [Fast Refresh] performing full reload because your application had an unrecoverable error @ webpack-internal:///(pages-dir-browser)/./node_modules/next/dist/client/dev/hot-reloader/pages/hot-reloader-pages.js:347
[  190187ms] [ERROR] Failed to load resource: the server responded with a status of 500 (Internal Server Error) @ http://localhost:3000/training:0
[  190821ms] [INFO] %cDownload the React DevTools for a better development experience: https://reactjs.org/link/react-devtools font-weight:bold @ webpack-internal:///(pages-dir-browser)/./node_modules/react-dom/cjs/react-dom.development.js:29889
[  190844ms] TypeError: __webpack_modules__[moduleId] is not a function
    at __webpack_require__ (file://C:\Users\Usuario\Documents\Projects\retoPescanova\frontend\.next\server\webpack-runtime.js:25:42)
    at eval (webpack-internal:///(rsc)/./node_modules/next/dist/server/app-render/encryption-utils.js:40:35)
    at <unknown> (rsc)/./node_modules/next/dist/server/app-render/encryption-utils.js (C:\Users\Usuario\Documents\Projects\retoPescanova\frontend\.next\server\vendor-chunks\next.js:1773:1)
    at __webpack_require__ (file://C:\Users\Usuario\Documents\Projects\retoPescanova\frontend\.next\server\webpack-runtime.js:25:42)
    at eval (webpack-internal:///(rsc)/./node_modules/next/dist/build/webpack/loaders/next-app-loader/index.js?name=app%2Ftraining%2Fpage&page=%2Ftraining%2Fpage&appPaths=%2Ftraining%2Fpage&pagePath=private-next-app-dir%2Ftraining%2Fpage.tsx&appDir=C%3A%5CUsers%5CUsuario%5CDocuments%5CProjects%5CretoPescanova%5Cfrontend%5Capp&pageExtensions=tsx&pageExtensions=ts&pageExtensions=jsx&pageExtensions=js&rootDir=C%3A%5CUsers%5CUsuario%5CDocuments%5CProjects%5CretoPescanova%5Cfrontend&isDev=true&tsconfigPath=tsconfig.json&basePath=&assetPrefix=&nextConfigOutput=standalone&preferredRegion=&middlewareConfig=e30%3D&isGlobalNotFoundEnabled=!:28:103)
    at <unknown> (rsc)/./node_modules/next/dist/build/webpack/loaders/next-app-loader/index.js?name=app%2Ftraining%2Fpage&page=%2Ftraining%2Fpage&appPaths=%2Ftraining%2Fpage&pagePath=private-next-app-dir%2Ftraining%2Fpage.tsx&appDir=C%3A%5CUsers%5CUsuario%5CDocuments%5CProjects%5CretoPescanova%5Cfrontend%5Capp&pageExtensions=tsx&pageExtensions=ts&pageExtensions=jsx&pageExtensions=js&rootDir=C%3A%5CUsers%5CUsuario%5CDocuments%5CProjects%5CretoPescanova%5Cfrontend&isDev=true&tsconfigPath=tsconfig.json&basePath=&assetPrefix=&nextConfigOutput=standalone&preferredRegion=&middlewareConfig=e30%3D&isGlobalNotFoundEnabled=! (C:\Users\Usuario\Documents\Projects\retoPescanova\frontend\.next\server\app\training\page.js:66:1)
    at __webpack_require__ (file://C:\Users\Usuario\Documents\Projects\retoPescanova\frontend\.next\server\webpack-runtime.js:25:42)
    at __webpack_exec__ (file://C:\Users\Usuario\Documents\Projects\retoPescanova\frontend\.next\server\app\training\page.js:433:39)
    at <unknown> (file://C:\Users\Usuario\Documents\Projects\retoPescanova\frontend\.next\server\app\training\page.js:434:268)
    at __webpack_require__.X (file://C:\Users\Usuario\Documents\Projects\retoPescanova\frontend\.next\server\webpack-runtime.js:155:21)
    at <unknown> (file://C:\Users\Usuario\Documents\Projects\retoPescanova\frontend\.next\server\app\training\page.js:434:47)
    at Object.<anonymous> (file://C:\Users\Usuario\Documents\Projects\retoPescanova\frontend\.next\server\app\training\page.js:437:3)
    at Module._compile (node:internal/modules/cjs/loader:1730:14)
    at Object..js (node:internal/modules/cjs/loader:1895:10)
    at Module.load (node:internal/modules/cjs/loader:1465:32)
    at Function._load (node:internal/modules/cjs/loader:1282:12)
    at TracingChannel.traceSync (node:diagnostics_channel:322:14)
    at wrapModuleLoad (node:internal/modules/cjs/loader:235:24)
    at Module.<anonymous> (node:internal/modules/cjs/loader:1487:12)
    at mod.require (file://C:\Users\Usuario\Documents\Projects\retoPescanova\frontend\node_modules\next\dist\server\require-hook.js:68:28)
    at require (node:internal/modules/helpers:135:16)
    at requirePage (file://C:\Users\Usuario\Documents\Projects\retoPescanova\frontend\node_modules\next\dist\server\require.js:99:80)
    at loadComponentsImpl (file://C:\Users\Usuario\Documents\Projects\retoPescanova\frontend\node_modules\next\dist\server\load-components.js:132:57)
    at async DevServer.findPageComponentsImpl (file://C:\Users\Usuario\Documents\Projects\retoPescanova\frontend\node_modules\next\dist\server\next-server.js:900:36)
    at async DevServer.findPageComponents (file://C:\Users\Usuario\Documents\Projects\retoPescanova\frontend\node_modules\next\dist\server\dev\next-dev-server.js:706:16)
    at async DevServer.renderPageComponent (file://C:\Users\Usuario\Documents\Projects\retoPescanova\frontend\node_modules\next\dist\server\base-server.js:1468:24)
    at async DevServer.renderToResponseImpl (file://C:\Users\Usuario\Documents\Projects\retoPescanova\frontend\node_modules\next\dist\server\base-server.js:1522:32)
    at async DevServer.pipeImpl (file://C:\Users\Usuario\Documents\Projects\retoPescanova\frontend\node_modules\next\dist\server\base-server.js:1026:25)
    at async NextNodeServer.handleCatchallRenderRequest (file://C:\Users\Usuario\Documents\Projects\retoPescanova\frontend\node_modules\next\dist\server\next-server.js:394:17)
    at async DevServer.handleRequestImpl (file://C:\Users\Usuario\Documents\Projects\retoPescanova\frontend\node_modules\next\dist\server\base-server.js:917:17)
    at async (file://C:\Users\Usuario\Documents\Projects\retoPescanova\frontend\node_modules\next\dist\server\dev\next-dev-server.js:400:20)
    at async Span.traceAsyncFn (file://C:\Users\Usuario\Documents\Projects\retoPescanova\frontend\node_modules\next\dist\trace\trace.js:157:20)
    at async DevServer.handleRequest (file://C:\Users\Usuario\Documents\Projects\retoPescanova\frontend\node_modules\next\dist\server\dev\next-dev-server.js:396:24)
    at async invokeRender (file://C:\Users\Usuario\Documents\Projects\retoPescanova\frontend\node_modules\next\dist\server\lib\router-server.js:240:21)
    at async handleRequest (file://C:\Users\Usuario\Documents\Projects\retoPescanova\frontend\node_modules\next\dist\server\lib\router-server.js:437:24)
    at async requestHandlerImpl (file://C:\Users\Usuario\Documents\Projects\retoPescanova\frontend\node_modules\next\dist\server\lib\router-server.js:485:13)
    at async Server.requestListener (file://C:\Users\Usuario\Documents\Projects\retoPescanova\frontend\node_modules\next\dist\server\lib\start-server.js:226:13)
[  190844ms] [LOG] [HMR] connected @ webpack-internal:///(pages-dir-browser)/./node_modules/next/dist/client/dev/hot-reloader/pages/websocket.js:45
[  193903ms] [ERROR] Failed to load resource: the server responded with a status of 404 (Not Found) @ http://localhost:3000/_next/static/webpack/119d7b6dd4a66877.webpack.hot-update.json:0
[  193903ms] [WARNING] [Fast Refresh] performing full reload because your application had an unrecoverable error @ webpack-internal:///(pages-dir-browser)/./node_modules/next/dist/client/dev/hot-reloader/pages/hot-reloader-pages.js:347
[  194213ms] [ERROR] Failed to load resource: the server responded with a status of 500 (Internal Server Error) @ http://localhost:3000/training:0
[  194654ms] [INFO] %cDownload the React DevTools for a better development experience: https://reactjs.org/link/react-devtools font-weight:bold @ webpack-internal:///(pages-dir-browser)/./node_modules/react-dom/cjs/react-dom.development.js:29889
[  194679ms] TypeError: __webpack_modules__[moduleId] is not a function
    at __webpack_require__ (file://C:\Users\Usuario\Documents\Projects\retoPescanova\frontend\.next\server\webpack-runtime.js:25:42)
    at eval (webpack-internal:///(rsc)/./node_modules/next/dist/server/app-render/encryption-utils.js:40:35)
    at <unknown> (rsc)/./node_modules/next/dist/server/app-render/encryption-utils.js (C:\Users\Usuario\Documents\Projects\retoPescanova\frontend\.next\server\vendor-chunks\next.js:1773:1)
    at __webpack_require__ (file://C:\Users\Usuario\Documents\Projects\retoPescanova\frontend\.next\server\webpack-runtime.js:25:42)
    at eval (webpack-internal:///(rsc)/./node_modules/next/dist/build/webpack/loaders/next-app-loader/index.js?name=app%2Ftraining%2Fpage&page=%2Ftraining%2Fpage&appPaths=%2Ftraining%2Fpage&pagePath=private-next-app-dir%2Ftraining%2Fpage.tsx&appDir=C%3A%5CUsers%5CUsuario%5CDocuments%5CProjects%5CretoPescanova%5Cfrontend%5Capp&pageExtensions=tsx&pageExtensions=ts&pageExtensions=jsx&pageExtensions=js&rootDir=C%3A%5CUsers%5CUsuario%5CDocuments%5CProjects%5CretoPescanova%5Cfrontend&isDev=true&tsconfigPath=tsconfig.json&basePath=&assetPrefix=&nextConfigOutput=standalone&preferredRegion=&middlewareConfig=e30%3D&isGlobalNotFoundEnabled=!:28:103)
    at <unknown> (rsc)/./node_modules/next/dist/build/webpack/loaders/next-app-loader/index.js?name=app%2Ftraining%2Fpage&page=%2Ftraining%2Fpage&appPaths=%2Ftraining%2Fpage&pagePath=private-next-app-dir%2Ftraining%2Fpage.tsx&appDir=C%3A%5CUsers%5CUsuario%5CDocuments%5CProjects%5CretoPescanova%5Cfrontend%5Capp&pageExtensions=tsx&pageExtensions=ts&pageExtensions=jsx&pageExtensions=js&rootDir=C%3A%5CUsers%5CUsuario%5CDocuments%5CProjects%5CretoPescanova%5Cfrontend&isDev=true&tsconfigPath=tsconfig.json&basePath=&assetPrefix=&nextConfigOutput=standalone&preferredRegion=&middlewareConfig=e30%3D&isGlobalNotFoundEnabled=! (C:\Users\Usuario\Documents\Projects\retoPescanova\frontend\.next\server\app\training\page.js:66:1)
    at __webpack_require__ (file://C:\Users\Usuario\Documents\Projects\retoPescanova\frontend\.next\server\webpack-runtime.js:25:42)
    at __webpack_exec__ (file://C:\Users\Usuario\Documents\Projects\retoPescanova\frontend\.next\server\app\training\page.js:433:39)
    at <unknown> (file://C:\Users\Usuario\Documents\Projects\retoPescanova\frontend\.next\server\app\training\page.js:434:268)
    at __webpack_require__.X (file://C:\Users\Usuario\Documents\Projects\retoPescanova\frontend\.next\server\webpack-runtime.js:155:21)
    at <unknown> (file://C:\Users\Usuario\Documents\Projects\retoPescanova\frontend\.next\server\app\training\page.js:434:47)
    at Object.<anonymous> (file://C:\Users\Usuario\Documents\Projects\retoPescanova\frontend\.next\server\app\training\page.js:437:3)
    at Module._compile (node:internal/modules/cjs/loader:1730:14)
    at Object..js (node:internal/modules/cjs/loader:1895:10)
    at Module.load (node:internal/modules/cjs/loader:1465:32)
    at Function._load (node:internal/modules/cjs/loader:1282:12)
    at TracingChannel.traceSync (node:diagnostics_channel:322:14)
    at wrapModuleLoad (node:internal/modules/cjs/loader:235:24)
    at Module.<anonymous> (node:internal/modules/cjs/loader:1487:12)
    at mod.require (file://C:\Users\Usuario\Documents\Projects\retoPescanova\frontend\node_modules\next\dist\server\require-hook.js:68:28)
    at require (node:internal/modules/helpers:135:16)
    at requirePage (file://C:\Users\Usuario\Documents\Projects\retoPescanova\frontend\node_modules\next\dist\server\require.js:99:80)
    at loadComponentsImpl (file://C:\Users\Usuario\Documents\Projects\retoPescanova\frontend\node_modules\next\dist\server\load-components.js:132:57)
    at async DevServer.findPageComponentsImpl (file://C:\Users\Usuario\Documents\Projects\retoPescanova\frontend\node_modules\next\dist\server\next-server.js:900:36)
    at async DevServer.findPageComponents (file://C:\Users\Usuario\Documents\Projects\retoPescanova\frontend\node_modules\next\dist\server\dev\next-dev-server.js:706:16)
    at async DevServer.renderPageComponent (file://C:\Users\Usuario\Documents\Projects\retoPescanova\frontend\node_modules\next\dist\server\base-server.js:1468:24)
    at async DevServer.renderToResponseImpl (file://C:\Users\Usuario\Documents\Projects\retoPescanova\frontend\node_modules\next\dist\server\base-server.js:1522:32)
    at async DevServer.pipeImpl (file://C:\Users\Usuario\Documents\Projects\retoPescanova\frontend\node_modules\next\dist\server\base-server.js:1026:25)
    at async NextNodeServer.handleCatchallRenderRequest (file://C:\Users\Usuario\Documents\Projects\retoPescanova\frontend\node_modules\next\dist\server\next-server.js:394:17)
    at async DevServer.handleRequestImpl (file://C:\Users\Usuario\Documents\Projects\retoPescanova\frontend\node_modules\next\dist\server\base-server.js:917:17)
    at async (file://C:\Users\Usuario\Documents\Projects\retoPescanova\frontend\node_modules\next\dist\server\dev\next-dev-server.js:400:20)
    at async Span.traceAsyncFn (file://C:\Users\Usuario\Documents\Projects\retoPescanova\frontend\node_modules\next\dist\trace\trace.js:157:20)
    at async DevServer.handleRequest (file://C:\Users\Usuario\Documents\Projects\retoPescanova\frontend\node_modules\next\dist\server\dev\next-dev-server.js:396:24)
    at async invokeRender (file://C:\Users\Usuario\Documents\Projects\retoPescanova\frontend\node_modules\next\dist\server\lib\router-server.js:240:21)
    at async handleRequest (file://C:\Users\Usuario\Documents\Projects\retoPescanova\frontend\node_modules\next\dist\server\lib\router-server.js:437:24)
    at async requestHandlerImpl (file://C:\Users\Usuario\Documents\Projects\retoPescanova\frontend\node_modules\next\dist\server\lib\router-server.js:485:13)
    at async Server.requestListener (file://C:\Users\Usuario\Documents\Projects\retoPescanova\frontend\node_modules\next\dist\server\lib\start-server.js:226:13)
[  194678ms] [LOG] [HMR] connected @ webpack-internal:///(pages-dir-browser)/./node_modules/next/dist/client/dev/hot-reloader/pages/websocket.js:45
[  198172ms] [ERROR] Failed to load resource: the server responded with a status of 404 (Not Found) @ http://localhost:3000/_next/static/webpack/119d7b6dd4a66877.webpack.hot-update.json:0
[  198173ms] [WARNING] [Fast Refresh] performing full reload because your application had an unrecoverable error @ webpack-internal:///(pages-dir-browser)/./node_modules/next/dist/client/dev/hot-reloader/pages/hot-reloader-pages.js:347
[  198472ms] [ERROR] Failed to load resource: the server responded with a status of 500 (Internal Server Error) @ http://localhost:3000/training:0
[  199078ms] [INFO] %cDownload the React DevTools for a better development experience: https://reactjs.org/link/react-devtools font-weight:bold @ webpack-internal:///(pages-dir-browser)/./node_modules/react-dom/cjs/react-dom.development.js:29889
[  199099ms] TypeError: __webpack_modules__[moduleId] is not a function
    at __webpack_require__ (file://C:\Users\Usuario\Documents\Projects\retoPescanova\frontend\.next\server\webpack-runtime.js:25:42)
    at eval (webpack-internal:///(rsc)/./node_modules/next/dist/server/app-render/encryption-utils.js:40:35)
    at <unknown> (rsc)/./node_modules/next/dist/server/app-render/encryption-utils.js (C:\Users\Usuario\Documents\Projects\retoPescanova\frontend\.next\server\vendor-chunks\next.js:1773:1)
    at __webpack_require__ (file://C:\Users\Usuario\Documents\Projects\retoPescanova\frontend\.next\server\webpack-runtime.js:25:42)
    at eval (webpack-internal:///(rsc)/./node_modules/next/dist/build/webpack/loaders/next-app-loader/index.js?name=app%2Ftraining%2Fpage&page=%2Ftraining%2Fpage&appPaths=%2Ftraining%2Fpage&pagePath=private-next-app-dir%2Ftraining%2Fpage.tsx&appDir=C%3A%5CUsers%5CUsuario%5CDocuments%5CProjects%5CretoPescanova%5Cfrontend%5Capp&pageExtensions=tsx&pageExtensions=ts&pageExtensions=jsx&pageExtensions=js&rootDir=C%3A%5CUsers%5CUsuario%5CDocuments%5CProjects%5CretoPescanova%5Cfrontend&isDev=true&tsconfigPath=tsconfig.json&basePath=&assetPrefix=&nextConfigOutput=standalone&preferredRegion=&middlewareConfig=e30%3D&isGlobalNotFoundEnabled=!:28:103)
    at <unknown> (rsc)/./node_modules/next/dist/build/webpack/loaders/next-app-loader/index.js?name=app%2Ftraining%2Fpage&page=%2Ftraining%2Fpage&appPaths=%2Ftraining%2Fpage&pagePath=private-next-app-dir%2Ftraining%2Fpage.tsx&appDir=C%3A%5CUsers%5CUsuario%5CDocuments%5CProjects%5CretoPescanova%5Cfrontend%5Capp&pageExtensions=tsx&pageExtensions=ts&pageExtensions=jsx&pageExtensions=js&rootDir=C%3A%5CUsers%5CUsuario%5CDocuments%5CProjects%5CretoPescanova%5Cfrontend&isDev=true&tsconfigPath=tsconfig.json&basePath=&assetPrefix=&nextConfigOutput=standalone&preferredRegion=&middlewareConfig=e30%3D&isGlobalNotFoundEnabled=! (C:\Users\Usuario\Documents\Projects\retoPescanova\frontend\.next\server\app\training\page.js:66:1)
    at __webpack_require__ (file://C:\Users\Usuario\Documents\Projects\retoPescanova\frontend\.next\server\webpack-runtime.js:25:42)
    at __webpack_exec__ (file://C:\Users\Usuario\Documents\Projects\retoPescanova\frontend\.next\server\app\training\page.js:433:39)
    at <unknown> (file://C:\Users\Usuario\Documents\Projects\retoPescanova\frontend\.next\server\app\training\page.js:434:268)
    at __webpack_require__.X (file://C:\Users\Usuario\Documents\Projects\retoPescanova\frontend\.next\server\webpack-runtime.js:155:21)
    at <unknown> (file://C:\Users\Usuario\Documents\Projects\retoPescanova\frontend\.next\server\app\training\page.js:434:47)
    at Object.<anonymous> (file://C:\Users\Usuario\Documents\Projects\retoPescanova\frontend\.next\server\app\training\page.js:437:3)
    at Module._compile (node:internal/modules/cjs/loader:1730:14)
    at Object..js (node:internal/modules/cjs/loader:1895:10)
    at Module.load (node:internal/modules/cjs/loader:1465:32)
    at Function._load (node:internal/modules/cjs/loader:1282:12)
    at TracingChannel.traceSync (node:diagnostics_channel:322:14)
    at wrapModuleLoad (node:internal/modules/cjs/loader:235:24)
    at Module.<anonymous> (node:internal/modules/cjs/loader:1487:12)
    at mod.require (file://C:\Users\Usuario\Documents\Projects\retoPescanova\frontend\node_modules\next\dist\server\require-hook.js:68:28)
    at require (node:internal/modules/helpers:135:16)
    at requirePage (file://C:\Users\Usuario\Documents\Projects\retoPescanova\frontend\node_modules\next\dist\server\require.js:99:80)
    at loadComponentsImpl (file://C:\Users\Usuario\Documents\Projects\retoPescanova\frontend\node_modules\next\dist\server\load-components.js:132:57)
    at async DevServer.findPageComponentsImpl (file://C:\Users\Usuario\Documents\Projects\retoPescanova\frontend\node_modules\next\dist\server\next-server.js:900:36)
    at async DevServer.findPageComponents (file://C:\Users\Usuario\Documents\Projects\retoPescanova\frontend\node_modules\next\dist\server\dev\next-dev-server.js:706:16)
    at async DevServer.renderPageComponent (file://C:\Users\Usuario\Documents\Projects\retoPescanova\frontend\node_modules\next\dist\server\base-server.js:1468:24)
    at async DevServer.renderToResponseImpl (file://C:\Users\Usuario\Documents\Projects\retoPescanova\frontend\node_modules\next\dist\server\base-server.js:1522:32)
    at async DevServer.pipeImpl (file://C:\Users\Usuario\Documents\Projects\retoPescanova\frontend\node_modules\next\dist\server\base-server.js:1026:25)
    at async NextNodeServer.handleCatchallRenderRequest (file://C:\Users\Usuario\Documents\Projects\retoPescanova\frontend\node_modules\next\dist\server\next-server.js:394:17)
    at async DevServer.handleRequestImpl (file://C:\Users\Usuario\Documents\Projects\retoPescanova\frontend\node_modules\next\dist\server\base-server.js:917:17)
    at async (file://C:\Users\Usuario\Documents\Projects\retoPescanova\frontend\node_modules\next\dist\server\dev\next-dev-server.js:400:20)
    at async Span.traceAsyncFn (file://C:\Users\Usuario\Documents\Projects\retoPescanova\frontend\node_modules\next\dist\trace\trace.js:157:20)
    at async DevServer.handleRequest (file://C:\Users\Usuario\Documents\Projects\retoPescanova\frontend\node_modules\next\dist\server\dev\next-dev-server.js:396:24)
    at async invokeRender (file://C:\Users\Usuario\Documents\Projects\retoPescanova\frontend\node_modules\next\dist\server\lib\router-server.js:240:21)
    at async handleRequest (file://C:\Users\Usuario\Documents\Projects\retoPescanova\frontend\node_modules\next\dist\server\lib\router-server.js:437:24)
    at async requestHandlerImpl (file://C:\Users\Usuario\Documents\Projects\retoPescanova\frontend\node_modules\next\dist\server\lib\router-server.js:485:13)
    at async Server.requestListener (file://C:\Users\Usuario\Documents\Projects\retoPescanova\frontend\node_modules\next\dist\server\lib\start-server.js:226:13)
[  199100ms] [LOG] [HMR] connected @ webpack-internal:///(pages-dir-browser)/./node_modules/next/dist/client/dev/hot-reloader/pages/websocket.js:45
[  200803ms] [ERROR] Failed to load resource: the server responded with a status of 404 (Not Found) @ http://localhost:3000/_next/static/webpack/119d7b6dd4a66877.webpack.hot-update.json:0
[  200803ms] [WARNING] [Fast Refresh] performing full reload because your application had an unrecoverable error @ webpack-internal:///(pages-dir-browser)/./node_modules/next/dist/client/dev/hot-reloader/pages/hot-reloader-pages.js:347
[  201138ms] [ERROR] Failed to load resource: the server responded with a status of 500 (Internal Server Error) @ http://localhost:3000/training:0
[  202057ms] [INFO] %cDownload the React DevTools for a better development experience: https://reactjs.org/link/react-devtools font-weight:bold @ webpack-internal:///(pages-dir-browser)/./node_modules/react-dom/cjs/react-dom.development.js:29889
[  202081ms] TypeError: __webpack_modules__[moduleId] is not a function
    at __webpack_require__ (file://C:\Users\Usuario\Documents\Projects\retoPescanova\frontend\.next\server\webpack-runtime.js:25:42)
    at eval (webpack-internal:///(rsc)/./node_modules/next/dist/server/app-render/encryption-utils.js:40:35)
    at <unknown> (rsc)/./node_modules/next/dist/server/app-render/encryption-utils.js (C:\Users\Usuario\Documents\Projects\retoPescanova\frontend\.next\server\vendor-chunks\next.js:1773:1)
    at __webpack_require__ (file://C:\Users\Usuario\Documents\Projects\retoPescanova\frontend\.next\server\webpack-runtime.js:25:42)
    at eval (webpack-internal:///(rsc)/./node_modules/next/dist/build/webpack/loaders/next-app-loader/index.js?name=app%2Ftraining%2Fpage&page=%2Ftraining%2Fpage&appPaths=%2Ftraining%2Fpage&pagePath=private-next-app-dir%2Ftraining%2Fpage.tsx&appDir=C%3A%5CUsers%5CUsuario%5CDocuments%5CProjects%5CretoPescanova%5Cfrontend%5Capp&pageExtensions=tsx&pageExtensions=ts&pageExtensions=jsx&pageExtensions=js&rootDir=C%3A%5CUsers%5CUsuario%5CDocuments%5CProjects%5CretoPescanova%5Cfrontend&isDev=true&tsconfigPath=tsconfig.json&basePath=&assetPrefix=&nextConfigOutput=standalone&preferredRegion=&middlewareConfig=e30%3D&isGlobalNotFoundEnabled=!:28:103)
    at <unknown> (rsc)/./node_modules/next/dist/build/webpack/loaders/next-app-loader/index.js?name=app%2Ftraining%2Fpage&page=%2Ftraining%2Fpage&appPaths=%2Ftraining%2Fpage&pagePath=private-next-app-dir%2Ftraining%2Fpage.tsx&appDir=C%3A%5CUsers%5CUsuario%5CDocuments%5CProjects%5CretoPescanova%5Cfrontend%5Capp&pageExtensions=tsx&pageExtensions=ts&pageExtensions=jsx&pageExtensions=js&rootDir=C%3A%5CUsers%5CUsuario%5CDocuments%5CProjects%5CretoPescanova%5Cfrontend&isDev=true&tsconfigPath=tsconfig.json&basePath=&assetPrefix=&nextConfigOutput=standalone&preferredRegion=&middlewareConfig=e30%3D&isGlobalNotFoundEnabled=! (C:\Users\Usuario\Documents\Projects\retoPescanova\frontend\.next\server\app\training\page.js:66:1)
    at __webpack_require__ (file://C:\Users\Usuario\Documents\Projects\retoPescanova\frontend\.next\server\webpack-runtime.js:25:42)
    at __webpack_exec__ (file://C:\Users\Usuario\Documents\Projects\retoPescanova\frontend\.next\server\app\training\page.js:433:39)
    at <unknown> (file://C:\Users\Usuario\Documents\Projects\retoPescanova\frontend\.next\server\app\training\page.js:434:268)
    at __webpack_require__.X (file://C:\Users\Usuario\Documents\Projects\retoPescanova\frontend\.next\server\webpack-runtime.js:155:21)
    at <unknown> (file://C:\Users\Usuario\Documents\Projects\retoPescanova\frontend\.next\server\app\training\page.js:434:47)
    at Object.<anonymous> (file://C:\Users\Usuario\Documents\Projects\retoPescanova\frontend\.next\server\app\training\page.js:437:3)
    at Module._compile (node:internal/modules/cjs/loader:1730:14)
    at Object..js (node:internal/modules/cjs/loader:1895:10)
    at Module.load (node:internal/modules/cjs/loader:1465:32)
    at Function._load (node:internal/modules/cjs/loader:1282:12)
    at TracingChannel.traceSync (node:diagnostics_channel:322:14)
    at wrapModuleLoad (node:internal/modules/cjs/loader:235:24)
    at Module.<anonymous> (node:internal/modules/cjs/loader:1487:12)
    at mod.require (file://C:\Users\Usuario\Documents\Projects\retoPescanova\frontend\node_modules\next\dist\server\require-hook.js:68:28)
    at require (node:internal/modules/helpers:135:16)
    at requirePage (file://C:\Users\Usuario\Documents\Projects\retoPescanova\frontend\node_modules\next\dist\server\require.js:99:80)
    at loadComponentsImpl (file://C:\Users\Usuario\Documents\Projects\retoPescanova\frontend\node_modules\next\dist\server\load-components.js:132:57)
    at async DevServer.findPageComponentsImpl (file://C:\Users\Usuario\Documents\Projects\retoPescanova\frontend\node_modules\next\dist\server\next-server.js:900:36)
    at async DevServer.findPageComponents (file://C:\Users\Usuario\Documents\Projects\retoPescanova\frontend\node_modules\next\dist\server\dev\next-dev-server.js:706:16)
    at async DevServer.renderPageComponent (file://C:\Users\Usuario\Documents\Projects\retoPescanova\frontend\node_modules\next\dist\server\base-server.js:1468:24)
    at async DevServer.renderToResponseImpl (file://C:\Users\Usuario\Documents\Projects\retoPescanova\frontend\node_modules\next\dist\server\base-server.js:1522:32)
    at async DevServer.pipeImpl (file://C:\Users\Usuario\Documents\Projects\retoPescanova\frontend\node_modules\next\dist\server\base-server.js:1026:25)
    at async NextNodeServer.handleCatchallRenderRequest (file://C:\Users\Usuario\Documents\Projects\retoPescanova\frontend\node_modules\next\dist\server\next-server.js:394:17)
    at async DevServer.handleRequestImpl (file://C:\Users\Usuario\Documents\Projects\retoPescanova\frontend\node_modules\next\dist\server\base-server.js:917:17)
    at async (file://C:\Users\Usuario\Documents\Projects\retoPescanova\frontend\node_modules\next\dist\server\dev\next-dev-server.js:400:20)
    at async Span.traceAsyncFn (file://C:\Users\Usuario\Documents\Projects\retoPescanova\frontend\node_modules\next\dist\trace\trace.js:157:20)
    at async DevServer.handleRequest (file://C:\Users\Usuario\Documents\Projects\retoPescanova\frontend\node_modules\next\dist\server\dev\next-dev-server.js:396:24)
    at async invokeRender (file://C:\Users\Usuario\Documents\Projects\retoPescanova\frontend\node_modules\next\dist\server\lib\router-server.js:240:21)
    at async handleRequest (file://C:\Users\Usuario\Documents\Projects\retoPescanova\frontend\node_modules\next\dist\server\lib\router-server.js:437:24)
    at async requestHandlerImpl (file://C:\Users\Usuario\Documents\Projects\retoPescanova\frontend\node_modules\next\dist\server\lib\router-server.js:485:13)
    at async Server.requestListener (file://C:\Users\Usuario\Documents\Projects\retoPescanova\frontend\node_modules\next\dist\server\lib\start-server.js:226:13)
[  202081ms] [LOG] [HMR] connected @ webpack-internal:///(pages-dir-browser)/./node_modules/next/dist/client/dev/hot-reloader/pages/websocket.js:45
[  202966ms] [ERROR] Failed to load resource: the server responded with a status of 404 (Not Found) @ http://localhost:3000/_next/static/webpack/119d7b6dd4a66877.webpack.hot-update.json:0
[  202967ms] [WARNING] [Fast Refresh] performing full reload because your application had an unrecoverable error @ webpack-internal:///(pages-dir-browser)/./node_modules/next/dist/client/dev/hot-reloader/pages/hot-reloader-pages.js:347
[  203383ms] [ERROR] Failed to load resource: the server responded with a status of 500 (Internal Server Error) @ http://localhost:3000/training:0
[  203763ms] [INFO] %cDownload the React DevTools for a better development experience: https://reactjs.org/link/react-devtools font-weight:bold @ webpack-internal:///(pages-dir-browser)/./node_modules/react-dom/cjs/react-dom.development.js:29889
[  203787ms] TypeError: __webpack_modules__[moduleId] is not a function
    at __webpack_require__ (file://C:\Users\Usuario\Documents\Projects\retoPescanova\frontend\.next\server\webpack-runtime.js:25:42)
    at eval (webpack-internal:///(rsc)/./node_modules/next/dist/server/app-render/encryption-utils.js:40:35)
    at <unknown> (rsc)/./node_modules/next/dist/server/app-render/encryption-utils.js (C:\Users\Usuario\Documents\Projects\retoPescanova\frontend\.next\server\vendor-chunks\next.js:1773:1)
    at __webpack_require__ (file://C:\Users\Usuario\Documents\Projects\retoPescanova\frontend\.next\server\webpack-runtime.js:25:42)
    at eval (webpack-internal:///(rsc)/./node_modules/next/dist/build/webpack/loaders/next-app-loader/index.js?name=app%2Ftraining%2Fpage&page=%2Ftraining%2Fpage&appPaths=%2Ftraining%2Fpage&pagePath=private-next-app-dir%2Ftraining%2Fpage.tsx&appDir=C%3A%5CUsers%5CUsuario%5CDocuments%5CProjects%5CretoPescanova%5Cfrontend%5Capp&pageExtensions=tsx&pageExtensions=ts&pageExtensions=jsx&pageExtensions=js&rootDir=C%3A%5CUsers%5CUsuario%5CDocuments%5CProjects%5CretoPescanova%5Cfrontend&isDev=true&tsconfigPath=tsconfig.json&basePath=&assetPrefix=&nextConfigOutput=standalone&preferredRegion=&middlewareConfig=e30%3D&isGlobalNotFoundEnabled=!:28:103)
    at <unknown> (rsc)/./node_modules/next/dist/build/webpack/loaders/next-app-loader/index.js?name=app%2Ftraining%2Fpage&page=%2Ftraining%2Fpage&appPaths=%2Ftraining%2Fpage&pagePath=private-next-app-dir%2Ftraining%2Fpage.tsx&appDir=C%3A%5CUsers%5CUsuario%5CDocuments%5CProjects%5CretoPescanova%5Cfrontend%5Capp&pageExtensions=tsx&pageExtensions=ts&pageExtensions=jsx&pageExtensions=js&rootDir=C%3A%5CUsers%5CUsuario%5CDocuments%5CProjects%5CretoPescanova%5Cfrontend&isDev=true&tsconfigPath=tsconfig.json&basePath=&assetPrefix=&nextConfigOutput=standalone&preferredRegion=&middlewareConfig=e30%3D&isGlobalNotFoundEnabled=! (C:\Users\Usuario\Documents\Projects\retoPescanova\frontend\.next\server\app\training\page.js:66:1)
    at __webpack_require__ (file://C:\Users\Usuario\Documents\Projects\retoPescanova\frontend\.next\server\webpack-runtime.js:25:42)
    at __webpack_exec__ (file://C:\Users\Usuario\Documents\Projects\retoPescanova\frontend\.next\server\app\training\page.js:433:39)
    at <unknown> (file://C:\Users\Usuario\Documents\Projects\retoPescanova\frontend\.next\server\app\training\page.js:434:268)
    at __webpack_require__.X (file://C:\Users\Usuario\Documents\Projects\retoPescanova\frontend\.next\server\webpack-runtime.js:155:21)
    at <unknown> (file://C:\Users\Usuario\Documents\Projects\retoPescanova\frontend\.next\server\app\training\page.js:434:47)
    at Object.<anonymous> (file://C:\Users\Usuario\Documents\Projects\retoPescanova\frontend\.next\server\app\training\page.js:437:3)
    at Module._compile (node:internal/modules/cjs/loader:1730:14)
    at Object..js (node:internal/modules/cjs/loader:1895:10)
    at Module.load (node:internal/modules/cjs/loader:1465:32)
    at Function._load (node:internal/modules/cjs/loader:1282:12)
    at TracingChannel.traceSync (node:diagnostics_channel:322:14)
    at wrapModuleLoad (node:internal/modules/cjs/loader:235:24)
    at Module.<anonymous> (node:internal/modules/cjs/loader:1487:12)
    at mod.require (file://C:\Users\Usuario\Documents\Projects\retoPescanova\frontend\node_modules\next\dist\server\require-hook.js:68:28)
    at require (node:internal/modules/helpers:135:16)
    at requirePage (file://C:\Users\Usuario\Documents\Projects\retoPescanova\frontend\node_modules\next\dist\server\require.js:99:80)
    at loadComponentsImpl (file://C:\Users\Usuario\Documents\Projects\retoPescanova\frontend\node_modules\next\dist\server\load-components.js:132:57)
    at async DevServer.findPageComponentsImpl (file://C:\Users\Usuario\Documents\Projects\retoPescanova\frontend\node_modules\next\dist\server\next-server.js:900:36)
    at async DevServer.findPageComponents (file://C:\Users\Usuario\Documents\Projects\retoPescanova\frontend\node_modules\next\dist\server\dev\next-dev-server.js:706:16)
    at async DevServer.renderPageComponent (file://C:\Users\Usuario\Documents\Projects\retoPescanova\frontend\node_modules\next\dist\server\base-server.js:1468:24)
    at async DevServer.renderToResponseImpl (file://C:\Users\Usuario\Documents\Projects\retoPescanova\frontend\node_modules\next\dist\server\base-server.js:1522:32)
    at async DevServer.pipeImpl (file://C:\Users\Usuario\Documents\Projects\retoPescanova\frontend\node_modules\next\dist\server\base-server.js:1026:25)
    at async NextNodeServer.handleCatchallRenderRequest (file://C:\Users\Usuario\Documents\Projects\retoPescanova\frontend\node_modules\next\dist\server\next-server.js:394:17)
    at async DevServer.handleRequestImpl (file://C:\Users\Usuario\Documents\Projects\retoPescanova\frontend\node_modules\next\dist\server\base-server.js:917:17)
    at async (file://C:\Users\Usuario\Documents\Projects\retoPescanova\frontend\node_modules\next\dist\server\dev\next-dev-server.js:400:20)
    at async Span.traceAsyncFn (file://C:\Users\Usuario\Documents\Projects\retoPescanova\frontend\node_modules\next\dist\trace\trace.js:157:20)
    at async DevServer.handleRequest (file://C:\Users\Usuario\Documents\Projects\retoPescanova\frontend\node_modules\next\dist\server\dev\next-dev-server.js:396:24)
    at async invokeRender (file://C:\Users\Usuario\Documents\Projects\retoPescanova\frontend\node_modules\next\dist\server\lib\router-server.js:240:21)
    at async handleRequest (file://C:\Users\Usuario\Documents\Projects\retoPescanova\frontend\node_modules\next\dist\server\lib\router-server.js:437:24)
    at async requestHandlerImpl (file://C:\Users\Usuario\Documents\Projects\retoPescanova\frontend\node_modules\next\dist\server\lib\router-server.js:485:13)
    at async Server.requestListener (file://C:\Users\Usuario\Documents\Projects\retoPescanova\frontend\node_modules\next\dist\server\lib\start-server.js:226:13)
[  203786ms] [LOG] [HMR] connected @ webpack-internal:///(pages-dir-browser)/./node_modules/next/dist/client/dev/hot-reloader/pages/websocket.js:45
[  205557ms] [ERROR] Failed to load resource: the server responded with a status of 404 (Not Found) @ http://localhost:3000/_next/static/webpack/119d7b6dd4a66877.webpack.hot-update.json:0
[  205557ms] [WARNING] [Fast Refresh] performing full reload because your application had an unrecoverable error @ webpack-internal:///(pages-dir-browser)/./node_modules/next/dist/client/dev/hot-reloader/pages/hot-reloader-pages.js:347
[  205864ms] [ERROR] Failed to load resource: the server responded with a status of 500 (Internal Server Error) @ http://localhost:3000/training:0
[  206268ms] [INFO] %cDownload the React DevTools for a better development experience: https://reactjs.org/link/react-devtools font-weight:bold @ webpack-internal:///(pages-dir-browser)/./node_modules/react-dom/cjs/react-dom.development.js:29889
[  206290ms] TypeError: __webpack_modules__[moduleId] is not a function
    at __webpack_require__ (file://C:\Users\Usuario\Documents\Projects\retoPescanova\frontend\.next\server\webpack-runtime.js:25:42)
    at eval (webpack-internal:///(rsc)/./node_modules/next/dist/server/app-render/encryption-utils.js:40:35)
    at <unknown> (rsc)/./node_modules/next/dist/server/app-render/encryption-utils.js (C:\Users\Usuario\Documents\Projects\retoPescanova\frontend\.next\server\vendor-chunks\next.js:1773:1)
    at __webpack_require__ (file://C:\Users\Usuario\Documents\Projects\retoPescanova\frontend\.next\server\webpack-runtime.js:25:42)
    at eval (webpack-internal:///(rsc)/./node_modules/next/dist/build/webpack/loaders/next-app-loader/index.js?name=app%2Ftraining%2Fpage&page=%2Ftraining%2Fpage&appPaths=%2Ftraining%2Fpage&pagePath=private-next-app-dir%2Ftraining%2Fpage.tsx&appDir=C%3A%5CUsers%5CUsuario%5CDocuments%5CProjects%5CretoPescanova%5Cfrontend%5Capp&pageExtensions=tsx&pageExtensions=ts&pageExtensions=jsx&pageExtensions=js&rootDir=C%3A%5CUsers%5CUsuario%5CDocuments%5CProjects%5CretoPescanova%5Cfrontend&isDev=true&tsconfigPath=tsconfig.json&basePath=&assetPrefix=&nextConfigOutput=standalone&preferredRegion=&middlewareConfig=e30%3D&isGlobalNotFoundEnabled=!:28:103)
    at <unknown> (rsc)/./node_modules/next/dist/build/webpack/loaders/next-app-loader/index.js?name=app%2Ftraining%2Fpage&page=%2Ftraining%2Fpage&appPaths=%2Ftraining%2Fpage&pagePath=private-next-app-dir%2Ftraining%2Fpage.tsx&appDir=C%3A%5CUsers%5CUsuario%5CDocuments%5CProjects%5CretoPescanova%5Cfrontend%5Capp&pageExtensions=tsx&pageExtensions=ts&pageExtensions=jsx&pageExtensions=js&rootDir=C%3A%5CUsers%5CUsuario%5CDocuments%5CProjects%5CretoPescanova%5Cfrontend&isDev=true&tsconfigPath=tsconfig.json&basePath=&assetPrefix=&nextConfigOutput=standalone&preferredRegion=&middlewareConfig=e30%3D&isGlobalNotFoundEnabled=! (C:\Users\Usuario\Documents\Projects\retoPescanova\frontend\.next\server\app\training\page.js:66:1)
    at __webpack_require__ (file://C:\Users\Usuario\Documents\Projects\retoPescanova\frontend\.next\server\webpack-runtime.js:25:42)
    at __webpack_exec__ (file://C:\Users\Usuario\Documents\Projects\retoPescanova\frontend\.next\server\app\training\page.js:433:39)
    at <unknown> (file://C:\Users\Usuario\Documents\Projects\retoPescanova\frontend\.next\server\app\training\page.js:434:268)
    at __webpack_require__.X (file://C:\Users\Usuario\Documents\Projects\retoPescanova\frontend\.next\server\webpack-runtime.js:155:21)
    at <unknown> (file://C:\Users\Usuario\Documents\Projects\retoPescanova\frontend\.next\server\app\training\page.js:434:47)
    at Object.<anonymous> (file://C:\Users\Usuario\Documents\Projects\retoPescanova\frontend\.next\server\app\training\page.js:437:3)
    at Module._compile (node:internal/modules/cjs/loader:1730:14)
    at Object..js (node:internal/modules/cjs/loader:1895:10)
    at Module.load (node:internal/modules/cjs/loader:1465:32)
    at Function._load (node:internal/modules/cjs/loader:1282:12)
    at TracingChannel.traceSync (node:diagnostics_channel:322:14)
    at wrapModuleLoad (node:internal/modules/cjs/loader:235:24)
    at Module.<anonymous> (node:internal/modules/cjs/loader:1487:12)
    at mod.require (file://C:\Users\Usuario\Documents\Projects\retoPescanova\frontend\node_modules\next\dist\server\require-hook.js:68:28)
    at require (node:internal/modules/helpers:135:16)
    at requirePage (file://C:\Users\Usuario\Documents\Projects\retoPescanova\frontend\node_modules\next\dist\server\require.js:99:80)
    at loadComponentsImpl (file://C:\Users\Usuario\Documents\Projects\retoPescanova\frontend\node_modules\next\dist\server\load-components.js:132:57)
    at async DevServer.findPageComponentsImpl (file://C:\Users\Usuario\Documents\Projects\retoPescanova\frontend\node_modules\next\dist\server\next-server.js:900:36)
    at async DevServer.findPageComponents (file://C:\Users\Usuario\Documents\Projects\retoPescanova\frontend\node_modules\next\dist\server\dev\next-dev-server.js:706:16)
    at async DevServer.renderPageComponent (file://C:\Users\Usuario\Documents\Projects\retoPescanova\frontend\node_modules\next\dist\server\base-server.js:1468:24)
    at async DevServer.renderToResponseImpl (file://C:\Users\Usuario\Documents\Projects\retoPescanova\frontend\node_modules\next\dist\server\base-server.js:1522:32)
    at async DevServer.pipeImpl (file://C:\Users\Usuario\Documents\Projects\retoPescanova\frontend\node_modules\next\dist\server\base-server.js:1026:25)
    at async NextNodeServer.handleCatchallRenderRequest (file://C:\Users\Usuario\Documents\Projects\retoPescanova\frontend\node_modules\next\dist\server\next-server.js:394:17)
    at async DevServer.handleRequestImpl (file://C:\Users\Usuario\Documents\Projects\retoPescanova\frontend\node_modules\next\dist\server\base-server.js:917:17)
    at async (file://C:\Users\Usuario\Documents\Projects\retoPescanova\frontend\node_modules\next\dist\server\dev\next-dev-server.js:400:20)
    at async Span.traceAsyncFn (file://C:\Users\Usuario\Documents\Projects\retoPescanova\frontend\node_modules\next\dist\trace\trace.js:157:20)
    at async DevServer.handleRequest (file://C:\Users\Usuario\Documents\Projects\retoPescanova\frontend\node_modules\next\dist\server\dev\next-dev-server.js:396:24)
    at async invokeRender (file://C:\Users\Usuario\Documents\Projects\retoPescanova\frontend\node_modules\next\dist\server\lib\router-server.js:240:21)
    at async handleRequest (file://C:\Users\Usuario\Documents\Projects\retoPescanova\frontend\node_modules\next\dist\server\lib\router-server.js:437:24)
    at async requestHandlerImpl (file://C:\Users\Usuario\Documents\Projects\retoPescanova\frontend\node_modules\next\dist\server\lib\router-server.js:485:13)
    at async Server.requestListener (file://C:\Users\Usuario\Documents\Projects\retoPescanova\frontend\node_modules\next\dist\server\lib\start-server.js:226:13)
[  206290ms] [LOG] [HMR] connected @ webpack-internal:///(pages-dir-browser)/./node_modules/next/dist/client/dev/hot-reloader/pages/websocket.js:45
[  206813ms] [ERROR] Failed to load resource: the server responded with a status of 404 (Not Found) @ http://localhost:3000/_next/static/webpack/119d7b6dd4a66877.webpack.hot-update.json:0
[  206813ms] [WARNING] [Fast Refresh] performing full reload because your application had an unrecoverable error @ webpack-internal:///(pages-dir-browser)/./node_modules/next/dist/client/dev/hot-reloader/pages/hot-reloader-pages.js:347
[  207110ms] [ERROR] Failed to load resource: the server responded with a status of 500 (Internal Server Error) @ http://localhost:3000/training:0
[  207721ms] [INFO] %cDownload the React DevTools for a better development experience: https://reactjs.org/link/react-devtools font-weight:bold @ webpack-internal:///(pages-dir-browser)/./node_modules/react-dom/cjs/react-dom.development.js:29889
[  207752ms] TypeError: __webpack_modules__[moduleId] is not a function
    at __webpack_require__ (file://C:\Users\Usuario\Documents\Projects\retoPescanova\frontend\.next\server\webpack-runtime.js:25:42)
    at eval (webpack-internal:///(rsc)/./node_modules/next/dist/server/app-render/encryption-utils.js:40:35)
    at <unknown> (rsc)/./node_modules/next/dist/server/app-render/encryption-utils.js (C:\Users\Usuario\Documents\Projects\retoPescanova\frontend\.next\server\vendor-chunks\next.js:1773:1)
    at __webpack_require__ (file://C:\Users\Usuario\Documents\Projects\retoPescanova\frontend\.next\server\webpack-runtime.js:25:42)
    at eval (webpack-internal:///(rsc)/./node_modules/next/dist/build/webpack/loaders/next-app-loader/index.js?name=app%2Ftraining%2Fpage&page=%2Ftraining%2Fpage&appPaths=%2Ftraining%2Fpage&pagePath=private-next-app-dir%2Ftraining%2Fpage.tsx&appDir=C%3A%5CUsers%5CUsuario%5CDocuments%5CProjects%5CretoPescanova%5Cfrontend%5Capp&pageExtensions=tsx&pageExtensions=ts&pageExtensions=jsx&pageExtensions=js&rootDir=C%3A%5CUsers%5CUsuario%5CDocuments%5CProjects%5CretoPescanova%5Cfrontend&isDev=true&tsconfigPath=tsconfig.json&basePath=&assetPrefix=&nextConfigOutput=standalone&preferredRegion=&middlewareConfig=e30%3D&isGlobalNotFoundEnabled=!:28:103)
    at <unknown> (rsc)/./node_modules/next/dist/build/webpack/loaders/next-app-loader/index.js?name=app%2Ftraining%2Fpage&page=%2Ftraining%2Fpage&appPaths=%2Ftraining%2Fpage&pagePath=private-next-app-dir%2Ftraining%2Fpage.tsx&appDir=C%3A%5CUsers%5CUsuario%5CDocuments%5CProjects%5CretoPescanova%5Cfrontend%5Capp&pageExtensions=tsx&pageExtensions=ts&pageExtensions=jsx&pageExtensions=js&rootDir=C%3A%5CUsers%5CUsuario%5CDocuments%5CProjects%5CretoPescanova%5Cfrontend&isDev=true&tsconfigPath=tsconfig.json&basePath=&assetPrefix=&nextConfigOutput=standalone&preferredRegion=&middlewareConfig=e30%3D&isGlobalNotFoundEnabled=! (C:\Users\Usuario\Documents\Projects\retoPescanova\frontend\.next\server\app\training\page.js:66:1)
    at __webpack_require__ (file://C:\Users\Usuario\Documents\Projects\retoPescanova\frontend\.next\server\webpack-runtime.js:25:42)
    at __webpack_exec__ (file://C:\Users\Usuario\Documents\Projects\retoPescanova\frontend\.next\server\app\training\page.js:433:39)
    at <unknown> (file://C:\Users\Usuario\Documents\Projects\retoPescanova\frontend\.next\server\app\training\page.js:434:268)
    at __webpack_require__.X (file://C:\Users\Usuario\Documents\Projects\retoPescanova\frontend\.next\server\webpack-runtime.js:155:21)
    at <unknown> (file://C:\Users\Usuario\Documents\Projects\retoPescanova\frontend\.next\server\app\training\page.js:434:47)
    at Object.<anonymous> (file://C:\Users\Usuario\Documents\Projects\retoPescanova\frontend\.next\server\app\training\page.js:437:3)
    at Module._compile (node:internal/modules/cjs/loader:1730:14)
    at Object..js (node:internal/modules/cjs/loader:1895:10)
    at Module.load (node:internal/modules/cjs/loader:1465:32)
    at Function._load (node:internal/modules/cjs/loader:1282:12)
    at TracingChannel.traceSync (node:diagnostics_channel:322:14)
    at wrapModuleLoad (node:internal/modules/cjs/loader:235:24)
    at Module.<anonymous> (node:internal/modules/cjs/loader:1487:12)
    at mod.require (file://C:\Users\Usuario\Documents\Projects\retoPescanova\frontend\node_modules\next\dist\server\require-hook.js:68:28)
    at require (node:internal/modules/helpers:135:16)
    at requirePage (file://C:\Users\Usuario\Documents\Projects\retoPescanova\frontend\node_modules\next\dist\server\require.js:99:80)
    at loadComponentsImpl (file://C:\Users\Usuario\Documents\Projects\retoPescanova\frontend\node_modules\next\dist\server\load-components.js:132:57)
    at async DevServer.findPageComponentsImpl (file://C:\Users\Usuario\Documents\Projects\retoPescanova\frontend\node_modules\next\dist\server\next-server.js:900:36)
    at async DevServer.findPageComponents (file://C:\Users\Usuario\Documents\Projects\retoPescanova\frontend\node_modules\next\dist\server\dev\next-dev-server.js:706:16)
    at async DevServer.renderPageComponent (file://C:\Users\Usuario\Documents\Projects\retoPescanova\frontend\node_modules\next\dist\server\base-server.js:1468:24)
    at async DevServer.renderToResponseImpl (file://C:\Users\Usuario\Documents\Projects\retoPescanova\frontend\node_modules\next\dist\server\base-server.js:1522:32)
    at async DevServer.pipeImpl (file://C:\Users\Usuario\Documents\Projects\retoPescanova\frontend\node_modules\next\dist\server\base-server.js:1026:25)
    at async NextNodeServer.handleCatchallRenderRequest (file://C:\Users\Usuario\Documents\Projects\retoPescanova\frontend\node_modules\next\dist\server\next-server.js:394:17)
    at async DevServer.handleRequestImpl (file://C:\Users\Usuario\Documents\Projects\retoPescanova\frontend\node_modules\next\dist\server\base-server.js:917:17)
    at async (file://C:\Users\Usuario\Documents\Projects\retoPescanova\frontend\node_modules\next\dist\server\dev\next-dev-server.js:400:20)
    at async Span.traceAsyncFn (file://C:\Users\Usuario\Documents\Projects\retoPescanova\frontend\node_modules\next\dist\trace\trace.js:157:20)
    at async DevServer.handleRequest (file://C:\Users\Usuario\Documents\Projects\retoPescanova\frontend\node_modules\next\dist\server\dev\next-dev-server.js:396:24)
    at async invokeRender (file://C:\Users\Usuario\Documents\Projects\retoPescanova\frontend\node_modules\next\dist\server\lib\router-server.js:240:21)
    at async handleRequest (file://C:\Users\Usuario\Documents\Projects\retoPescanova\frontend\node_modules\next\dist\server\lib\router-server.js:437:24)
    at async requestHandlerImpl (file://C:\Users\Usuario\Documents\Projects\retoPescanova\frontend\node_modules\next\dist\server\lib\router-server.js:485:13)
    at async Server.requestListener (file://C:\Users\Usuario\Documents\Projects\retoPescanova\frontend\node_modules\next\dist\server\lib\start-server.js:226:13)
[  207752ms] [LOG] [HMR] connected @ webpack-internal:///(pages-dir-browser)/./node_modules/next/dist/client/dev/hot-reloader/pages/websocket.js:45
[  209484ms] [ERROR] Failed to load resource: the server responded with a status of 404 (Not Found) @ http://localhost:3000/_next/static/webpack/119d7b6dd4a66877.webpack.hot-update.json:0
[  209484ms] [WARNING] [Fast Refresh] performing full reload because your application had an unrecoverable error @ webpack-internal:///(pages-dir-browser)/./node_modules/next/dist/client/dev/hot-reloader/pages/hot-reloader-pages.js:347
[  209776ms] [ERROR] Failed to load resource: the server responded with a status of 500 (Internal Server Error) @ http://localhost:3000/training:0
[  210197ms] [INFO] %cDownload the React DevTools for a better development experience: https://reactjs.org/link/react-devtools font-weight:bold @ webpack-internal:///(pages-dir-browser)/./node_modules/react-dom/cjs/react-dom.development.js:29889
[  210219ms] TypeError: __webpack_modules__[moduleId] is not a function
    at __webpack_require__ (file://C:\Users\Usuario\Documents\Projects\retoPescanova\frontend\.next\server\webpack-runtime.js:25:42)
    at eval (webpack-internal:///(rsc)/./node_modules/next/dist/server/app-render/encryption-utils.js:40:35)
    at <unknown> (rsc)/./node_modules/next/dist/server/app-render/encryption-utils.js (C:\Users\Usuario\Documents\Projects\retoPescanova\frontend\.next\server\vendor-chunks\next.js:1773:1)
    at __webpack_require__ (file://C:\Users\Usuario\Documents\Projects\retoPescanova\frontend\.next\server\webpack-runtime.js:25:42)
    at eval (webpack-internal:///(rsc)/./node_modules/next/dist/build/webpack/loaders/next-app-loader/index.js?name=app%2Ftraining%2Fpage&page=%2Ftraining%2Fpage&appPaths=%2Ftraining%2Fpage&pagePath=private-next-app-dir%2Ftraining%2Fpage.tsx&appDir=C%3A%5CUsers%5CUsuario%5CDocuments%5CProjects%5CretoPescanova%5Cfrontend%5Capp&pageExtensions=tsx&pageExtensions=ts&pageExtensions=jsx&pageExtensions=js&rootDir=C%3A%5CUsers%5CUsuario%5CDocuments%5CProjects%5CretoPescanova%5Cfrontend&isDev=true&tsconfigPath=tsconfig.json&basePath=&assetPrefix=&nextConfigOutput=standalone&preferredRegion=&middlewareConfig=e30%3D&isGlobalNotFoundEnabled=!:28:103)
    at <unknown> (rsc)/./node_modules/next/dist/build/webpack/loaders/next-app-loader/index.js?name=app%2Ftraining%2Fpage&page=%2Ftraining%2Fpage&appPaths=%2Ftraining%2Fpage&pagePath=private-next-app-dir%2Ftraining%2Fpage.tsx&appDir=C%3A%5CUsers%5CUsuario%5CDocuments%5CProjects%5CretoPescanova%5Cfrontend%5Capp&pageExtensions=tsx&pageExtensions=ts&pageExtensions=jsx&pageExtensions=js&rootDir=C%3A%5CUsers%5CUsuario%5CDocuments%5CProjects%5CretoPescanova%5Cfrontend&isDev=true&tsconfigPath=tsconfig.json&basePath=&assetPrefix=&nextConfigOutput=standalone&preferredRegion=&middlewareConfig=e30%3D&isGlobalNotFoundEnabled=! (C:\Users\Usuario\Documents\Projects\retoPescanova\frontend\.next\server\app\training\page.js:66:1)
    at __webpack_require__ (file://C:\Users\Usuario\Documents\Projects\retoPescanova\frontend\.next\server\webpack-runtime.js:25:42)
    at __webpack_exec__ (file://C:\Users\Usuario\Documents\Projects\retoPescanova\frontend\.next\server\app\training\page.js:433:39)
    at <unknown> (file://C:\Users\Usuario\Documents\Projects\retoPescanova\frontend\.next\server\app\training\page.js:434:268)
    at __webpack_require__.X (file://C:\Users\Usuario\Documents\Projects\retoPescanova\frontend\.next\server\webpack-runtime.js:155:21)
    at <unknown> (file://C:\Users\Usuario\Documents\Projects\retoPescanova\frontend\.next\server\app\training\page.js:434:47)
    at Object.<anonymous> (file://C:\Users\Usuario\Documents\Projects\retoPescanova\frontend\.next\server\app\training\page.js:437:3)
    at Module._compile (node:internal/modules/cjs/loader:1730:14)
    at Object..js (node:internal/modules/cjs/loader:1895:10)
    at Module.load (node:internal/modules/cjs/loader:1465:32)
    at Function._load (node:internal/modules/cjs/loader:1282:12)
    at TracingChannel.traceSync (node:diagnostics_channel:322:14)
    at wrapModuleLoad (node:internal/modules/cjs/loader:235:24)
    at Module.<anonymous> (node:internal/modules/cjs/loader:1487:12)
    at mod.require (file://C:\Users\Usuario\Documents\Projects\retoPescanova\frontend\node_modules\next\dist\server\require-hook.js:68:28)
    at require (node:internal/modules/helpers:135:16)
    at requirePage (file://C:\Users\Usuario\Documents\Projects\retoPescanova\frontend\node_modules\next\dist\server\require.js:99:80)
    at loadComponentsImpl (file://C:\Users\Usuario\Documents\Projects\retoPescanova\frontend\node_modules\next\dist\server\load-components.js:132:57)
    at async DevServer.findPageComponentsImpl (file://C:\Users\Usuario\Documents\Projects\retoPescanova\frontend\node_modules\next\dist\server\next-server.js:900:36)
    at async DevServer.findPageComponents (file://C:\Users\Usuario\Documents\Projects\retoPescanova\frontend\node_modules\next\dist\server\dev\next-dev-server.js:706:16)
    at async DevServer.renderPageComponent (file://C:\Users\Usuario\Documents\Projects\retoPescanova\frontend\node_modules\next\dist\server\base-server.js:1468:24)
    at async DevServer.renderToResponseImpl (file://C:\Users\Usuario\Documents\Projects\retoPescanova\frontend\node_modules\next\dist\server\base-server.js:1522:32)
    at async DevServer.pipeImpl (file://C:\Users\Usuario\Documents\Projects\retoPescanova\frontend\node_modules\next\dist\server\base-server.js:1026:25)
    at async NextNodeServer.handleCatchallRenderRequest (file://C:\Users\Usuario\Documents\Projects\retoPescanova\frontend\node_modules\next\dist\server\next-server.js:394:17)
    at async DevServer.handleRequestImpl (file://C:\Users\Usuario\Documents\Projects\retoPescanova\frontend\node_modules\next\dist\server\base-server.js:917:17)
    at async (file://C:\Users\Usuario\Documents\Projects\retoPescanova\frontend\node_modules\next\dist\server\dev\next-dev-server.js:400:20)
    at async Span.traceAsyncFn (file://C:\Users\Usuario\Documents\Projects\retoPescanova\frontend\node_modules\next\dist\trace\trace.js:157:20)
    at async DevServer.handleRequest (file://C:\Users\Usuario\Documents\Projects\retoPescanova\frontend\node_modules\next\dist\server\dev\next-dev-server.js:396:24)
    at async invokeRender (file://C:\Users\Usuario\Documents\Projects\retoPescanova\frontend\node_modules\next\dist\server\lib\router-server.js:240:21)
    at async handleRequest (file://C:\Users\Usuario\Documents\Projects\retoPescanova\frontend\node_modules\next\dist\server\lib\router-server.js:437:24)
    at async requestHandlerImpl (file://C:\Users\Usuario\Documents\Projects\retoPescanova\frontend\node_modules\next\dist\server\lib\router-server.js:485:13)
    at async Server.requestListener (file://C:\Users\Usuario\Documents\Projects\retoPescanova\frontend\node_modules\next\dist\server\lib\start-server.js:226:13)
[  210220ms] [LOG] [HMR] connected @ webpack-internal:///(pages-dir-browser)/./node_modules/next/dist/client/dev/hot-reloader/pages/websocket.js:45
[  210826ms] [ERROR] Failed to load resource: the server responded with a status of 404 (Not Found) @ http://localhost:3000/_next/static/webpack/119d7b6dd4a66877.webpack.hot-update.json:0
[  210827ms] [WARNING] [Fast Refresh] performing full reload because your application had an unrecoverable error @ webpack-internal:///(pages-dir-browser)/./node_modules/next/dist/client/dev/hot-reloader/pages/hot-reloader-pages.js:347
[  211122ms] [ERROR] Failed to load resource: the server responded with a status of 500 (Internal Server Error) @ http://localhost:3000/training:0
[  211761ms] [INFO] %cDownload the React DevTools for a better development experience: https://reactjs.org/link/react-devtools font-weight:bold @ webpack-internal:///(pages-dir-browser)/./node_modules/react-dom/cjs/react-dom.development.js:29889
[  211788ms] TypeError: __webpack_modules__[moduleId] is not a function
    at __webpack_require__ (file://C:\Users\Usuario\Documents\Projects\retoPescanova\frontend\.next\server\webpack-runtime.js:25:42)
    at eval (webpack-internal:///(rsc)/./node_modules/next/dist/server/app-render/encryption-utils.js:40:35)
    at <unknown> (rsc)/./node_modules/next/dist/server/app-render/encryption-utils.js (C:\Users\Usuario\Documents\Projects\retoPescanova\frontend\.next\server\vendor-chunks\next.js:1773:1)
    at __webpack_require__ (file://C:\Users\Usuario\Documents\Projects\retoPescanova\frontend\.next\server\webpack-runtime.js:25:42)
    at eval (webpack-internal:///(rsc)/./node_modules/next/dist/build/webpack/loaders/next-app-loader/index.js?name=app%2Ftraining%2Fpage&page=%2Ftraining%2Fpage&appPaths=%2Ftraining%2Fpage&pagePath=private-next-app-dir%2Ftraining%2Fpage.tsx&appDir=C%3A%5CUsers%5CUsuario%5CDocuments%5CProjects%5CretoPescanova%5Cfrontend%5Capp&pageExtensions=tsx&pageExtensions=ts&pageExtensions=jsx&pageExtensions=js&rootDir=C%3A%5CUsers%5CUsuario%5CDocuments%5CProjects%5CretoPescanova%5Cfrontend&isDev=true&tsconfigPath=tsconfig.json&basePath=&assetPrefix=&nextConfigOutput=standalone&preferredRegion=&middlewareConfig=e30%3D&isGlobalNotFoundEnabled=!:28:103)
    at <unknown> (rsc)/./node_modules/next/dist/build/webpack/loaders/next-app-loader/index.js?name=app%2Ftraining%2Fpage&page=%2Ftraining%2Fpage&appPaths=%2Ftraining%2Fpage&pagePath=private-next-app-dir%2Ftraining%2Fpage.tsx&appDir=C%3A%5CUsers%5CUsuario%5CDocuments%5CProjects%5CretoPescanova%5Cfrontend%5Capp&pageExtensions=tsx&pageExtensions=ts&pageExtensions=jsx&pageExtensions=js&rootDir=C%3A%5CUsers%5CUsuario%5CDocuments%5CProjects%5CretoPescanova%5Cfrontend&isDev=true&tsconfigPath=tsconfig.json&basePath=&assetPrefix=&nextConfigOutput=standalone&preferredRegion=&middlewareConfig=e30%3D&isGlobalNotFoundEnabled=! (C:\Users\Usuario\Documents\Projects\retoPescanova\frontend\.next\server\app\training\page.js:66:1)
    at __webpack_require__ (file://C:\Users\Usuario\Documents\Projects\retoPescanova\frontend\.next\server\webpack-runtime.js:25:42)
    at __webpack_exec__ (file://C:\Users\Usuario\Documents\Projects\retoPescanova\frontend\.next\server\app\training\page.js:433:39)
    at <unknown> (file://C:\Users\Usuario\Documents\Projects\retoPescanova\frontend\.next\server\app\training\page.js:434:268)
    at __webpack_require__.X (file://C:\Users\Usuario\Documents\Projects\retoPescanova\frontend\.next\server\webpack-runtime.js:155:21)
    at <unknown> (file://C:\Users\Usuario\Documents\Projects\retoPescanova\frontend\.next\server\app\training\page.js:434:47)
    at Object.<anonymous> (file://C:\Users\Usuario\Documents\Projects\retoPescanova\frontend\.next\server\app\training\page.js:437:3)
    at Module._compile (node:internal/modules/cjs/loader:1730:14)
    at Object..js (node:internal/modules/cjs/loader:1895:10)
    at Module.load (node:internal/modules/cjs/loader:1465:32)
    at Function._load (node:internal/modules/cjs/loader:1282:12)
    at TracingChannel.traceSync (node:diagnostics_channel:322:14)
    at wrapModuleLoad (node:internal/modules/cjs/loader:235:24)
    at Module.<anonymous> (node:internal/modules/cjs/loader:1487:12)
    at mod.require (file://C:\Users\Usuario\Documents\Projects\retoPescanova\frontend\node_modules\next\dist\server\require-hook.js:68:28)
    at require (node:internal/modules/helpers:135:16)
    at requirePage (file://C:\Users\Usuario\Documents\Projects\retoPescanova\frontend\node_modules\next\dist\server\require.js:99:80)
    at loadComponentsImpl (file://C:\Users\Usuario\Documents\Projects\retoPescanova\frontend\node_modules\next\dist\server\load-components.js:132:57)
    at async DevServer.findPageComponentsImpl (file://C:\Users\Usuario\Documents\Projects\retoPescanova\frontend\node_modules\next\dist\server\next-server.js:900:36)
    at async DevServer.findPageComponents (file://C:\Users\Usuario\Documents\Projects\retoPescanova\frontend\node_modules\next\dist\server\dev\next-dev-server.js:706:16)
    at async DevServer.renderPageComponent (file://C:\Users\Usuario\Documents\Projects\retoPescanova\frontend\node_modules\next\dist\server\base-server.js:1468:24)
    at async DevServer.renderToResponseImpl (file://C:\Users\Usuario\Documents\Projects\retoPescanova\frontend\node_modules\next\dist\server\base-server.js:1522:32)
    at async DevServer.pipeImpl (file://C:\Users\Usuario\Documents\Projects\retoPescanova\frontend\node_modules\next\dist\server\base-server.js:1026:25)
    at async NextNodeServer.handleCatchallRenderRequest (file://C:\Users\Usuario\Documents\Projects\retoPescanova\frontend\node_modules\next\dist\server\next-server.js:394:17)
    at async DevServer.handleRequestImpl (file://C:\Users\Usuario\Documents\Projects\retoPescanova\frontend\node_modules\next\dist\server\base-server.js:917:17)
    at async (file://C:\Users\Usuario\Documents\Projects\retoPescanova\frontend\node_modules\next\dist\server\dev\next-dev-server.js:400:20)
    at async Span.traceAsyncFn (file://C:\Users\Usuario\Documents\Projects\retoPescanova\frontend\node_modules\next\dist\trace\trace.js:157:20)
    at async DevServer.handleRequest (file://C:\Users\Usuario\Documents\Projects\retoPescanova\frontend\node_modules\next\dist\server\dev\next-dev-server.js:396:24)
    at async invokeRender (file://C:\Users\Usuario\Documents\Projects\retoPescanova\frontend\node_modules\next\dist\server\lib\router-server.js:240:21)
    at async handleRequest (file://C:\Users\Usuario\Documents\Projects\retoPescanova\frontend\node_modules\next\dist\server\lib\router-server.js:437:24)
    at async requestHandlerImpl (file://C:\Users\Usuario\Documents\Projects\retoPescanova\frontend\node_modules\next\dist\server\lib\router-server.js:485:13)
    at async Server.requestListener (file://C:\Users\Usuario\Documents\Projects\retoPescanova\frontend\node_modules\next\dist\server\lib\start-server.js:226:13)
[  211787ms] [LOG] [HMR] connected @ webpack-internal:///(pages-dir-browser)/./node_modules/next/dist/client/dev/hot-reloader/pages/websocket.js:45
[  213505ms] [ERROR] Failed to load resource: the server responded with a status of 404 (Not Found) @ http://localhost:3000/_next/static/webpack/119d7b6dd4a66877.webpack.hot-update.json:0
[  213506ms] [WARNING] [Fast Refresh] performing full reload because your application had an unrecoverable error @ webpack-internal:///(pages-dir-browser)/./node_modules/next/dist/client/dev/hot-reloader/pages/hot-reloader-pages.js:347
[  213838ms] [ERROR] Failed to load resource: the server responded with a status of 500 (Internal Server Error) @ http://localhost:3000/training:0
[  214255ms] [INFO] %cDownload the React DevTools for a better development experience: https://reactjs.org/link/react-devtools font-weight:bold @ webpack-internal:///(pages-dir-browser)/./node_modules/react-dom/cjs/react-dom.development.js:29889
[  214279ms] TypeError: __webpack_modules__[moduleId] is not a function
    at __webpack_require__ (file://C:\Users\Usuario\Documents\Projects\retoPescanova\frontend\.next\server\webpack-runtime.js:25:42)
    at eval (webpack-internal:///(rsc)/./node_modules/next/dist/server/app-render/encryption-utils.js:40:35)
    at <unknown> (rsc)/./node_modules/next/dist/server/app-render/encryption-utils.js (C:\Users\Usuario\Documents\Projects\retoPescanova\frontend\.next\server\vendor-chunks\next.js:1773:1)
    at __webpack_require__ (file://C:\Users\Usuario\Documents\Projects\retoPescanova\frontend\.next\server\webpack-runtime.js:25:42)
    at eval (webpack-internal:///(rsc)/./node_modules/next/dist/build/webpack/loaders/next-app-loader/index.js?name=app%2Ftraining%2Fpage&page=%2Ftraining%2Fpage&appPaths=%2Ftraining%2Fpage&pagePath=private-next-app-dir%2Ftraining%2Fpage.tsx&appDir=C%3A%5CUsers%5CUsuario%5CDocuments%5CProjects%5CretoPescanova%5Cfrontend%5Capp&pageExtensions=tsx&pageExtensions=ts&pageExtensions=jsx&pageExtensions=js&rootDir=C%3A%5CUsers%5CUsuario%5CDocuments%5CProjects%5CretoPescanova%5Cfrontend&isDev=true&tsconfigPath=tsconfig.json&basePath=&assetPrefix=&nextConfigOutput=standalone&preferredRegion=&middlewareConfig=e30%3D&isGlobalNotFoundEnabled=!:28:103)
    at <unknown> (rsc)/./node_modules/next/dist/build/webpack/loaders/next-app-loader/index.js?name=app%2Ftraining%2Fpage&page=%2Ftraining%2Fpage&appPaths=%2Ftraining%2Fpage&pagePath=private-next-app-dir%2Ftraining%2Fpage.tsx&appDir=C%3A%5CUsers%5CUsuario%5CDocuments%5CProjects%5CretoPescanova%5Cfrontend%5Capp&pageExtensions=tsx&pageExtensions=ts&pageExtensions=jsx&pageExtensions=js&rootDir=C%3A%5CUsers%5CUsuario%5CDocuments%5CProjects%5CretoPescanova%5Cfrontend&isDev=true&tsconfigPath=tsconfig.json&basePath=&assetPrefix=&nextConfigOutput=standalone&preferredRegion=&middlewareConfig=e30%3D&isGlobalNotFoundEnabled=! (C:\Users\Usuario\Documents\Projects\retoPescanova\frontend\.next\server\app\training\page.js:66:1)
    at __webpack_require__ (file://C:\Users\Usuario\Documents\Projects\retoPescanova\frontend\.next\server\webpack-runtime.js:25:42)
    at __webpack_exec__ (file://C:\Users\Usuario\Documents\Projects\retoPescanova\frontend\.next\server\app\training\page.js:433:39)
    at <unknown> (file://C:\Users\Usuario\Documents\Projects\retoPescanova\frontend\.next\server\app\training\page.js:434:268)
    at __webpack_require__.X (file://C:\Users\Usuario\Documents\Projects\retoPescanova\frontend\.next\server\webpack-runtime.js:155:21)
    at <unknown> (file://C:\Users\Usuario\Documents\Projects\retoPescanova\frontend\.next\server\app\training\page.js:434:47)
    at Object.<anonymous> (file://C:\Users\Usuario\Documents\Projects\retoPescanova\frontend\.next\server\app\training\page.js:437:3)
    at Module._compile (node:internal/modules/cjs/loader:1730:14)
    at Object..js (node:internal/modules/cjs/loader:1895:10)
    at Module.load (node:internal/modules/cjs/loader:1465:32)
    at Function._load (node:internal/modules/cjs/loader:1282:12)
    at TracingChannel.traceSync (node:diagnostics_channel:322:14)
    at wrapModuleLoad (node:internal/modules/cjs/loader:235:24)
    at Module.<anonymous> (node:internal/modules/cjs/loader:1487:12)
    at mod.require (file://C:\Users\Usuario\Documents\Projects\retoPescanova\frontend\node_modules\next\dist\server\require-hook.js:68:28)
    at require (node:internal/modules/helpers:135:16)
    at requirePage (file://C:\Users\Usuario\Documents\Projects\retoPescanova\frontend\node_modules\next\dist\server\require.js:99:80)
    at loadComponentsImpl (file://C:\Users\Usuario\Documents\Projects\retoPescanova\frontend\node_modules\next\dist\server\load-components.js:132:57)
    at async DevServer.findPageComponentsImpl (file://C:\Users\Usuario\Documents\Projects\retoPescanova\frontend\node_modules\next\dist\server\next-server.js:900:36)
    at async DevServer.findPageComponents (file://C:\Users\Usuario\Documents\Projects\retoPescanova\frontend\node_modules\next\dist\server\dev\next-dev-server.js:706:16)
    at async DevServer.renderPageComponent (file://C:\Users\Usuario\Documents\Projects\retoPescanova\frontend\node_modules\next\dist\server\base-server.js:1468:24)
    at async DevServer.renderToResponseImpl (file://C:\Users\Usuario\Documents\Projects\retoPescanova\frontend\node_modules\next\dist\server\base-server.js:1522:32)
    at async DevServer.pipeImpl (file://C:\Users\Usuario\Documents\Projects\retoPescanova\frontend\node_modules\next\dist\server\base-server.js:1026:25)
    at async NextNodeServer.handleCatchallRenderRequest (file://C:\Users\Usuario\Documents\Projects\retoPescanova\frontend\node_modules\next\dist\server\next-server.js:394:17)
    at async DevServer.handleRequestImpl (file://C:\Users\Usuario\Documents\Projects\retoPescanova\frontend\node_modules\next\dist\server\base-server.js:917:17)
    at async (file://C:\Users\Usuario\Documents\Projects\retoPescanova\frontend\node_modules\next\dist\server\dev\next-dev-server.js:400:20)
    at async Span.traceAsyncFn (file://C:\Users\Usuario\Documents\Projects\retoPescanova\frontend\node_modules\next\dist\trace\trace.js:157:20)
    at async DevServer.handleRequest (file://C:\Users\Usuario\Documents\Projects\retoPescanova\frontend\node_modules\next\dist\server\dev\next-dev-server.js:396:24)
    at async invokeRender (file://C:\Users\Usuario\Documents\Projects\retoPescanova\frontend\node_modules\next\dist\server\lib\router-server.js:240:21)
    at async handleRequest (file://C:\Users\Usuario\Documents\Projects\retoPescanova\frontend\node_modules\next\dist\server\lib\router-server.js:437:24)
    at async requestHandlerImpl (file://C:\Users\Usuario\Documents\Projects\retoPescanova\frontend\node_modules\next\dist\server\lib\router-server.js:485:13)
    at async Server.requestListener (file://C:\Users\Usuario\Documents\Projects\retoPescanova\frontend\node_modules\next\dist\server\lib\start-server.js:226:13)
[  214279ms] [LOG] [HMR] connected @ webpack-internal:///(pages-dir-browser)/./node_modules/next/dist/client/dev/hot-reloader/pages/websocket.js:45
[  215064ms] [ERROR] Failed to load resource: the server responded with a status of 404 (Not Found) @ http://localhost:3000/_next/static/webpack/119d7b6dd4a66877.webpack.hot-update.json:0
[  215065ms] [WARNING] [Fast Refresh] performing full reload because your application had an unrecoverable error @ webpack-internal:///(pages-dir-browser)/./node_modules/next/dist/client/dev/hot-reloader/pages/hot-reloader-pages.js:347
[  215361ms] [ERROR] Failed to load resource: the server responded with a status of 500 (Internal Server Error) @ http://localhost:3000/training:0
[  215974ms] [INFO] %cDownload the React DevTools for a better development experience: https://reactjs.org/link/react-devtools font-weight:bold @ webpack-internal:///(pages-dir-browser)/./node_modules/react-dom/cjs/react-dom.development.js:29889
[  215997ms] TypeError: __webpack_modules__[moduleId] is not a function
    at __webpack_require__ (file://C:\Users\Usuario\Documents\Projects\retoPescanova\frontend\.next\server\webpack-runtime.js:25:42)
    at eval (webpack-internal:///(rsc)/./node_modules/next/dist/server/app-render/encryption-utils.js:40:35)
    at <unknown> (rsc)/./node_modules/next/dist/server/app-render/encryption-utils.js (C:\Users\Usuario\Documents\Projects\retoPescanova\frontend\.next\server\vendor-chunks\next.js:1773:1)
    at __webpack_require__ (file://C:\Users\Usuario\Documents\Projects\retoPescanova\frontend\.next\server\webpack-runtime.js:25:42)
    at eval (webpack-internal:///(rsc)/./node_modules/next/dist/build/webpack/loaders/next-app-loader/index.js?name=app%2Ftraining%2Fpage&page=%2Ftraining%2Fpage&appPaths=%2Ftraining%2Fpage&pagePath=private-next-app-dir%2Ftraining%2Fpage.tsx&appDir=C%3A%5CUsers%5CUsuario%5CDocuments%5CProjects%5CretoPescanova%5Cfrontend%5Capp&pageExtensions=tsx&pageExtensions=ts&pageExtensions=jsx&pageExtensions=js&rootDir=C%3A%5CUsers%5CUsuario%5CDocuments%5CProjects%5CretoPescanova%5Cfrontend&isDev=true&tsconfigPath=tsconfig.json&basePath=&assetPrefix=&nextConfigOutput=standalone&preferredRegion=&middlewareConfig=e30%3D&isGlobalNotFoundEnabled=!:28:103)
    at <unknown> (rsc)/./node_modules/next/dist/build/webpack/loaders/next-app-loader/index.js?name=app%2Ftraining%2Fpage&page=%2Ftraining%2Fpage&appPaths=%2Ftraining%2Fpage&pagePath=private-next-app-dir%2Ftraining%2Fpage.tsx&appDir=C%3A%5CUsers%5CUsuario%5CDocuments%5CProjects%5CretoPescanova%5Cfrontend%5Capp&pageExtensions=tsx&pageExtensions=ts&pageExtensions=jsx&pageExtensions=js&rootDir=C%3A%5CUsers%5CUsuario%5CDocuments%5CProjects%5CretoPescanova%5Cfrontend&isDev=true&tsconfigPath=tsconfig.json&basePath=&assetPrefix=&nextConfigOutput=standalone&preferredRegion=&middlewareConfig=e30%3D&isGlobalNotFoundEnabled=! (C:\Users\Usuario\Documents\Projects\retoPescanova\frontend\.next\server\app\training\page.js:66:1)
    at __webpack_require__ (file://C:\Users\Usuario\Documents\Projects\retoPescanova\frontend\.next\server\webpack-runtime.js:25:42)
    at __webpack_exec__ (file://C:\Users\Usuario\Documents\Projects\retoPescanova\frontend\.next\server\app\training\page.js:433:39)
    at <unknown> (file://C:\Users\Usuario\Documents\Projects\retoPescanova\frontend\.next\server\app\training\page.js:434:268)
    at __webpack_require__.X (file://C:\Users\Usuario\Documents\Projects\retoPescanova\frontend\.next\server\webpack-runtime.js:155:21)
    at <unknown> (file://C:\Users\Usuario\Documents\Projects\retoPescanova\frontend\.next\server\app\training\page.js:434:47)
    at Object.<anonymous> (file://C:\Users\Usuario\Documents\Projects\retoPescanova\frontend\.next\server\app\training\page.js:437:3)
    at Module._compile (node:internal/modules/cjs/loader:1730:14)
    at Object..js (node:internal/modules/cjs/loader:1895:10)
    at Module.load (node:internal/modules/cjs/loader:1465:32)
    at Function._load (node:internal/modules/cjs/loader:1282:12)
    at TracingChannel.traceSync (node:diagnostics_channel:322:14)
    at wrapModuleLoad (node:internal/modules/cjs/loader:235:24)
    at Module.<anonymous> (node:internal/modules/cjs/loader:1487:12)
    at mod.require (file://C:\Users\Usuario\Documents\Projects\retoPescanova\frontend\node_modules\next\dist\server\require-hook.js:68:28)
    at require (node:internal/modules/helpers:135:16)
    at requirePage (file://C:\Users\Usuario\Documents\Projects\retoPescanova\frontend\node_modules\next\dist\server\require.js:99:80)
    at loadComponentsImpl (file://C:\Users\Usuario\Documents\Projects\retoPescanova\frontend\node_modules\next\dist\server\load-components.js:132:57)
    at async DevServer.findPageComponentsImpl (file://C:\Users\Usuario\Documents\Projects\retoPescanova\frontend\node_modules\next\dist\server\next-server.js:900:36)
    at async DevServer.findPageComponents (file://C:\Users\Usuario\Documents\Projects\retoPescanova\frontend\node_modules\next\dist\server\dev\next-dev-server.js:706:16)
    at async DevServer.renderPageComponent (file://C:\Users\Usuario\Documents\Projects\retoPescanova\frontend\node_modules\next\dist\server\base-server.js:1468:24)
    at async DevServer.renderToResponseImpl (file://C:\Users\Usuario\Documents\Projects\retoPescanova\frontend\node_modules\next\dist\server\base-server.js:1522:32)
    at async DevServer.pipeImpl (file://C:\Users\Usuario\Documents\Projects\retoPescanova\frontend\node_modules\next\dist\server\base-server.js:1026:25)
    at async NextNodeServer.handleCatchallRenderRequest (file://C:\Users\Usuario\Documents\Projects\retoPescanova\frontend\node_modules\next\dist\server\next-server.js:394:17)
    at async DevServer.handleRequestImpl (file://C:\Users\Usuario\Documents\Projects\retoPescanova\frontend\node_modules\next\dist\server\base-server.js:917:17)
    at async (file://C:\Users\Usuario\Documents\Projects\retoPescanova\frontend\node_modules\next\dist\server\dev\next-dev-server.js:400:20)
    at async Span.traceAsyncFn (file://C:\Users\Usuario\Documents\Projects\retoPescanova\frontend\node_modules\next\dist\trace\trace.js:157:20)
    at async DevServer.handleRequest (file://C:\Users\Usuario\Documents\Projects\retoPescanova\frontend\node_modules\next\dist\server\dev\next-dev-server.js:396:24)
    at async invokeRender (file://C:\Users\Usuario\Documents\Projects\retoPescanova\frontend\node_modules\next\dist\server\lib\router-server.js:240:21)
    at async handleRequest (file://C:\Users\Usuario\Documents\Projects\retoPescanova\frontend\node_modules\next\dist\server\lib\router-server.js:437:24)
    at async requestHandlerImpl (file://C:\Users\Usuario\Documents\Projects\retoPescanova\frontend\node_modules\next\dist\server\lib\router-server.js:485:13)
    at async Server.requestListener (file://C:\Users\Usuario\Documents\Projects\retoPescanova\frontend\node_modules\next\dist\server\lib\start-server.js:226:13)
[  215997ms] [LOG] [HMR] connected @ webpack-internal:///(pages-dir-browser)/./node_modules/next/dist/client/dev/hot-reloader/pages/websocket.js:45
[  217695ms] [ERROR] Failed to load resource: the server responded with a status of 404 (Not Found) @ http://localhost:3000/_next/static/webpack/119d7b6dd4a66877.webpack.hot-update.json:0
[  217695ms] [WARNING] [Fast Refresh] performing full reload because your application had an unrecoverable error @ webpack-internal:///(pages-dir-browser)/./node_modules/next/dist/client/dev/hot-reloader/pages/hot-reloader-pages.js:347
[  218031ms] [ERROR] Failed to load resource: the server responded with a status of 500 (Internal Server Error) @ http://localhost:3000/training:0
[  218436ms] [INFO] %cDownload the React DevTools for a better development experience: https://reactjs.org/link/react-devtools font-weight:bold @ webpack-internal:///(pages-dir-browser)/./node_modules/react-dom/cjs/react-dom.development.js:29889
[  218460ms] TypeError: __webpack_modules__[moduleId] is not a function
    at __webpack_require__ (file://C:\Users\Usuario\Documents\Projects\retoPescanova\frontend\.next\server\webpack-runtime.js:25:42)
    at eval (webpack-internal:///(rsc)/./node_modules/next/dist/server/app-render/encryption-utils.js:40:35)
    at <unknown> (rsc)/./node_modules/next/dist/server/app-render/encryption-utils.js (C:\Users\Usuario\Documents\Projects\retoPescanova\frontend\.next\server\vendor-chunks\next.js:1773:1)
    at __webpack_require__ (file://C:\Users\Usuario\Documents\Projects\retoPescanova\frontend\.next\server\webpack-runtime.js:25:42)
    at eval (webpack-internal:///(rsc)/./node_modules/next/dist/build/webpack/loaders/next-app-loader/index.js?name=app%2Ftraining%2Fpage&page=%2Ftraining%2Fpage&appPaths=%2Ftraining%2Fpage&pagePath=private-next-app-dir%2Ftraining%2Fpage.tsx&appDir=C%3A%5CUsers%5CUsuario%5CDocuments%5CProjects%5CretoPescanova%5Cfrontend%5Capp&pageExtensions=tsx&pageExtensions=ts&pageExtensions=jsx&pageExtensions=js&rootDir=C%3A%5CUsers%5CUsuario%5CDocuments%5CProjects%5CretoPescanova%5Cfrontend&isDev=true&tsconfigPath=tsconfig.json&basePath=&assetPrefix=&nextConfigOutput=standalone&preferredRegion=&middlewareConfig=e30%3D&isGlobalNotFoundEnabled=!:28:103)
    at <unknown> (rsc)/./node_modules/next/dist/build/webpack/loaders/next-app-loader/index.js?name=app%2Ftraining%2Fpage&page=%2Ftraining%2Fpage&appPaths=%2Ftraining%2Fpage&pagePath=private-next-app-dir%2Ftraining%2Fpage.tsx&appDir=C%3A%5CUsers%5CUsuario%5CDocuments%5CProjects%5CretoPescanova%5Cfrontend%5Capp&pageExtensions=tsx&pageExtensions=ts&pageExtensions=jsx&pageExtensions=js&rootDir=C%3A%5CUsers%5CUsuario%5CDocuments%5CProjects%5CretoPescanova%5Cfrontend&isDev=true&tsconfigPath=tsconfig.json&basePath=&assetPrefix=&nextConfigOutput=standalone&preferredRegion=&middlewareConfig=e30%3D&isGlobalNotFoundEnabled=! (C:\Users\Usuario\Documents\Projects\retoPescanova\frontend\.next\server\app\training\page.js:66:1)
    at __webpack_require__ (file://C:\Users\Usuario\Documents\Projects\retoPescanova\frontend\.next\server\webpack-runtime.js:25:42)
    at __webpack_exec__ (file://C:\Users\Usuario\Documents\Projects\retoPescanova\frontend\.next\server\app\training\page.js:433:39)
    at <unknown> (file://C:\Users\Usuario\Documents\Projects\retoPescanova\frontend\.next\server\app\training\page.js:434:268)
    at __webpack_require__.X (file://C:\Users\Usuario\Documents\Projects\retoPescanova\frontend\.next\server\webpack-runtime.js:155:21)
    at <unknown> (file://C:\Users\Usuario\Documents\Projects\retoPescanova\frontend\.next\server\app\training\page.js:434:47)
    at Object.<anonymous> (file://C:\Users\Usuario\Documents\Projects\retoPescanova\frontend\.next\server\app\training\page.js:437:3)
    at Module._compile (node:internal/modules/cjs/loader:1730:14)
    at Object..js (node:internal/modules/cjs/loader:1895:10)
    at Module.load (node:internal/modules/cjs/loader:1465:32)
    at Function._load (node:internal/modules/cjs/loader:1282:12)
    at TracingChannel.traceSync (node:diagnostics_channel:322:14)
    at wrapModuleLoad (node:internal/modules/cjs/loader:235:24)
    at Module.<anonymous> (node:internal/modules/cjs/loader:1487:12)
    at mod.require (file://C:\Users\Usuario\Documents\Projects\retoPescanova\frontend\node_modules\next\dist\server\require-hook.js:68:28)
    at require (node:internal/modules/helpers:135:16)
    at requirePage (file://C:\Users\Usuario\Documents\Projects\retoPescanova\frontend\node_modules\next\dist\server\require.js:99:80)
    at loadComponentsImpl (file://C:\Users\Usuario\Documents\Projects\retoPescanova\frontend\node_modules\next\dist\server\load-components.js:132:57)
    at async DevServer.findPageComponentsImpl (file://C:\Users\Usuario\Documents\Projects\retoPescanova\frontend\node_modules\next\dist\server\next-server.js:900:36)
    at async DevServer.findPageComponents (file://C:\Users\Usuario\Documents\Projects\retoPescanova\frontend\node_modules\next\dist\server\dev\next-dev-server.js:706:16)
    at async DevServer.renderPageComponent (file://C:\Users\Usuario\Documents\Projects\retoPescanova\frontend\node_modules\next\dist\server\base-server.js:1468:24)
    at async DevServer.renderToResponseImpl (file://C:\Users\Usuario\Documents\Projects\retoPescanova\frontend\node_modules\next\dist\server\base-server.js:1522:32)
    at async DevServer.pipeImpl (file://C:\Users\Usuario\Documents\Projects\retoPescanova\frontend\node_modules\next\dist\server\base-server.js:1026:25)
    at async NextNodeServer.handleCatchallRenderRequest (file://C:\Users\Usuario\Documents\Projects\retoPescanova\frontend\node_modules\next\dist\server\next-server.js:394:17)
    at async DevServer.handleRequestImpl (file://C:\Users\Usuario\Documents\Projects\retoPescanova\frontend\node_modules\next\dist\server\base-server.js:917:17)
    at async (file://C:\Users\Usuario\Documents\Projects\retoPescanova\frontend\node_modules\next\dist\server\dev\next-dev-server.js:400:20)
    at async Span.traceAsyncFn (file://C:\Users\Usuario\Documents\Projects\retoPescanova\frontend\node_modules\next\dist\trace\trace.js:157:20)
    at async DevServer.handleRequest (file://C:\Users\Usuario\Documents\Projects\retoPescanova\frontend\node_modules\next\dist\server\dev\next-dev-server.js:396:24)
    at async invokeRender (file://C:\Users\Usuario\Documents\Projects\retoPescanova\frontend\node_modules\next\dist\server\lib\router-server.js:240:21)
    at async handleRequest (file://C:\Users\Usuario\Documents\Projects\retoPescanova\frontend\node_modules\next\dist\server\lib\router-server.js:437:24)
    at async requestHandlerImpl (file://C:\Users\Usuario\Documents\Projects\retoPescanova\frontend\node_modules\next\dist\server\lib\router-server.js:485:13)
    at async Server.requestListener (file://C:\Users\Usuario\Documents\Projects\retoPescanova\frontend\node_modules\next\dist\server\lib\start-server.js:226:13)
[  218461ms] [LOG] [HMR] connected @ webpack-internal:///(pages-dir-browser)/./node_modules/next/dist/client/dev/hot-reloader/pages/websocket.js:45
[  219254ms] [ERROR] Failed to load resource: the server responded with a status of 404 (Not Found) @ http://localhost:3000/_next/static/webpack/119d7b6dd4a66877.webpack.hot-update.json:0
[  219255ms] [WARNING] [Fast Refresh] performing full reload because your application had an unrecoverable error @ webpack-internal:///(pages-dir-browser)/./node_modules/next/dist/client/dev/hot-reloader/pages/hot-reloader-pages.js:347
[  219561ms] [ERROR] Failed to load resource: the server responded with a status of 500 (Internal Server Error) @ http://localhost:3000/training:0
[  220165ms] [INFO] %cDownload the React DevTools for a better development experience: https://reactjs.org/link/react-devtools font-weight:bold @ webpack-internal:///(pages-dir-browser)/./node_modules/react-dom/cjs/react-dom.development.js:29889
[  220193ms] TypeError: __webpack_modules__[moduleId] is not a function
    at __webpack_require__ (file://C:\Users\Usuario\Documents\Projects\retoPescanova\frontend\.next\server\webpack-runtime.js:25:42)
    at eval (webpack-internal:///(rsc)/./node_modules/next/dist/server/app-render/encryption-utils.js:40:35)
    at <unknown> (rsc)/./node_modules/next/dist/server/app-render/encryption-utils.js (C:\Users\Usuario\Documents\Projects\retoPescanova\frontend\.next\server\vendor-chunks\next.js:1773:1)
    at __webpack_require__ (file://C:\Users\Usuario\Documents\Projects\retoPescanova\frontend\.next\server\webpack-runtime.js:25:42)
    at eval (webpack-internal:///(rsc)/./node_modules/next/dist/build/webpack/loaders/next-app-loader/index.js?name=app%2Ftraining%2Fpage&page=%2Ftraining%2Fpage&appPaths=%2Ftraining%2Fpage&pagePath=private-next-app-dir%2Ftraining%2Fpage.tsx&appDir=C%3A%5CUsers%5CUsuario%5CDocuments%5CProjects%5CretoPescanova%5Cfrontend%5Capp&pageExtensions=tsx&pageExtensions=ts&pageExtensions=jsx&pageExtensions=js&rootDir=C%3A%5CUsers%5CUsuario%5CDocuments%5CProjects%5CretoPescanova%5Cfrontend&isDev=true&tsconfigPath=tsconfig.json&basePath=&assetPrefix=&nextConfigOutput=standalone&preferredRegion=&middlewareConfig=e30%3D&isGlobalNotFoundEnabled=!:28:103)
    at <unknown> (rsc)/./node_modules/next/dist/build/webpack/loaders/next-app-loader/index.js?name=app%2Ftraining%2Fpage&page=%2Ftraining%2Fpage&appPaths=%2Ftraining%2Fpage&pagePath=private-next-app-dir%2Ftraining%2Fpage.tsx&appDir=C%3A%5CUsers%5CUsuario%5CDocuments%5CProjects%5CretoPescanova%5Cfrontend%5Capp&pageExtensions=tsx&pageExtensions=ts&pageExtensions=jsx&pageExtensions=js&rootDir=C%3A%5CUsers%5CUsuario%5CDocuments%5CProjects%5CretoPescanova%5Cfrontend&isDev=true&tsconfigPath=tsconfig.json&basePath=&assetPrefix=&nextConfigOutput=standalone&preferredRegion=&middlewareConfig=e30%3D&isGlobalNotFoundEnabled=! (C:\Users\Usuario\Documents\Projects\retoPescanova\frontend\.next\server\app\training\page.js:66:1)
    at __webpack_require__ (file://C:\Users\Usuario\Documents\Projects\retoPescanova\frontend\.next\server\webpack-runtime.js:25:42)
    at __webpack_exec__ (file://C:\Users\Usuario\Documents\Projects\retoPescanova\frontend\.next\server\app\training\page.js:433:39)
    at <unknown> (file://C:\Users\Usuario\Documents\Projects\retoPescanova\frontend\.next\server\app\training\page.js:434:268)
    at __webpack_require__.X (file://C:\Users\Usuario\Documents\Projects\retoPescanova\frontend\.next\server\webpack-runtime.js:155:21)
    at <unknown> (file://C:\Users\Usuario\Documents\Projects\retoPescanova\frontend\.next\server\app\training\page.js:434:47)
    at Object.<anonymous> (file://C:\Users\Usuario\Documents\Projects\retoPescanova\frontend\.next\server\app\training\page.js:437:3)
    at Module._compile (node:internal/modules/cjs/loader:1730:14)
    at Object..js (node:internal/modules/cjs/loader:1895:10)
    at Module.load (node:internal/modules/cjs/loader:1465:32)
    at Function._load (node:internal/modules/cjs/loader:1282:12)
    at TracingChannel.traceSync (node:diagnostics_channel:322:14)
    at wrapModuleLoad (node:internal/modules/cjs/loader:235:24)
    at Module.<anonymous> (node:internal/modules/cjs/loader:1487:12)
    at mod.require (file://C:\Users\Usuario\Documents\Projects\retoPescanova\frontend\node_modules\next\dist\server\require-hook.js:68:28)
    at require (node:internal/modules/helpers:135:16)
    at requirePage (file://C:\Users\Usuario\Documents\Projects\retoPescanova\frontend\node_modules\next\dist\server\require.js:99:80)
    at loadComponentsImpl (file://C:\Users\Usuario\Documents\Projects\retoPescanova\frontend\node_modules\next\dist\server\load-components.js:132:57)
    at async DevServer.findPageComponentsImpl (file://C:\Users\Usuario\Documents\Projects\retoPescanova\frontend\node_modules\next\dist\server\next-server.js:900:36)
    at async DevServer.findPageComponents (file://C:\Users\Usuario\Documents\Projects\retoPescanova\frontend\node_modules\next\dist\server\dev\next-dev-server.js:706:16)
    at async DevServer.renderPageComponent (file://C:\Users\Usuario\Documents\Projects\retoPescanova\frontend\node_modules\next\dist\server\base-server.js:1468:24)
    at async DevServer.renderToResponseImpl (file://C:\Users\Usuario\Documents\Projects\retoPescanova\frontend\node_modules\next\dist\server\base-server.js:1522:32)
    at async DevServer.pipeImpl (file://C:\Users\Usuario\Documents\Projects\retoPescanova\frontend\node_modules\next\dist\server\base-server.js:1026:25)
    at async NextNodeServer.handleCatchallRenderRequest (file://C:\Users\Usuario\Documents\Projects\retoPescanova\frontend\node_modules\next\dist\server\next-server.js:394:17)
    at async DevServer.handleRequestImpl (file://C:\Users\Usuario\Documents\Projects\retoPescanova\frontend\node_modules\next\dist\server\base-server.js:917:17)
    at async (file://C:\Users\Usuario\Documents\Projects\retoPescanova\frontend\node_modules\next\dist\server\dev\next-dev-server.js:400:20)
    at async Span.traceAsyncFn (file://C:\Users\Usuario\Documents\Projects\retoPescanova\frontend\node_modules\next\dist\trace\trace.js:157:20)
    at async DevServer.handleRequest (file://C:\Users\Usuario\Documents\Projects\retoPescanova\frontend\node_modules\next\dist\server\dev\next-dev-server.js:396:24)
    at async invokeRender (file://C:\Users\Usuario\Documents\Projects\retoPescanova\frontend\node_modules\next\dist\server\lib\router-server.js:240:21)
    at async handleRequest (file://C:\Users\Usuario\Documents\Projects\retoPescanova\frontend\node_modules\next\dist\server\lib\router-server.js:437:24)
    at async requestHandlerImpl (file://C:\Users\Usuario\Documents\Projects\retoPescanova\frontend\node_modules\next\dist\server\lib\router-server.js:485:13)
    at async Server.requestListener (file://C:\Users\Usuario\Documents\Projects\retoPescanova\frontend\node_modules\next\dist\server\lib\start-server.js:226:13)
[  220193ms] [LOG] [HMR] connected @ webpack-internal:///(pages-dir-browser)/./node_modules/next/dist/client/dev/hot-reloader/pages/websocket.js:45
[  221891ms] [ERROR] Failed to load resource: the server responded with a status of 404 (Not Found) @ http://localhost:3000/_next/static/webpack/119d7b6dd4a66877.webpack.hot-update.json:0
[  221891ms] [WARNING] [Fast Refresh] performing full reload because your application had an unrecoverable error @ webpack-internal:///(pages-dir-browser)/./node_modules/next/dist/client/dev/hot-reloader/pages/hot-reloader-pages.js:347
[  222186ms] [ERROR] Failed to load resource: the server responded with a status of 500 (Internal Server Error) @ http://localhost:3000/training:0
[  222647ms] [INFO] %cDownload the React DevTools for a better development experience: https://reactjs.org/link/react-devtools font-weight:bold @ webpack-internal:///(pages-dir-browser)/./node_modules/react-dom/cjs/react-dom.development.js:29889
[  222673ms] TypeError: __webpack_modules__[moduleId] is not a function
    at __webpack_require__ (file://C:\Users\Usuario\Documents\Projects\retoPescanova\frontend\.next\server\webpack-runtime.js:25:42)
    at eval (webpack-internal:///(rsc)/./node_modules/next/dist/server/app-render/encryption-utils.js:40:35)
    at <unknown> (rsc)/./node_modules/next/dist/server/app-render/encryption-utils.js (C:\Users\Usuario\Documents\Projects\retoPescanova\frontend\.next\server\vendor-chunks\next.js:1773:1)
    at __webpack_require__ (file://C:\Users\Usuario\Documents\Projects\retoPescanova\frontend\.next\server\webpack-runtime.js:25:42)
    at eval (webpack-internal:///(rsc)/./node_modules/next/dist/build/webpack/loaders/next-app-loader/index.js?name=app%2Ftraining%2Fpage&page=%2Ftraining%2Fpage&appPaths=%2Ftraining%2Fpage&pagePath=private-next-app-dir%2Ftraining%2Fpage.tsx&appDir=C%3A%5CUsers%5CUsuario%5CDocuments%5CProjects%5CretoPescanova%5Cfrontend%5Capp&pageExtensions=tsx&pageExtensions=ts&pageExtensions=jsx&pageExtensions=js&rootDir=C%3A%5CUsers%5CUsuario%5CDocuments%5CProjects%5CretoPescanova%5Cfrontend&isDev=true&tsconfigPath=tsconfig.json&basePath=&assetPrefix=&nextConfigOutput=standalone&preferredRegion=&middlewareConfig=e30%3D&isGlobalNotFoundEnabled=!:28:103)
    at <unknown> (rsc)/./node_modules/next/dist/build/webpack/loaders/next-app-loader/index.js?name=app%2Ftraining%2Fpage&page=%2Ftraining%2Fpage&appPaths=%2Ftraining%2Fpage&pagePath=private-next-app-dir%2Ftraining%2Fpage.tsx&appDir=C%3A%5CUsers%5CUsuario%5CDocuments%5CProjects%5CretoPescanova%5Cfrontend%5Capp&pageExtensions=tsx&pageExtensions=ts&pageExtensions=jsx&pageExtensions=js&rootDir=C%3A%5CUsers%5CUsuario%5CDocuments%5CProjects%5CretoPescanova%5Cfrontend&isDev=true&tsconfigPath=tsconfig.json&basePath=&assetPrefix=&nextConfigOutput=standalone&preferredRegion=&middlewareConfig=e30%3D&isGlobalNotFoundEnabled=! (C:\Users\Usuario\Documents\Projects\retoPescanova\frontend\.next\server\app\training\page.js:66:1)
    at __webpack_require__ (file://C:\Users\Usuario\Documents\Projects\retoPescanova\frontend\.next\server\webpack-runtime.js:25:42)
    at __webpack_exec__ (file://C:\Users\Usuario\Documents\Projects\retoPescanova\frontend\.next\server\app\training\page.js:433:39)
    at <unknown> (file://C:\Users\Usuario\Documents\Projects\retoPescanova\frontend\.next\server\app\training\page.js:434:268)
    at __webpack_require__.X (file://C:\Users\Usuario\Documents\Projects\retoPescanova\frontend\.next\server\webpack-runtime.js:155:21)
    at <unknown> (file://C:\Users\Usuario\Documents\Projects\retoPescanova\frontend\.next\server\app\training\page.js:434:47)
    at Object.<anonymous> (file://C:\Users\Usuario\Documents\Projects\retoPescanova\frontend\.next\server\app\training\page.js:437:3)
    at Module._compile (node:internal/modules/cjs/loader:1730:14)
    at Object..js (node:internal/modules/cjs/loader:1895:10)
    at Module.load (node:internal/modules/cjs/loader:1465:32)
    at Function._load (node:internal/modules/cjs/loader:1282:12)
    at TracingChannel.traceSync (node:diagnostics_channel:322:14)
    at wrapModuleLoad (node:internal/modules/cjs/loader:235:24)
    at Module.<anonymous> (node:internal/modules/cjs/loader:1487:12)
    at mod.require (file://C:\Users\Usuario\Documents\Projects\retoPescanova\frontend\node_modules\next\dist\server\require-hook.js:68:28)
    at require (node:internal/modules/helpers:135:16)
    at requirePage (file://C:\Users\Usuario\Documents\Projects\retoPescanova\frontend\node_modules\next\dist\server\require.js:99:80)
    at loadComponentsImpl (file://C:\Users\Usuario\Documents\Projects\retoPescanova\frontend\node_modules\next\dist\server\load-components.js:132:57)
    at async DevServer.findPageComponentsImpl (file://C:\Users\Usuario\Documents\Projects\retoPescanova\frontend\node_modules\next\dist\server\next-server.js:900:36)
    at async DevServer.findPageComponents (file://C:\Users\Usuario\Documents\Projects\retoPescanova\frontend\node_modules\next\dist\server\dev\next-dev-server.js:706:16)
    at async DevServer.renderPageComponent (file://C:\Users\Usuario\Documents\Projects\retoPescanova\frontend\node_modules\next\dist\server\base-server.js:1468:24)
    at async DevServer.renderToResponseImpl (file://C:\Users\Usuario\Documents\Projects\retoPescanova\frontend\node_modules\next\dist\server\base-server.js:1522:32)
    at async DevServer.pipeImpl (file://C:\Users\Usuario\Documents\Projects\retoPescanova\frontend\node_modules\next\dist\server\base-server.js:1026:25)
    at async NextNodeServer.handleCatchallRenderRequest (file://C:\Users\Usuario\Documents\Projects\retoPescanova\frontend\node_modules\next\dist\server\next-server.js:394:17)
    at async DevServer.handleRequestImpl (file://C:\Users\Usuario\Documents\Projects\retoPescanova\frontend\node_modules\next\dist\server\base-server.js:917:17)
    at async (file://C:\Users\Usuario\Documents\Projects\retoPescanova\frontend\node_modules\next\dist\server\dev\next-dev-server.js:400:20)
    at async Span.traceAsyncFn (file://C:\Users\Usuario\Documents\Projects\retoPescanova\frontend\node_modules\next\dist\trace\trace.js:157:20)
    at async DevServer.handleRequest (file://C:\Users\Usuario\Documents\Projects\retoPescanova\frontend\node_modules\next\dist\server\dev\next-dev-server.js:396:24)
    at async invokeRender (file://C:\Users\Usuario\Documents\Projects\retoPescanova\frontend\node_modules\next\dist\server\lib\router-server.js:240:21)
    at async handleRequest (file://C:\Users\Usuario\Documents\Projects\retoPescanova\frontend\node_modules\next\dist\server\lib\router-server.js:437:24)
    at async requestHandlerImpl (file://C:\Users\Usuario\Documents\Projects\retoPescanova\frontend\node_modules\next\dist\server\lib\router-server.js:485:13)
    at async Server.requestListener (file://C:\Users\Usuario\Documents\Projects\retoPescanova\frontend\node_modules\next\dist\server\lib\start-server.js:226:13)
[  222672ms] [LOG] [HMR] connected @ webpack-internal:///(pages-dir-browser)/./node_modules/next/dist/client/dev/hot-reloader/pages/websocket.js:45
[  223541ms] [ERROR] Failed to load resource: the server responded with a status of 404 (Not Found) @ http://localhost:3000/_next/static/webpack/119d7b6dd4a66877.webpack.hot-update.json:0
[  223541ms] [WARNING] [Fast Refresh] performing full reload because your application had an unrecoverable error @ webpack-internal:///(pages-dir-browser)/./node_modules/next/dist/client/dev/hot-reloader/pages/hot-reloader-pages.js:347
[  223857ms] [ERROR] Failed to load resource: the server responded with a status of 500 (Internal Server Error) @ http://localhost:3000/training:0
[  224575ms] [INFO] %cDownload the React DevTools for a better development experience: https://reactjs.org/link/react-devtools font-weight:bold @ webpack-internal:///(pages-dir-browser)/./node_modules/react-dom/cjs/react-dom.development.js:29889
[  224599ms] TypeError: __webpack_modules__[moduleId] is not a function
    at __webpack_require__ (file://C:\Users\Usuario\Documents\Projects\retoPescanova\frontend\.next\server\webpack-runtime.js:25:42)
    at eval (webpack-internal:///(rsc)/./node_modules/next/dist/server/app-render/encryption-utils.js:40:35)
    at <unknown> (rsc)/./node_modules/next/dist/server/app-render/encryption-utils.js (C:\Users\Usuario\Documents\Projects\retoPescanova\frontend\.next\server\vendor-chunks\next.js:1773:1)
    at __webpack_require__ (file://C:\Users\Usuario\Documents\Projects\retoPescanova\frontend\.next\server\webpack-runtime.js:25:42)
    at eval (webpack-internal:///(rsc)/./node_modules/next/dist/build/webpack/loaders/next-app-loader/index.js?name=app%2Ftraining%2Fpage&page=%2Ftraining%2Fpage&appPaths=%2Ftraining%2Fpage&pagePath=private-next-app-dir%2Ftraining%2Fpage.tsx&appDir=C%3A%5CUsers%5CUsuario%5CDocuments%5CProjects%5CretoPescanova%5Cfrontend%5Capp&pageExtensions=tsx&pageExtensions=ts&pageExtensions=jsx&pageExtensions=js&rootDir=C%3A%5CUsers%5CUsuario%5CDocuments%5CProjects%5CretoPescanova%5Cfrontend&isDev=true&tsconfigPath=tsconfig.json&basePath=&assetPrefix=&nextConfigOutput=standalone&preferredRegion=&middlewareConfig=e30%3D&isGlobalNotFoundEnabled=!:28:103)
    at <unknown> (rsc)/./node_modules/next/dist/build/webpack/loaders/next-app-loader/index.js?name=app%2Ftraining%2Fpage&page=%2Ftraining%2Fpage&appPaths=%2Ftraining%2Fpage&pagePath=private-next-app-dir%2Ftraining%2Fpage.tsx&appDir=C%3A%5CUsers%5CUsuario%5CDocuments%5CProjects%5CretoPescanova%5Cfrontend%5Capp&pageExtensions=tsx&pageExtensions=ts&pageExtensions=jsx&pageExtensions=js&rootDir=C%3A%5CUsers%5CUsuario%5CDocuments%5CProjects%5CretoPescanova%5Cfrontend&isDev=true&tsconfigPath=tsconfig.json&basePath=&assetPrefix=&nextConfigOutput=standalone&preferredRegion=&middlewareConfig=e30%3D&isGlobalNotFoundEnabled=! (C:\Users\Usuario\Documents\Projects\retoPescanova\frontend\.next\server\app\training\page.js:66:1)
    at __webpack_require__ (file://C:\Users\Usuario\Documents\Projects\retoPescanova\frontend\.next\server\webpack-runtime.js:25:42)
    at __webpack_exec__ (file://C:\Users\Usuario\Documents\Projects\retoPescanova\frontend\.next\server\app\training\page.js:433:39)
    at <unknown> (file://C:\Users\Usuario\Documents\Projects\retoPescanova\frontend\.next\server\app\training\page.js:434:268)
    at __webpack_require__.X (file://C:\Users\Usuario\Documents\Projects\retoPescanova\frontend\.next\server\webpack-runtime.js:155:21)
    at <unknown> (file://C:\Users\Usuario\Documents\Projects\retoPescanova\frontend\.next\server\app\training\page.js:434:47)
    at Object.<anonymous> (file://C:\Users\Usuario\Documents\Projects\retoPescanova\frontend\.next\server\app\training\page.js:437:3)
    at Module._compile (node:internal/modules/cjs/loader:1730:14)
    at Object..js (node:internal/modules/cjs/loader:1895:10)
    at Module.load (node:internal/modules/cjs/loader:1465:32)
    at Function._load (node:internal/modules/cjs/loader:1282:12)
    at TracingChannel.traceSync (node:diagnostics_channel:322:14)
    at wrapModuleLoad (node:internal/modules/cjs/loader:235:24)
    at Module.<anonymous> (node:internal/modules/cjs/loader:1487:12)
    at mod.require (file://C:\Users\Usuario\Documents\Projects\retoPescanova\frontend\node_modules\next\dist\server\require-hook.js:68:28)
    at require (node:internal/modules/helpers:135:16)
    at requirePage (file://C:\Users\Usuario\Documents\Projects\retoPescanova\frontend\node_modules\next\dist\server\require.js:99:80)
    at loadComponentsImpl (file://C:\Users\Usuario\Documents\Projects\retoPescanova\frontend\node_modules\next\dist\server\load-components.js:132:57)
    at async DevServer.findPageComponentsImpl (file://C:\Users\Usuario\Documents\Projects\retoPescanova\frontend\node_modules\next\dist\server\next-server.js:900:36)
    at async DevServer.findPageComponents (file://C:\Users\Usuario\Documents\Projects\retoPescanova\frontend\node_modules\next\dist\server\dev\next-dev-server.js:706:16)
    at async DevServer.renderPageComponent (file://C:\Users\Usuario\Documents\Projects\retoPescanova\frontend\node_modules\next\dist\server\base-server.js:1468:24)
    at async DevServer.renderToResponseImpl (file://C:\Users\Usuario\Documents\Projects\retoPescanova\frontend\node_modules\next\dist\server\base-server.js:1522:32)
    at async DevServer.pipeImpl (file://C:\Users\Usuario\Documents\Projects\retoPescanova\frontend\node_modules\next\dist\server\base-server.js:1026:25)
    at async NextNodeServer.handleCatchallRenderRequest (file://C:\Users\Usuario\Documents\Projects\retoPescanova\frontend\node_modules\next\dist\server\next-server.js:394:17)
    at async DevServer.handleRequestImpl (file://C:\Users\Usuario\Documents\Projects\retoPescanova\frontend\node_modules\next\dist\server\base-server.js:917:17)
    at async (file://C:\Users\Usuario\Documents\Projects\retoPescanova\frontend\node_modules\next\dist\server\dev\next-dev-server.js:400:20)
    at async Span.traceAsyncFn (file://C:\Users\Usuario\Documents\Projects\retoPescanova\frontend\node_modules\next\dist\trace\trace.js:157:20)
    at async DevServer.handleRequest (file://C:\Users\Usuario\Documents\Projects\retoPescanova\frontend\node_modules\next\dist\server\dev\next-dev-server.js:396:24)
    at async invokeRender (file://C:\Users\Usuario\Documents\Projects\retoPescanova\frontend\node_modules\next\dist\server\lib\router-server.js:240:21)
    at async handleRequest (file://C:\Users\Usuario\Documents\Projects\retoPescanova\frontend\node_modules\next\dist\server\lib\router-server.js:437:24)
    at async requestHandlerImpl (file://C:\Users\Usuario\Documents\Projects\retoPescanova\frontend\node_modules\next\dist\server\lib\router-server.js:485:13)
    at async Server.requestListener (file://C:\Users\Usuario\Documents\Projects\retoPescanova\frontend\node_modules\next\dist\server\lib\start-server.js:226:13)
[  224599ms] [LOG] [HMR] connected @ webpack-internal:///(pages-dir-browser)/./node_modules/next/dist/client/dev/hot-reloader/pages/websocket.js:45
[  227990ms] [ERROR] Failed to load resource: the server responded with a status of 404 (Not Found) @ http://localhost:3000/_next/static/webpack/119d7b6dd4a66877.webpack.hot-update.json:0
[  227991ms] [WARNING] [Fast Refresh] performing full reload because your application had an unrecoverable error @ webpack-internal:///(pages-dir-browser)/./node_modules/next/dist/client/dev/hot-reloader/pages/hot-reloader-pages.js:347
[  228312ms] [ERROR] Failed to load resource: the server responded with a status of 500 (Internal Server Error) @ http://localhost:3000/training:0
[  228936ms] [INFO] %cDownload the React DevTools for a better development experience: https://reactjs.org/link/react-devtools font-weight:bold @ webpack-internal:///(pages-dir-browser)/./node_modules/react-dom/cjs/react-dom.development.js:29889
[  228965ms] TypeError: __webpack_modules__[moduleId] is not a function
    at __webpack_require__ (file://C:\Users\Usuario\Documents\Projects\retoPescanova\frontend\.next\server\webpack-runtime.js:25:42)
    at eval (webpack-internal:///(rsc)/./node_modules/next/dist/server/app-render/encryption-utils.js:40:35)
    at <unknown> (rsc)/./node_modules/next/dist/server/app-render/encryption-utils.js (C:\Users\Usuario\Documents\Projects\retoPescanova\frontend\.next\server\vendor-chunks\next.js:1773:1)
    at __webpack_require__ (file://C:\Users\Usuario\Documents\Projects\retoPescanova\frontend\.next\server\webpack-runtime.js:25:42)
    at eval (webpack-internal:///(rsc)/./node_modules/next/dist/build/webpack/loaders/next-app-loader/index.js?name=app%2Ftraining%2Fpage&page=%2Ftraining%2Fpage&appPaths=%2Ftraining%2Fpage&pagePath=private-next-app-dir%2Ftraining%2Fpage.tsx&appDir=C%3A%5CUsers%5CUsuario%5CDocuments%5CProjects%5CretoPescanova%5Cfrontend%5Capp&pageExtensions=tsx&pageExtensions=ts&pageExtensions=jsx&pageExtensions=js&rootDir=C%3A%5CUsers%5CUsuario%5CDocuments%5CProjects%5CretoPescanova%5Cfrontend&isDev=true&tsconfigPath=tsconfig.json&basePath=&assetPrefix=&nextConfigOutput=standalone&preferredRegion=&middlewareConfig=e30%3D&isGlobalNotFoundEnabled=!:28:103)
    at <unknown> (rsc)/./node_modules/next/dist/build/webpack/loaders/next-app-loader/index.js?name=app%2Ftraining%2Fpage&page=%2Ftraining%2Fpage&appPaths=%2Ftraining%2Fpage&pagePath=private-next-app-dir%2Ftraining%2Fpage.tsx&appDir=C%3A%5CUsers%5CUsuario%5CDocuments%5CProjects%5CretoPescanova%5Cfrontend%5Capp&pageExtensions=tsx&pageExtensions=ts&pageExtensions=jsx&pageExtensions=js&rootDir=C%3A%5CUsers%5CUsuario%5CDocuments%5CProjects%5CretoPescanova%5Cfrontend&isDev=true&tsconfigPath=tsconfig.json&basePath=&assetPrefix=&nextConfigOutput=standalone&preferredRegion=&middlewareConfig=e30%3D&isGlobalNotFoundEnabled=! (C:\Users\Usuario\Documents\Projects\retoPescanova\frontend\.next\server\app\training\page.js:66:1)
    at __webpack_require__ (file://C:\Users\Usuario\Documents\Projects\retoPescanova\frontend\.next\server\webpack-runtime.js:25:42)
    at __webpack_exec__ (file://C:\Users\Usuario\Documents\Projects\retoPescanova\frontend\.next\server\app\training\page.js:433:39)
    at <unknown> (file://C:\Users\Usuario\Documents\Projects\retoPescanova\frontend\.next\server\app\training\page.js:434:268)
    at __webpack_require__.X (file://C:\Users\Usuario\Documents\Projects\retoPescanova\frontend\.next\server\webpack-runtime.js:155:21)
    at <unknown> (file://C:\Users\Usuario\Documents\Projects\retoPescanova\frontend\.next\server\app\training\page.js:434:47)
    at Object.<anonymous> (file://C:\Users\Usuario\Documents\Projects\retoPescanova\frontend\.next\server\app\training\page.js:437:3)
    at Module._compile (node:internal/modules/cjs/loader:1730:14)
    at Object..js (node:internal/modules/cjs/loader:1895:10)
    at Module.load (node:internal/modules/cjs/loader:1465:32)
    at Function._load (node:internal/modules/cjs/loader:1282:12)
    at TracingChannel.traceSync (node:diagnostics_channel:322:14)
    at wrapModuleLoad (node:internal/modules/cjs/loader:235:24)
    at Module.<anonymous> (node:internal/modules/cjs/loader:1487:12)
    at mod.require (file://C:\Users\Usuario\Documents\Projects\retoPescanova\frontend\node_modules\next\dist\server\require-hook.js:68:28)
    at require (node:internal/modules/helpers:135:16)
    at requirePage (file://C:\Users\Usuario\Documents\Projects\retoPescanova\frontend\node_modules\next\dist\server\require.js:99:80)
    at loadComponentsImpl (file://C:\Users\Usuario\Documents\Projects\retoPescanova\frontend\node_modules\next\dist\server\load-components.js:132:57)
    at async DevServer.findPageComponentsImpl (file://C:\Users\Usuario\Documents\Projects\retoPescanova\frontend\node_modules\next\dist\server\next-server.js:900:36)
    at async DevServer.findPageComponents (file://C:\Users\Usuario\Documents\Projects\retoPescanova\frontend\node_modules\next\dist\server\dev\next-dev-server.js:706:16)
    at async DevServer.renderPageComponent (file://C:\Users\Usuario\Documents\Projects\retoPescanova\frontend\node_modules\next\dist\server\base-server.js:1468:24)
    at async DevServer.renderToResponseImpl (file://C:\Users\Usuario\Documents\Projects\retoPescanova\frontend\node_modules\next\dist\server\base-server.js:1522:32)
    at async DevServer.pipeImpl (file://C:\Users\Usuario\Documents\Projects\retoPescanova\frontend\node_modules\next\dist\server\base-server.js:1026:25)
    at async NextNodeServer.handleCatchallRenderRequest (file://C:\Users\Usuario\Documents\Projects\retoPescanova\frontend\node_modules\next\dist\server\next-server.js:394:17)
    at async DevServer.handleRequestImpl (file://C:\Users\Usuario\Documents\Projects\retoPescanova\frontend\node_modules\next\dist\server\base-server.js:917:17)
    at async (file://C:\Users\Usuario\Documents\Projects\retoPescanova\frontend\node_modules\next\dist\server\dev\next-dev-server.js:400:20)
    at async Span.traceAsyncFn (file://C:\Users\Usuario\Documents\Projects\retoPescanova\frontend\node_modules\next\dist\trace\trace.js:157:20)
    at async DevServer.handleRequest (file://C:\Users\Usuario\Documents\Projects\retoPescanova\frontend\node_modules\next\dist\server\dev\next-dev-server.js:396:24)
    at async invokeRender (file://C:\Users\Usuario\Documents\Projects\retoPescanova\frontend\node_modules\next\dist\server\lib\router-server.js:240:21)
    at async handleRequest (file://C:\Users\Usuario\Documents\Projects\retoPescanova\frontend\node_modules\next\dist\server\lib\router-server.js:437:24)
    at async requestHandlerImpl (file://C:\Users\Usuario\Documents\Projects\retoPescanova\frontend\node_modules\next\dist\server\lib\router-server.js:485:13)
    at async Server.requestListener (file://C:\Users\Usuario\Documents\Projects\retoPescanova\frontend\node_modules\next\dist\server\lib\start-server.js:226:13)
[  228965ms] [LOG] [HMR] connected @ webpack-internal:///(pages-dir-browser)/./node_modules/next/dist/client/dev/hot-reloader/pages/websocket.js:45
[  232237ms] [ERROR] Failed to load resource: the server responded with a status of 404 (Not Found) @ http://localhost:3000/_next/static/webpack/119d7b6dd4a66877.webpack.hot-update.json:0
[  232237ms] [WARNING] [Fast Refresh] performing full reload because your application had an unrecoverable error @ webpack-internal:///(pages-dir-browser)/./node_modules/next/dist/client/dev/hot-reloader/pages/hot-reloader-pages.js:347
[  232582ms] [ERROR] Failed to load resource: the server responded with a status of 500 (Internal Server Error) @ http://localhost:3000/training:0
[  233200ms] [INFO] %cDownload the React DevTools for a better development experience: https://reactjs.org/link/react-devtools font-weight:bold @ webpack-internal:///(pages-dir-browser)/./node_modules/react-dom/cjs/react-dom.development.js:29889
[  233225ms] TypeError: __webpack_modules__[moduleId] is not a function
    at __webpack_require__ (file://C:\Users\Usuario\Documents\Projects\retoPescanova\frontend\.next\server\webpack-runtime.js:25:42)
    at eval (webpack-internal:///(rsc)/./node_modules/next/dist/server/app-render/encryption-utils.js:40:35)
    at <unknown> (rsc)/./node_modules/next/dist/server/app-render/encryption-utils.js (C:\Users\Usuario\Documents\Projects\retoPescanova\frontend\.next\server\vendor-chunks\next.js:1773:1)
    at __webpack_require__ (file://C:\Users\Usuario\Documents\Projects\retoPescanova\frontend\.next\server\webpack-runtime.js:25:42)
    at eval (webpack-internal:///(rsc)/./node_modules/next/dist/build/webpack/loaders/next-app-loader/index.js?name=app%2Ftraining%2Fpage&page=%2Ftraining%2Fpage&appPaths=%2Ftraining%2Fpage&pagePath=private-next-app-dir%2Ftraining%2Fpage.tsx&appDir=C%3A%5CUsers%5CUsuario%5CDocuments%5CProjects%5CretoPescanova%5Cfrontend%5Capp&pageExtensions=tsx&pageExtensions=ts&pageExtensions=jsx&pageExtensions=js&rootDir=C%3A%5CUsers%5CUsuario%5CDocuments%5CProjects%5CretoPescanova%5Cfrontend&isDev=true&tsconfigPath=tsconfig.json&basePath=&assetPrefix=&nextConfigOutput=standalone&preferredRegion=&middlewareConfig=e30%3D&isGlobalNotFoundEnabled=!:28:103)
    at <unknown> (rsc)/./node_modules/next/dist/build/webpack/loaders/next-app-loader/index.js?name=app%2Ftraining%2Fpage&page=%2Ftraining%2Fpage&appPaths=%2Ftraining%2Fpage&pagePath=private-next-app-dir%2Ftraining%2Fpage.tsx&appDir=C%3A%5CUsers%5CUsuario%5CDocuments%5CProjects%5CretoPescanova%5Cfrontend%5Capp&pageExtensions=tsx&pageExtensions=ts&pageExtensions=jsx&pageExtensions=js&rootDir=C%3A%5CUsers%5CUsuario%5CDocuments%5CProjects%5CretoPescanova%5Cfrontend&isDev=true&tsconfigPath=tsconfig.json&basePath=&assetPrefix=&nextConfigOutput=standalone&preferredRegion=&middlewareConfig=e30%3D&isGlobalNotFoundEnabled=! (C:\Users\Usuario\Documents\Projects\retoPescanova\frontend\.next\server\app\training\page.js:66:1)
    at __webpack_require__ (file://C:\Users\Usuario\Documents\Projects\retoPescanova\frontend\.next\server\webpack-runtime.js:25:42)
    at __webpack_exec__ (file://C:\Users\Usuario\Documents\Projects\retoPescanova\frontend\.next\server\app\training\page.js:433:39)
    at <unknown> (file://C:\Users\Usuario\Documents\Projects\retoPescanova\frontend\.next\server\app\training\page.js:434:268)
    at __webpack_require__.X (file://C:\Users\Usuario\Documents\Projects\retoPescanova\frontend\.next\server\webpack-runtime.js:155:21)
    at <unknown> (file://C:\Users\Usuario\Documents\Projects\retoPescanova\frontend\.next\server\app\training\page.js:434:47)
    at Object.<anonymous> (file://C:\Users\Usuario\Documents\Projects\retoPescanova\frontend\.next\server\app\training\page.js:437:3)
    at Module._compile (node:internal/modules/cjs/loader:1730:14)
    at Object..js (node:internal/modules/cjs/loader:1895:10)
    at Module.load (node:internal/modules/cjs/loader:1465:32)
    at Function._load (node:internal/modules/cjs/loader:1282:12)
    at TracingChannel.traceSync (node:diagnostics_channel:322:14)
    at wrapModuleLoad (node:internal/modules/cjs/loader:235:24)
    at Module.<anonymous> (node:internal/modules/cjs/loader:1487:12)
    at mod.require (file://C:\Users\Usuario\Documents\Projects\retoPescanova\frontend\node_modules\next\dist\server\require-hook.js:68:28)
    at require (node:internal/modules/helpers:135:16)
    at requirePage (file://C:\Users\Usuario\Documents\Projects\retoPescanova\frontend\node_modules\next\dist\server\require.js:99:80)
    at loadComponentsImpl (file://C:\Users\Usuario\Documents\Projects\retoPescanova\frontend\node_modules\next\dist\server\load-components.js:132:57)
    at async DevServer.findPageComponentsImpl (file://C:\Users\Usuario\Documents\Projects\retoPescanova\frontend\node_modules\next\dist\server\next-server.js:900:36)
    at async DevServer.findPageComponents (file://C:\Users\Usuario\Documents\Projects\retoPescanova\frontend\node_modules\next\dist\server\dev\next-dev-server.js:706:16)
    at async DevServer.renderPageComponent (file://C:\Users\Usuario\Documents\Projects\retoPescanova\frontend\node_modules\next\dist\server\base-server.js:1468:24)
    at async DevServer.renderToResponseImpl (file://C:\Users\Usuario\Documents\Projects\retoPescanova\frontend\node_modules\next\dist\server\base-server.js:1522:32)
    at async DevServer.pipeImpl (file://C:\Users\Usuario\Documents\Projects\retoPescanova\frontend\node_modules\next\dist\server\base-server.js:1026:25)
    at async NextNodeServer.handleCatchallRenderRequest (file://C:\Users\Usuario\Documents\Projects\retoPescanova\frontend\node_modules\next\dist\server\next-server.js:394:17)
    at async DevServer.handleRequestImpl (file://C:\Users\Usuario\Documents\Projects\retoPescanova\frontend\node_modules\next\dist\server\base-server.js:917:17)
    at async (file://C:\Users\Usuario\Documents\Projects\retoPescanova\frontend\node_modules\next\dist\server\dev\next-dev-server.js:400:20)
    at async Span.traceAsyncFn (file://C:\Users\Usuario\Documents\Projects\retoPescanova\frontend\node_modules\next\dist\trace\trace.js:157:20)
    at async DevServer.handleRequest (file://C:\Users\Usuario\Documents\Projects\retoPescanova\frontend\node_modules\next\dist\server\dev\next-dev-server.js:396:24)
    at async invokeRender (file://C:\Users\Usuario\Documents\Projects\retoPescanova\frontend\node_modules\next\dist\server\lib\router-server.js:240:21)
    at async handleRequest (file://C:\Users\Usuario\Documents\Projects\retoPescanova\frontend\node_modules\next\dist\server\lib\router-server.js:437:24)
    at async requestHandlerImpl (file://C:\Users\Usuario\Documents\Projects\retoPescanova\frontend\node_modules\next\dist\server\lib\router-server.js:485:13)
    at async Server.requestListener (file://C:\Users\Usuario\Documents\Projects\retoPescanova\frontend\node_modules\next\dist\server\lib\start-server.js:226:13)
[  233225ms] [LOG] [HMR] connected @ webpack-internal:///(pages-dir-browser)/./node_modules/next/dist/client/dev/hot-reloader/pages/websocket.js:45
[  237495ms] [ERROR] WebSocket connection to 'ws://localhost:3000/_next/webpack-hmr' failed: Error in connection establishment: net::ERR_CONNECTION_REFUSED @ webpack-internal:///(pages-dir-browser)/./node_modules/next/dist/client/dev/hot-reloader/pages/websocket.js:88
[  242573ms] [LOG] [HMR] connected @ webpack-internal:///(pages-dir-browser)/./node_modules/next/dist/client/dev/hot-reloader/pages/websocket.js:45
[  242675ms] [ERROR] Failed to load resource: the server responded with a status of 404 (Not Found) @ http://localhost:3000/_next/static/webpack/119d7b6dd4a66877.webpack.hot-update.json:0
[  242675ms] [WARNING] [Fast Refresh] performing full reload because your application had an unrecoverable error @ webpack-internal:///(pages-dir-browser)/./node_modules/next/dist/client/dev/hot-reloader/pages/hot-reloader-pages.js:347
[  244183ms] [ERROR] Failed to load resource: the server responded with a status of 404 (Not Found) @ http://localhost:3000/_next/static/webpack/119d7b6dd4a66877.webpack.hot-update.json:0
[  244183ms] [WARNING] [Fast Refresh] performing full reload because your application had an unrecoverable error @ webpack-internal:///(pages-dir-browser)/./node_modules/next/dist/client/dev/hot-reloader/pages/hot-reloader-pages.js:347
[  246284ms] [LOG] [Fast Refresh] rebuilding @ webpack-internal:///(pages-dir-browser)/./node_modules/next/dist/client/dev/hot-reloader/pages/hot-reloader-pages.js:206
[  261457ms] [LOG] [Fast Refresh] rebuilding @ webpack-internal:///(pages-dir-browser)/./node_modules/next/dist/client/dev/hot-reloader/pages/hot-reloader-pages.js:206
[  261533ms] [ERROR] Failed to load resource: the server responded with a status of 404 (Not Found) @ http://localhost:3000/_next/static/webpack/119d7b6dd4a66877.webpack.hot-update.json:0
[  261534ms] [WARNING] [Fast Refresh] performing full reload because your application had an unrecoverable error @ webpack-internal:///(pages-dir-browser)/./node_modules/next/dist/client/dev/hot-reloader/pages/hot-reloader-pages.js:347
[  265287ms] Invalid or unexpected token
[  267107ms] [INFO] %cDownload the React DevTools for a better development experience: https://react.dev/link/react-devtools font-weight:bold @ webpack-internal:///(app-pages-browser)/./node_modules/next/dist/compiled/react-dom/cjs/react-dom-client.development.js:25630
